CustomerID,Recency,Frequency,Monetary,FirstPurchase,ProductDiversity,Country,TenureDays,AvgOrderValue,Churn,Segment,ChurnProb,CLV,CLVTier,RiskTier,RecommendedAction
12346,326,1,77183.6,2011-01-18 10:01:00,1,United Kingdom,326,77183.6,1,3,0.77,110692.75754919928,High CLV,High Risk,PRIORITIZE: proactive retention offer
12347,2,7,4310.0,2010-12-07 14:57:00,103,Other,367,615.7142857142857,0,0,0.01,8455.58583106267,High CLV,Low Risk,REWARD: early access / loyalty perks (already staying)
12348,75,4,1797.24,2010-12-16 19:09:00,22,Other,358,449.31,0,0,0.5033333333333333,3590.6234044914722,Mid CLV,Medium Risk,MONITOR: no action needed yet
12349,19,1,1757.55,2011-11-21 09:51:00,73,Italy,19,1757.55,0,0,0.02,42181.2,High CLV,Low Risk,REWARD: early access / loyalty perks (already staying)
12350,310,1,334.4,2011-02-02 16:01:00,17,Other,310,334.4,1,1,1.0,388.3354838709677,Low CLV,High Risk,"DO NOT INVEST: low value, unlikely to be saved profitably"
12352,36,8,2506.04,2011-02-16 12:33:00,59,Other,297,313.255,0,0,0.02666666666666667,6075.248484848485,High CLV,Low Risk,REWARD: early access / loyalty perks (already staying)
12353,204,1,89.0,2011-05-19 17:47:00,4,Other,204,89.0,1,1,0.99,158.6452762923351,Low CLV,High Risk,"DO NOT INVEST: low value, unlikely to be saved profitably"
12354,232,1,1079.4,2011-04-21 13:11:00,58,Spain,232,1079.4,1,1,0.8866666666666667,1889.0199637023595,Mid CLV,High Risk,MONITOR: no action needed yet
12355,214,1,459.4,2011-05-09 13:49:00,13,Other,214,459.4,1,1,0.98,788.5943162311652,Low CLV,High Risk,"DO NOT INVEST: low value, unlikely to be saved profitably"
12356,23,3,2811.43,2011-01-18 09:50:00,53,Portugal,326,937.1433333333333,0,0,0.5733333333333334,5415.081324011983,High CLV,Medium Risk,PRIORITIZE: proactive retention offer
12357,33,1,6207.67,2011-11-06 16:07:00,131,Switzerland,33,6207.67,0,0,0.04,135440.0727272727,High CLV,Low Risk,REWARD: early access / loyalty perks (already staying)
12358,2,2,1168.06,2011-07-12 10:04:00,13,Other,151,584.03,0,0,0.2833333333333333,5569.55761589404,High CLV,Low Risk,REWARD: early access / loyalty perks (already staying)
12359,58,4,6372.58,2011-01-12 12:43:00,214,Other,332,1593.145,0,0,0.07333333333333333,13820.053012048193,High CLV,Low Risk,REWARD: early access / loyalty perks (already staying)
12360,52,3,2662.06,2011-05-23 09:43:00,105,Other,201,887.3533333333334,0,0,0.16666666666666666,9535.737313432835,High CLV,Low Risk,REWARD: early access / loyalty perks (already staying)
12361,287,1,189.9,2011-02-25 13:51:00,10,Belgium,287,189.9,1,1,1.0,238.2020905923345,Low CLV,High Risk,"DO NOT INVEST: low value, unlikely to be saved profitably"
12362,3,10,5226.23,2011-02-17 10:30:00,201,Belgium,296,522.6229999999999,0,0,0.0033333333333333335,12712.451351351348,High CLV,Low Risk,REWARD: early access / loyalty perks (already staying)
12363,110,2,552.0,2011-04-11 13:29:00,23,Other,242,276.0,1,0,0.8,1026.4462809917356,Low CLV,High Risk,"DO NOT INVEST: low value, unlikely to be saved profitably"
12364,8,4,1313.1,2011-08-19 15:24:00,70,Belgium,112,328.275,0,0,0.05,8441.357142857143,High CLV,Low Risk,REWARD: early access / loyalty perks (already staying)
12365,291,2,641.38,2011-02-21 13:51:00,22,Other,291,320.69,1,1,0.7866666666666666,1008.6353311200422,Low CLV,High Risk,"DO NOT INVEST: low value, unlikely to be saved profitably"
12367,4,1,168.9,2011-12-05 16:48:00,11,Other,4,168.9,0,0,0.13333333333333333,4053.6000000000004,Mid CLV,Low Risk,MONITOR: no action needed yet
12370,51,4,3545.69,2010-12-14 12:58:00,143,Other,360,886.4225,0,0,0.14666666666666667,7091.380000000001,High CLV,Low Risk,REWARD: early access / loyalty perks (already staying)
12371,45,2,1887.96,2011-10-11 10:43:00,63,Switzerland,60,943.98,0,0,0.023333333333333334,22655.52,High CLV,Low Risk,REWARD: early access / loyalty perks (already staying)
12372,72,3,1298.04,2011-02-16 12:46:00,34,Other,297,432.68,0,0,0.22666666666666666,3146.7636363636357,Mid CLV,Low Risk,MONITOR: no action needed yet
12373,311,1,364.6,2011-02-01 13:10:00,14,Other,311,364.6,1,1,0.9966666666666667,423.4565378700707,Low CLV,High Risk,"DO NOT INVEST: low value, unlikely to be saved profitably"
12374,25,1,742.9300000000001,2011-11-14 15:37:00,33,Other,25,742.9300000000001,0,0,0.0033333333333333335,17830.32,High CLV,Low Risk,REWARD: early access / loyalty perks (already staying)
12375,11,2,457.5,2011-09-02 14:23:00,14,Other,98,228.75,0,0,0.42,3361.224489795918,Mid CLV,Medium Risk,MONITOR: no action needed yet
12377,315,2,1628.12,2010-12-20 09:37:00,72,Switzerland,355,814.06,1,1,0.8633333333333333,1912.4145956822015,Mid CLV,High Risk,MONITOR: no action needed yet
12378,130,1,4008.62,2011-08-02 10:34:00,219,Switzerland,130,4008.62,1,0,0.7766666666666666,14292.86761307362,High CLV,High Risk,PRIORITIZE: proactive retention offer
12379,82,2,852.24,2011-06-22 16:32:00,39,Belgium,170,426.12,0,0,0.15666666666666668,3609.487058823529,Mid CLV,Low Risk,MONITOR: no action needed yet
12380,22,4,2724.81,2011-06-07 09:49:00,77,Belgium,186,681.2025,0,0,0.08333333333333333,10547.651612903224,High CLV,Low Risk,REWARD: early access / loyalty perks (already staying)
12381,5,5,1845.31,2011-08-12 09:57:00,70,Other,120,369.062,0,0,0.10333333333333333,11071.86,High CLV,Low Risk,REWARD: early access / loyalty perks (already staying)
12383,185,5,1850.56,2010-12-22 14:28:00,84,Belgium,352,370.11199999999997,1,1,0.6066666666666667,3119.7002997002996,Mid CLV,High Risk,MONITOR: no action needed yet
12384,29,2,585.27,2011-08-10 11:23:00,26,Switzerland,122,292.635,0,0,0.20666666666666667,3454.052459016393,Mid CLV,Low Risk,MONITOR: no action needed yet
12386,338,2,401.9,2010-12-08 09:53:00,10,Other,367,200.95,1,1,0.9033333333333333,436.4217702122525,Low CLV,High Risk,"DO NOT INVEST: low value, unlikely to be saved profitably"
12388,16,6,2780.66,2011-01-17 11:12:00,57,Other,327,463.4433333333333,0,0,0.08333333333333333,6122.554128440366,High CLV,Low Risk,REWARD: early access / loyalty perks (already staying)
12390,80,1,549.84,2011-09-21 09:33:00,32,Belgium,80,549.84,0,0,0.023333333333333334,4948.56,High CLV,Low Risk,REWARD: early access / loyalty perks (already staying)
12391,22,1,460.89,2011-11-18 12:07:00,92,Other,22,460.89,0,0,0.02666666666666667,11061.36,High CLV,Low Risk,REWARD: early access / loyalty perks (already staying)
12393,72,4,1582.6000000000001,2011-01-11 09:47:00,47,Other,333,395.65000000000003,0,0,0.16,3421.8378378378384,Mid CLV,Low Risk,MONITOR: no action needed yet
12394,64,2,1272.48,2011-05-06 14:01:00,26,Belgium,217,636.24,0,0,0.23,4222.053456221198,Mid CLV,Low Risk,MONITOR: no action needed yet
12395,19,12,3018.63,2010-12-03 16:35:00,91,Belgium,371,251.5525,0,0,0.01,5858.2576819407,High CLV,Low Risk,REWARD: early access / loyalty perks (already staying)
12397,36,2,2409.9,2011-07-27 14:21:00,110,Belgium,135,1204.95,0,0,0.09,12852.8,High CLV,Low Risk,REWARD: early access / loyalty perks (already staying)
12398,46,1,1635.6599999999999,2011-10-25 10:27:00,85,Switzerland,46,1635.6599999999999,0,0,0.023333333333333334,25601.634782608693,High CLV,Low Risk,REWARD: early access / loyalty perks (already staying)
12399,119,4,1108.65,2011-03-23 09:42:00,47,Belgium,262,277.1625,1,0,0.7066666666666667,2155.663978107447,Mid CLV,High Risk,MONITOR: no action needed yet
12401,303,1,84.3,2011-02-09 13:50:00,5,Belgium,303,84.3,1,1,0.9933333333333333,100.83061997474915,Low CLV,High Risk,"DO NOT INVEST: low value, unlikely to be saved profitably"
12402,323,1,225.6,2011-01-20 13:49:00,11,Belgium,323,225.6,1,1,0.9933333333333333,253.1302595216822,Low CLV,High Risk,"DO NOT INVEST: low value, unlikely to be saved profitably"
12403,50,1,427.7,2011-10-21 10:51:00,5,Other,50,427.7,0,0,0.04,6158.88,High CLV,Low Risk,REWARD: early access / loyalty perks (already staying)
12405,149,1,1710.39,2011-07-14 08:52:00,54,Other,149,1710.39,1,1,0.9166666666666666,4508.16644295302,Mid CLV,High Risk,MONITOR: no action needed yet
12406,22,2,3415.3,2011-06-09 10:23:00,92,Other,184,1707.65,0,0,0.1,13364.217391304348,High CLV,Low Risk,REWARD: early access / loyalty perks (already staying)
12407,50,5,1708.1200000000001,2011-03-20 13:21:00,57,Belgium,264,341.624,0,0,0.05333333333333334,4658.50909090909,Mid CLV,Low Risk,MONITOR: no action needed yet
12408,33,5,2888.55,2011-03-24 14:46:00,81,Belgium,260,577.71,0,0,0.05,7999.061538461539,High CLV,Low Risk,REWARD: early access / loyalty perks (already staying)
12409,79,3,11072.67,2011-06-10 12:19:00,91,Switzerland,183,3690.89,0,0,0.07,43564.603278688526,High CLV,Low Risk,REWARD: early access / loyalty perks (already staying)
12410,309,2,693.3299999999999,2011-02-04 10:38:00,26,Switzerland,309,346.66499999999996,1,1,0.8466666666666667,954.0509135387202,Low CLV,High Risk,"DO NOT INVEST: low value, unlikely to be saved profitably"
12412,75,3,1226.88,2011-06-23 13:51:00,43,Other,169,408.96000000000004,0,0,0.20333333333333334,5226.944378698225,High CLV,Low Risk,REWARD: early access / loyalty perks (already staying)
12413,67,3,758.1,2011-01-06 16:12:00,29,France,337,252.70000000000002,0,0,0.5066666666666667,1598.367952522255,Mid CLV,Medium Risk,MONITOR: no action needed yet
12414,217,3,562.41,2011-02-02 14:51:00,16,Other,310,187.47,1,1,0.4666666666666667,1306.242580645161,Low CLV,Medium Risk,MONITOR: no action needed yet
12415,24,21,124914.53,2011-01-06 11:12:00,444,Other,338,5948.310952380953,0,2,0.03,266090.1230769231,High CLV,Low Risk,REWARD: early access / loyalty perks (already staying)
12417,3,9,3649.1,2010-12-17 11:51:00,158,Belgium,358,405.4555555555555,0,0,0.023333333333333334,7338.972067039105,High CLV,Low Risk,REWARD: early access / loyalty perks (already staying)
12418,113,1,668.58,2011-08-19 11:08:00,34,Switzerland,113,668.58,1,0,0.93,2290.311161861262,Mid CLV,High Risk,MONITOR: no action needed yet
12420,64,1,600.39,2011-10-07 08:55:00,29,Other,64,600.39,0,0,0.06666666666666667,6754.387500000001,High CLV,Low Risk,REWARD: early access / loyalty perks (already staying)
12421,16,4,807.04,2011-01-24 15:09:00,32,Spain,319,201.76,0,0,0.16333333333333333,1821.532288401254,Mid CLV,Low Risk,MONITOR: no action needed yet
12422,96,3,803.5600000000001,2011-01-19 09:13:00,39,Other,325,267.85333333333335,1,0,0.7733333333333333,1150.987798408488,Low CLV,High Risk,"DO NOT INVEST: low value, unlikely to be saved profitably"
12423,1,8,1859.31,2010-12-21 10:54:00,97,Belgium,354,232.41375,0,0,0.13666666666666666,3781.647457627118,Mid CLV,Low Risk,MONITOR: no action needed yet
12424,163,2,1760.96,2011-06-30 12:06:00,30,Other,163,880.48,1,1,0.8466666666666667,4593.586783247187,Mid CLV,High Risk,MONITOR: no action needed yet
12425,78,1,777.2,2011-09-22 17:31:00,36,Portugal,78,777.2,0,0,0.0033333333333333335,7174.153846153846,High CLV,Low Risk,REWARD: early access / loyalty perks (already staying)
12426,195,1,582.73,2011-05-29 12:26:00,30,Germany,195,582.73,1,1,0.94,1144.47790507365,Low CLV,High Risk,"DO NOT INVEST: low value, unlikely to be saved profitably"
12427,22,3,825.8,2010-12-03 10:44:00,26,Germany,372,275.26666666666665,0,0,0.3566666666666667,1598.3225806451612,Mid CLV,Medium Risk,MONITOR: no action needed yet
12428,26,9,7956.46,2011-03-01 09:33:00,258,Other,284,884.0511111111111,0,0,0.006666666666666667,20171.30704225352,High CLV,Low Risk,REWARD: early access / loyalty perks (already staying)
12429,9,4,3750.4,2010-12-09 12:05:00,82,Other,366,937.6,0,0,0.10333333333333333,7377.8360655737715,High CLV,Low Risk,REWARD: early access / loyalty perks (already staying)
12430,43,1,256.4,2011-10-27 15:09:00,11,Other,43,256.4,0,0,0.016666666666666666,4293.20930232558,Mid CLV,Low Risk,MONITOR: no action needed yet
12431,36,15,6487.45,2010-12-01 10:03:00,163,Other,374,432.49666666666667,0,3,0.013333333333333334,12489.208556149733,High CLV,Low Risk,REWARD: early access / loyalty perks (already staying)
12432,43,5,5059.32,2011-06-20 13:27:00,107,Other,172,1011.8639999999999,0,0,0.02,21178.548837209302,High CLV,Low Risk,REWARD: early access / loyalty perks (already staying)
12433,1,7,13375.87,2010-12-01 13:24:00,219,Other,373,1910.8385714285716,0,0,0.03333333333333333,25819.373726541555,High CLV,Low Risk,REWARD: early access / loyalty perks (already staying)
12434,85,2,806.14,2011-03-24 13:05:00,46,Other,260,403.07,0,0,0.21,2232.3876923076923,Mid CLV,Low Risk,MONITOR: no action needed yet
12435,80,2,7829.89,2011-03-17 07:40:00,31,Other,268,3914.945,0,0,0.56,18781.719083155647,High CLV,Medium Risk,PRIORITIZE: proactive retention offer
12436,100,1,509.01,2011-09-01 12:09:00,16,Other,100,509.01,1,0,0.93,1970.3612903225808,Mid CLV,High Risk,MONITOR: no action needed yet
12437,2,18,4951.41,2011-01-12 14:13:00,118,France,331,275.0783333333333,0,3,0.0033333333333333335,10770.438670694864,High CLV,Low Risk,REWARD: early access / loyalty perks (already staying)
12438,14,2,2906.85,2011-07-22 13:29:00,84,Other,140,1453.425,0,0,0.13666666666666666,14949.514285714284,High CLV,Low Risk,REWARD: early access / loyalty perks (already staying)
12441,367,1,173.55,2010-12-08 10:45:00,11,France,367,173.55,1,1,0.9966666666666667,170.80914583580147,Low CLV,High Risk,"DO NOT INVEST: low value, unlikely to be saved profitably"
12442,3,1,172.06,2011-12-06 14:22:00,12,Spain,3,172.06,0,0,0.02666666666666667,4129.4400000000005,Mid CLV,Low Risk,MONITOR: no action needed yet
12444,21,5,5005.46,2011-06-21 14:00:00,138,Other,171,1001.092,0,0,0.043333333333333335,21075.621052631577,High CLV,Low Risk,REWARD: early access / loyalty perks (already staying)
12445,22,1,133.4,2011-11-17 18:43:00,4,Spain,22,133.4,0,0,0.043333333333333335,3201.6000000000004,Mid CLV,Low Risk,MONITOR: no action needed yet
12446,58,1,1002.3100000000001,2011-10-13 12:50:00,57,Other,58,1002.3100000000001,0,0,0.03666666666666667,12442.468965517242,High CLV,Low Risk,REWARD: early access / loyalty perks (already staying)
12447,243,1,476.49,2011-04-10 13:25:00,26,Belgium,243,476.49,1,1,0.98,720.3174603174604,Low CLV,High Risk,"DO NOT INVEST: low value, unlikely to be saved profitably"
12448,44,1,449.45,2011-10-26 13:46:00,22,Spain,44,449.45,0,0,0.01,7354.636363636364,High CLV,Low Risk,REWARD: early access / loyalty perks (already staying)
12449,22,4,4067.29,2011-06-05 15:37:00,118,Belgium,187,1016.8225,0,0,0.03,15660.154010695187,High CLV,Low Risk,REWARD: early access / loyalty perks (already staying)
12450,156,2,197.88,2011-06-19 14:36:00,7,Spain,173,98.94,1,1,0.8633333333333333,476.9576182292946,Low CLV,High Risk,"DO NOT INVEST: low value, unlikely to be saved profitably"
12451,11,5,9035.52,2011-01-19 09:05:00,265,Switzerland,325,1807.104,0,0,0.023333333333333334,20017.152000000002,High CLV,Low Risk,REWARD: early access / loyalty perks (already staying)
12452,17,2,430.57,2011-11-23 08:05:00,21,Switzerland,17,215.285,0,0,0.016666666666666666,10333.68,High CLV,Low Risk,REWARD: early access / loyalty perks (already staying)
12453,134,1,707.09,2011-07-28 14:08:00,43,Other,134,707.09,1,0,0.8866666666666667,2142.4565144203793,Mid CLV,High Risk,MONITOR: no action needed yet
12454,56,1,3528.34,2011-10-14 17:13:00,15,Spain,56,3528.34,0,0,0.023333333333333334,45364.37142857143,High CLV,Low Risk,REWARD: early access / loyalty perks (already staying)
12455,73,6,2466.86,2011-02-16 09:56:00,85,Spain,297,411.1433333333334,0,0,0.29,5980.266666666666,High CLV,Low Risk,REWARD: early access / loyalty perks (already staying)
12456,44,3,3181.04,2011-03-30 09:12:00,105,Switzerland,255,1060.3466666666666,0,0,0.07666666666666666,8981.76,High CLV,Low Risk,REWARD: early access / loyalty perks (already staying)
12457,66,7,2363.23,2011-04-14 18:57:00,53,Switzerland,239,337.6042857142857,0,0,0.04666666666666667,7119.353974895397,High CLV,Low Risk,REWARD: early access / loyalty perks (already staying)
12458,71,2,947.4,2011-02-28 10:55:00,35,Switzerland,285,473.7,0,0,0.2866666666666667,2393.4315789473685,Mid CLV,Low Risk,MONITOR: no action needed yet
12461,94,2,826.88,2011-07-08 10:23:00,35,Switzerland,155,413.44,1,0,0.73,2630.815731330093,Mid CLV,High Risk,MONITOR: no action needed yet
12462,19,2,1189.59,2011-02-09 14:44:00,51,Spain,303,594.795,0,0,0.2866666666666667,2826.748514851485,Mid CLV,Low Risk,MONITOR: no action needed yet
12463,53,4,1344.78,2011-04-12 12:47:00,65,Belgium,242,336.195,0,0,0.10333333333333333,4000.9983471074383,Mid CLV,Low Risk,MONITOR: no action needed yet
12464,10,8,1212.05,2011-02-03 13:30:00,6,Belgium,309,151.50625,0,0,0.21333333333333335,2824.194174757281,Mid CLV,Low Risk,MONITOR: no action needed yet
12465,17,2,742.1899999999999,2011-06-23 13:37:00,46,Belgium,169,371.09499999999997,0,0,0.12666666666666668,3161.9928994082834,Mid CLV,Low Risk,MONITOR: no action needed yet
12468,188,2,729.5400000000001,2011-01-27 13:29:00,36,Germany,316,364.77000000000004,1,1,0.82,1013.5628280333437,Low CLV,High Risk,"DO NOT INVEST: low value, unlikely to be saved profitably"
12471,2,30,19824.05,2010-12-10 09:35:00,150,Germany,365,660.8016666666666,0,3,0.0,39104.975342465754,High CLV,,MONITOR: no action needed yet
12472,32,7,6572.11,2010-12-05 14:19:00,219,Germany,369,938.8728571428571,0,0,0.0,12823.629268292681,High CLV,,MONITOR: no action needed yet
12473,29,5,3938.5499999999997,2011-06-01 10:15:00,140,Germany,192,787.7099999999999,0,0,0.0033333333333333335,14769.562499999996,High CLV,Low Risk,REWARD: early access / loyalty perks (already staying)
12474,17,18,7375.79,2011-01-14 10:06:00,253,Germany,330,409.7661111111111,0,3,0.0,16092.632727272727,High CLV,,MONITOR: no action needed yet
12475,54,1,723.38,2011-10-17 10:10:00,36,Germany,54,723.38,0,0,0.006666666666666667,9645.066666666666,High CLV,Low Risk,REWARD: early access / loyalty perks (already staying)
12476,16,11,6816.42,2010-12-13 14:39:00,177,Germany,361,619.6745454545454,0,0,0.0,13595.075900277008,High CLV,,MONITOR: no action needed yet
12477,23,6,13219.74,2011-02-11 12:45:00,191,Germany,302,2203.29,0,0,0.01,31517.260927152318,High CLV,Low Risk,REWARD: early access / loyalty perks (already staying)
12478,4,1,680.99,2011-12-06 09:56:00,36,Other,4,680.99,0,0,0.006666666666666667,16343.76,High CLV,Low Risk,REWARD: early access / loyalty perks (already staying)
12479,11,1,527.2,2011-11-28 13:26:00,31,Germany,11,527.2,0,0,0.016666666666666666,12652.800000000001,High CLV,Low Risk,REWARD: early access / loyalty perks (already staying)
12480,28,4,3281.63,2011-01-07 15:27:00,129,Germany,336,820.4075,0,0,0.09,7032.064285714287,High CLV,Low Risk,REWARD: early access / loyalty perks (already staying)
12481,23,10,5596.32,2010-12-09 10:13:00,150,Germany,366,559.632,0,0,0.0033333333333333335,11009.154098360657,High CLV,Low Risk,REWARD: early access / loyalty perks (already staying)
12483,17,8,2484.98,2011-01-04 14:20:00,46,Other,339,310.6225,0,0,0.03,5277.833628318584,High CLV,Low Risk,REWARD: early access / loyalty perks (already staying)
12484,33,6,4541.72,2011-01-07 14:04:00,256,Spain,336,756.9533333333334,0,0,0.15333333333333332,9732.257142857145,High CLV,Low Risk,REWARD: early access / loyalty perks (already staying)
12488,10,3,1298.66,2011-09-25 10:34:00,46,France,76,432.8866666666667,0,0,0.01,12303.094736842108,High CLV,Low Risk,REWARD: early access / loyalty perks (already staying)
12489,336,1,334.93,2011-01-07 13:13:00,15,France,336,334.93,1,1,0.9633333333333334,372.5123578843302,Low CLV,High Risk,"DO NOT INVEST: low value, unlikely to be saved profitably"
12490,5,10,5417.93,2011-01-14 09:13:00,131,France,330,541.793,0,0,0.0033333333333333335,11820.938181818183,High CLV,Low Risk,REWARD: early access / loyalty perks (already staying)
12491,39,1,460.40000000000003,2011-11-01 12:18:00,25,France,39,460.40000000000003,0,0,0.03,8499.692307692309,High CLV,Low Risk,REWARD: early access / loyalty perks (already staying)
12492,63,2,263.21000000000004,2011-08-26 14:51:00,19,Germany,105,131.60500000000002,0,0,0.08,1804.8685714285716,Mid CLV,Low Risk,MONITOR: no action needed yet
12493,166,2,433.74,2011-05-26 14:53:00,20,France,197,216.87,1,1,0.8333333333333334,951.1455837563452,Low CLV,High Risk,"DO NOT INVEST: low value, unlikely to be saved profitably"
12494,16,7,1246.1000000000001,2010-12-09 11:31:00,63,France,366,178.01428571428573,0,0,0.006666666666666667,2451.3442622950824,Mid CLV,Low Risk,MONITOR: no action needed yet
12497,82,1,1043.1,2011-09-19 12:29:00,14,Germany,82,1043.1,0,0,0.013333333333333334,9158.926829268292,High CLV,Low Risk,REWARD: early access / loyalty perks (already staying)
12498,21,3,403.70000000000005,2011-10-13 09:30:00,21,Germany,58,134.5666666666667,0,0,0.03333333333333333,5011.448275862069,High CLV,Low Risk,REWARD: early access / loyalty perks (already staying)
12500,23,11,4257.82,2011-01-10 09:48:00,34,Germany,334,387.07454545454544,0,0,0.056666666666666664,9178.534131736527,High CLV,Low Risk,REWARD: early access / loyalty perks (already staying)
12501,337,1,2169.39,2011-01-07 12:28:00,149,Germany,337,2169.39,1,1,0.8766666666666667,2643.4782412474187,Mid CLV,High Risk,MONITOR: no action needed yet
12502,96,5,3723.87,2011-02-03 10:41:00,102,Spain,310,744.774,1,0,0.6733333333333333,6422.516129032258,High CLV,High Risk,PRIORITIZE: proactive retention offer
12504,18,2,482.04999999999995,2011-11-09 14:56:00,6,Germany,30,241.02499999999998,0,0,0.02,11569.199999999999,High CLV,Low Risk,REWARD: early access / loyalty perks (already staying)
12506,233,1,73.5,2011-04-21 08:54:00,23,France,233,73.5,1,1,0.9766666666666667,116.27532262080885,Low CLV,High Risk,"DO NOT INVEST: low value, unlikely to be saved profitably"
12507,134,3,1304.81,2011-02-14 09:24:00,19,Spain,299,434.93666666666667,1,0,0.8433333333333334,1862.8561608523798,Mid CLV,High Risk,MONITOR: no action needed yet
12508,26,2,398.27,2011-11-10 16:27:00,57,France,29,199.135,0,0,0.023333333333333334,9558.48,High CLV,Low Risk,REWARD: early access / loyalty perks (already staying)
12509,284,1,176.5,2011-02-28 14:45:00,7,France,284,176.5,1,1,1.0,223.73239436619718,Low CLV,High Risk,"DO NOT INVEST: low value, unlikely to be saved profitably"
12510,143,2,982.5699999999999,2011-01-18 14:04:00,29,Spain,325,491.28499999999997,1,0,0.7633333333333333,1425.8321800470271,Low CLV,High Risk,"DO NOT INVEST: low value, unlikely to be saved profitably"
12512,66,2,138.03,2011-10-04 14:53:00,31,Other,66,69.015,0,0,0.05333333333333334,1505.781818181818,Low CLV,Low Risk,MONITOR: no action needed yet
12513,113,1,612.29,2011-08-19 10:51:00,35,France,113,612.29,1,0,0.9166666666666666,2127.990989541432,Mid CLV,High Risk,MONITOR: no action needed yet
12514,267,1,1017.68,2011-03-17 16:38:00,51,Italy,267,1017.68,1,1,0.74,1854.260552687519,Mid CLV,High Risk,MONITOR: no action needed yet
12515,353,1,383.7,2010-12-21 15:43:00,16,Italy,353,383.7,1,1,0.9066666666666666,431.5905682386269,Low CLV,High Risk,"DO NOT INVEST: low value, unlikely to be saved profitably"
12516,78,2,1312.06,2011-06-12 11:37:00,20,Germany,181,656.03,0,0,0.20666666666666667,5219.244198895028,High CLV,Low Risk,REWARD: early access / loyalty perks (already staying)
12517,28,5,2502.84,2011-06-02 15:13:00,232,Germany,190,500.56800000000004,0,0,0.03333333333333333,9484.446315789475,High CLV,Low Risk,REWARD: early access / loyalty perks (already staying)
12518,1,5,2056.89,2011-08-21 13:18:00,84,Germany,110,411.378,0,0,0.023333333333333334,13463.28,High CLV,Low Risk,REWARD: early access / loyalty perks (already staying)
12519,64,1,340.84,2011-10-07 09:26:00,17,Germany,64,340.84,0,0,0.006666666666666667,3834.45,Mid CLV,Low Risk,MONITOR: no action needed yet
12520,79,5,2634.26,2011-03-11 11:35:00,121,Germany,274,526.8520000000001,0,0,0.07,6922.143065693432,High CLV,Low Risk,REWARD: early access / loyalty perks (already staying)
12521,143,1,599.68,2011-07-20 10:51:00,38,Germany,143,599.68,1,1,0.96,1572.5874125874125,Mid CLV,High Risk,MONITOR: no action needed yet
12522,39,2,192.72,2011-10-19 14:41:00,11,Germany,51,96.36,0,0,0.016666666666666666,2720.752941176471,Mid CLV,Low Risk,MONITOR: no action needed yet
12523,19,11,1789.77,2011-01-12 09:43:00,84,France,332,162.70636363636365,0,0,0.016666666666666666,3881.428915662651,Mid CLV,Low Risk,MONITOR: no action needed yet
12524,9,8,4485.72,2011-01-10 10:35:00,113,Germany,334,560.715,0,0,0.01,9669.815568862277,High CLV,Low Risk,REWARD: early access / loyalty perks (already staying)
12526,1,3,1316.66,2011-09-06 14:19:00,64,Germany,94,438.8866666666667,0,0,0.04666666666666667,10085.055319148938,High CLV,Low Risk,REWARD: early access / loyalty perks (already staying)
12527,82,3,348.71000000000004,2011-01-18 12:05:00,18,Germany,326,116.23666666666668,0,0,0.46,770.1570552147241,Low CLV,Medium Risk,MONITOR: no action needed yet
12528,9,6,1933.48,2011-01-31 09:05:00,50,Germany,313,322.24666666666667,0,0,0.07,4447.621725239616,Mid CLV,Low Risk,MONITOR: no action needed yet
12530,60,4,1662.28,2011-01-07 10:04:00,51,Germany,337,415.57,0,0,0.09333333333333334,3551.4587537091993,Mid CLV,Low Risk,MONITOR: no action needed yet
12531,15,1,125.22,2011-11-25 11:12:00,17,Germany,15,125.22,0,0,0.04,3005.2799999999997,Mid CLV,Low Risk,MONITOR: no action needed yet
12532,30,1,349.83000000000004,2011-11-09 13:47:00,16,France,30,349.83000000000004,0,0,0.023333333333333334,8395.920000000002,High CLV,Low Risk,REWARD: early access / loyalty perks (already staying)
12534,131,1,1089.18,2011-08-01 10:26:00,63,Germany,131,1089.18,1,0,0.8866666666666667,3375.751592722264,Mid CLV,High Risk,MONITOR: no action needed yet
12535,92,2,716.35,2011-06-06 12:47:00,28,France,187,358.175,1,0,0.83,1661.5295406223827,Mid CLV,High Risk,MONITOR: no action needed yet
12536,43,3,12601.830000000002,2011-10-11 14:52:00,260,France,59,4200.610000000001,0,0,0.016666666666666666,153785.04406779664,High CLV,Low Risk,REWARD: early access / loyalty perks (already staying)
12538,29,1,363.95,2011-11-10 17:16:00,21,Spain,29,363.95,0,0,0.0,8734.8,High CLV,,MONITOR: no action needed yet
12539,22,4,5568.35,2011-01-10 09:11:00,157,Spain,334,1392.0875,0,0,0.07333333333333333,12003.628742514971,High CLV,Low Risk,REWARD: early access / loyalty perks (already staying)
12540,20,17,13400.24,2010-12-13 09:39:00,277,Spain,362,788.2494117647059,0,3,0.013333333333333334,26652.411049723756,High CLV,Low Risk,REWARD: early access / loyalty perks (already staying)
12541,30,3,981.18,2011-03-04 09:32:00,46,Spain,281,327.06,0,0,0.17666666666666667,2514.0555160142344,Mid CLV,Low Risk,MONITOR: no action needed yet
12544,36,1,372.7,2011-11-03 16:15:00,19,Spain,36,372.7,0,0,0.0033333333333333335,7454.0,High CLV,Low Risk,REWARD: early access / loyalty perks (already staying)
12545,75,2,1000.39,2011-03-25 12:04:00,42,Spain,260,500.195,0,0,0.26,2770.3107692307694,Mid CLV,Low Risk,MONITOR: no action needed yet
12546,47,2,1161.5,2011-09-23 09:44:00,59,Spain,78,580.75,0,0,0.01,10721.538461538461,High CLV,Low Risk,REWARD: early access / loyalty perks (already staying)
12547,198,2,207.79999999999998,2011-03-04 12:46:00,7,Spain,281,103.89999999999999,1,1,0.8766666666666667,303.67373448980413,Low CLV,High Risk,"DO NOT INVEST: low value, unlikely to be saved profitably"
12548,166,1,95.19999999999999,2011-06-26 15:35:00,5,Spain,166,95.19999999999999,1,1,0.97,212.84312507763008,Low CLV,High Risk,"DO NOT INVEST: low value, unlikely to be saved profitably"
12550,79,1,964.83,2011-09-21 14:35:00,57,Spain,79,964.83,0,0,0.04666666666666667,8793.387341772152,High CLV,Low Risk,REWARD: early access / loyalty perks (already staying)
12551,358,1,168.0,2010-12-17 11:23:00,10,Spain,358,168.0,1,1,0.9566666666666667,176.59081618749147,Low CLV,High Risk,"DO NOT INVEST: low value, unlikely to be saved profitably"
12552,39,2,437.82,2011-10-31 12:11:00,20,Italy,40,218.91,0,0,0.0,7880.76,High CLV,,MONITOR: no action needed yet
12553,8,10,3692.28,2011-01-14 10:42:00,95,France,330,369.228,0,0,0.05333333333333334,8055.8836363636365,High CLV,Low Risk,REWARD: early access / loyalty perks (already staying)
12556,50,2,603.71,2011-07-11 13:35:00,100,Spain,151,301.855,0,0,0.43666666666666665,2878.6172185430464,Mid CLV,Medium Risk,MONITOR: no action needed yet
12557,16,5,11990.960000000001,2010-12-03 12:20:00,15,Spain,372,2398.192,0,0,0.07333333333333333,23208.30967741936,High CLV,Low Risk,REWARD: early access / loyalty perks (already staying)
12558,8,1,269.96,2011-12-02 10:41:00,11,Other,8,269.96,0,0,0.023333333333333334,6479.039999999999,High CLV,Low Risk,REWARD: early access / loyalty perks (already staying)
12559,311,2,561.71,2011-01-24 10:12:00,21,Germany,320,280.855,1,1,0.8333333333333334,758.3085,Low CLV,High Risk,"DO NOT INVEST: low value, unlikely to be saved profitably"
12560,5,3,2134.01,2011-07-19 15:55:00,91,Germany,143,711.3366666666667,0,0,0.13,10744.665734265734,High CLV,Low Risk,REWARD: early access / loyalty perks (already staying)
12561,303,1,238.85,2011-02-10 11:39:00,16,Germany,303,238.85,1,1,0.9266666666666666,306.2397606667142,Low CLV,High Risk,"DO NOT INVEST: low value, unlikely to be saved profitably"
12562,8,7,3781.7400000000002,2011-05-25 12:44:00,99,France,199,540.2485714285715,0,0,0.016666666666666666,13682.677386934674,High CLV,Low Risk,REWARD: early access / loyalty perks (already staying)
12564,261,1,456.9,2011-03-23 14:55:00,21,France,261,456.9,1,1,0.98,643.0682617874736,Low CLV,High Risk,"DO NOT INVEST: low value, unlikely to be saved profitably"
12565,289,1,145.92,2011-02-24 10:34:00,9,Other,289,145.92,1,1,1.0,181.7688581314879,Low CLV,High Risk,"DO NOT INVEST: low value, unlikely to be saved profitably"
12566,86,1,351.65,2011-09-14 14:30:00,19,Germany,86,351.65,0,0,0.016666666666666666,2944.0465116279065,Mid CLV,Low Risk,MONITOR: no action needed yet
12567,23,10,9401.28,2010-12-05 11:57:00,323,France,370,940.128,0,0,0.006666666666666667,18294.382702702704,High CLV,Low Risk,REWARD: early access / loyalty perks (already staying)
12569,2,32,4124.69,2011-04-01 13:47:00,92,Germany,252,128.8965625,0,3,0.01,11784.82857142857,High CLV,Low Risk,REWARD: early access / loyalty perks (already staying)
12571,40,2,519.61,2011-08-10 12:35:00,31,France,122,259.805,0,0,0.3433333333333333,3066.5508196721316,Mid CLV,Medium Risk,MONITOR: no action needed yet
12572,9,2,1020.42,2011-10-19 08:20:00,53,Germany,52,510.21,0,0,0.01,14128.892307692307,High CLV,Low Risk,REWARD: early access / loyalty perks (already staying)
12573,227,1,160.54000000000002,2011-04-26 15:52:00,26,France,227,160.54000000000002,1,1,0.9733333333333334,261.5762476615775,Low CLV,High Risk,"DO NOT INVEST: low value, unlikely to be saved profitably"
12574,316,1,218.45,2011-01-28 09:20:00,11,France,316,218.45,1,1,0.9933333333333333,250.53733752442443,Low CLV,High Risk,"DO NOT INVEST: low value, unlikely to be saved profitably"
12576,36,5,1315.83,2011-02-08 11:31:00,72,Other,305,263.166,0,0,0.03,3106.2216393442623,Mid CLV,Low Risk,MONITOR: no action needed yet
12577,35,3,657.8,2010-12-15 16:21:00,137,France,359,219.26666666666665,0,0,0.26666666666666666,1319.2646239554317,Low CLV,Low Risk,MONITOR: no action needed yet
12578,21,2,2794.51,2011-01-13 15:34:00,111,Italy,330,1397.255,0,0,0.15,6097.112727272728,High CLV,Low Risk,REWARD: early access / loyalty perks (already staying)
12579,78,1,440.42,2011-09-22 17:15:00,29,France,78,440.42,0,0,0.016666666666666666,4065.415384615385,Mid CLV,Low Risk,MONITOR: no action needed yet
12580,247,1,415.7,2011-04-07 10:24:00,24,Germany,247,415.7,1,1,0.98,618.2434107246138,Low CLV,High Risk,"DO NOT INVEST: low value, unlikely to be saved profitably"
12581,40,1,197.71,2011-10-31 08:56:00,15,Germany,40,197.71,0,0,0.03,3558.7800000000007,Mid CLV,Low Risk,MONITOR: no action needed yet
12582,239,2,511.36,2011-02-24 11:42:00,21,Other,289,255.68,1,1,0.94,677.6470588235295,Low CLV,High Risk,"DO NOT INVEST: low value, unlikely to be saved profitably"
12583,3,15,7281.38,2010-12-01 08:45:00,115,France,374,485.42533333333336,0,3,0.0033333333333333335,14017.629946524066,High CLV,Low Risk,REWARD: early access / loyalty perks (already staying)
12584,4,9,2338.15,2011-03-04 15:15:00,44,Italy,280,259.7944444444445,0,0,0.016666666666666666,6012.385714285714,High CLV,Low Risk,REWARD: early access / loyalty perks (already staying)
12585,234,2,2040.1,2010-12-23 12:58:00,77,Germany,351,1020.05,1,1,0.8166666666666667,2562.1350078492937,Mid CLV,High Risk,MONITOR: no action needed yet
12586,17,1,196.94000000000003,2011-11-22 16:24:00,11,Italy,17,196.94000000000003,0,0,0.01,4726.56,Mid CLV,Low Risk,MONITOR: no action needed yet
12587,8,1,144.0,2011-12-02 12:47:00,4,Other,8,144.0,0,0,0.17666666666666667,3456.0,Mid CLV,Low Risk,MONITOR: no action needed yet
12588,39,1,214.89999999999998,2011-10-31 15:01:00,10,Other,39,214.89999999999998,0,0,0.043333333333333335,3967.3846153846152,Mid CLV,Low Risk,MONITOR: no action needed yet
12589,29,2,646.68,2011-07-18 12:05:00,29,France,145,323.34,0,0,0.3333333333333333,3211.100689655172,Mid CLV,Medium Risk,MONITOR: no action needed yet
12590,211,2,9864.26,2011-05-12 14:46:00,68,Germany,211,4932.13,1,1,0.76,22144.759291593913,High CLV,High Risk,PRIORITIZE: proactive retention offer
12591,317,1,452.84999999999997,2011-01-26 14:35:00,26,Italy,317,452.84999999999997,1,1,0.9466666666666667,543.2509885813303,Low CLV,High Risk,"DO NOT INVEST: low value, unlikely to be saved profitably"
12592,92,2,437.6,2011-05-10 13:44:00,11,Germany,213,218.8,1,0,0.8166666666666667,905.6395515952862,Low CLV,High Risk,"DO NOT INVEST: low value, unlikely to be saved profitably"
12593,109,3,418.09999999999997,2011-05-05 09:29:00,14,France,219,139.36666666666665,1,0,0.7733333333333333,888.7340576287199,Low CLV,High Risk,"DO NOT INVEST: low value, unlikely to be saved profitably"
12594,38,10,3338.2200000000003,2011-01-21 09:52:00,50,Italy,323,333.822,0,0,0.04,7441.233436532508,High CLV,Low Risk,REWARD: early access / loyalty perks (already staying)
12596,51,2,618.27,2011-04-11 13:22:00,25,Spain,242,309.135,0,0,0.27,1839.480991735537,Mid CLV,Low Risk,MONITOR: no action needed yet
12597,19,4,3811.22,2011-03-16 14:00:00,184,Spain,268,952.805,0,0,0.08333333333333333,10239.098507462686,High CLV,Low Risk,REWARD: early access / loyalty perks (already staying)
12598,10,8,3023.08,2011-02-28 11:58:00,84,France,285,377.885,0,0,0.043333333333333335,7637.254736842105,High CLV,Low Risk,REWARD: early access / loyalty perks (already staying)
12599,29,7,1032.58,2011-02-08 13:28:00,32,France,304,147.51142857142855,0,0,0.02666666666666667,2445.584210526316,Mid CLV,Low Risk,MONITOR: no action needed yet
12600,29,10,2599.04,2010-12-03 12:57:00,32,Germany,371,259.904,0,0,0.023333333333333334,5043.959029649595,High CLV,Low Risk,REWARD: early access / loyalty perks (already staying)
12601,190,5,577.0600000000001,2011-01-11 10:38:00,21,Germany,333,115.412,1,1,0.73,854.5871899296559,Low CLV,High Risk,"DO NOT INVEST: low value, unlikely to be saved profitably"
12602,59,1,153.12,2011-10-12 11:22:00,12,France,59,153.12,0,0,0.11,1868.5830508474578,Mid CLV,Low Risk,MONITOR: no action needed yet
12603,22,1,739.1999999999999,2011-11-18 10:42:00,2,Germany,22,739.1999999999999,0,0,0.016666666666666666,17740.8,High CLV,Low Risk,REWARD: early access / loyalty perks (already staying)
12604,79,2,254.18,2011-03-23 12:06:00,15,France,262,127.09,0,0,0.28,698.5099236641222,Low CLV,Low Risk,MONITOR: no action needed yet
12607,60,1,1579.51,2011-10-10 16:06:00,101,Other,60,1579.51,0,0,0.043333333333333335,18954.12,High CLV,Low Risk,REWARD: early access / loyalty perks (already staying)
12609,78,3,1126.85,2011-01-25 15:13:00,57,Germany,318,375.6166666666666,0,0,0.15666666666666668,2551.3584905660373,Mid CLV,Low Risk,MONITOR: no action needed yet
12610,23,5,2099.54,2011-08-05 13:52:00,85,Italy,126,419.908,0,0,0.023333333333333334,11997.371428571427,High CLV,Low Risk,REWARD: early access / loyalty perks (already staying)
12611,52,1,1193.32,2011-10-18 13:12:00,65,Italy,52,1193.32,0,0,0.013333333333333334,16522.89230769231,High CLV,Low Risk,REWARD: early access / loyalty perks (already staying)
12612,74,1,704.0400000000001,2011-09-26 15:35:00,19,Germany,74,704.0400000000001,0,0,0.01,6850.118918918919,High CLV,Low Risk,REWARD: early access / loyalty perks (already staying)
12613,57,5,3344.38,2011-03-22 15:42:00,124,Germany,262,668.876,0,0,0.05,9190.662595419848,High CLV,Low Risk,REWARD: early access / loyalty perks (already staying)
12614,278,1,315.6,2011-03-07 10:22:00,20,Germany,278,315.6,1,1,0.98,417.031272940831,Low CLV,High Risk,"DO NOT INVEST: low value, unlikely to be saved profitably"
12615,2,4,2291.19,2011-06-24 13:35:00,82,France,168,572.7975,0,0,0.043333333333333335,9819.385714285716,High CLV,Low Risk,REWARD: early access / loyalty perks (already staying)
12616,95,2,713.3,2011-02-15 14:17:00,25,France,297,356.65,1,0,0.88,982.5068870523414,Low CLV,High Risk,"DO NOT INVEST: low value, unlikely to be saved profitably"
12617,29,1,355.53,2011-11-10 14:39:00,39,France,29,355.53,0,0,0.023333333333333334,8532.72,High CLV,Low Risk,REWARD: early access / loyalty perks (already staying)
12618,22,1,177.31,2011-11-18 11:10:00,11,Italy,22,177.31,0,0,0.016666666666666666,4255.4400000000005,Mid CLV,Low Risk,MONITOR: no action needed yet
12619,16,9,3641.24,2011-03-31 13:10:00,50,Germany,253,404.5822222222222,0,0,0.01,10362.42213438735,High CLV,Low Risk,REWARD: early access / loyalty perks (already staying)
12620,15,3,1339.41,2011-05-19 12:10:00,89,France,205,446.47,0,0,0.05,4704.269268292684,Mid CLV,Low Risk,MONITOR: no action needed yet
12621,2,20,13689.67,2010-12-09 10:16:00,261,Germany,366,684.4835,0,3,0.0,26930.49836065574,High CLV,,MONITOR: no action needed yet
12622,232,1,180.1,2011-04-21 16:39:00,11,Germany,232,180.1,1,1,0.99,282.2884012539185,Low CLV,High Risk,"DO NOT INVEST: low value, unlikely to be saved profitably"
12623,276,1,305.1,2011-03-08 13:50:00,18,Germany,276,305.1,1,1,0.9633333333333334,413.10365578456447,Low CLV,High Risk,"DO NOT INVEST: low value, unlikely to be saved profitably"
12624,106,2,641.13,2011-06-15 12:34:00,36,France,178,320.565,1,0,0.8333333333333334,1556.0008988764043,Mid CLV,High Risk,MONITOR: no action needed yet
12625,212,2,2683.82,2011-01-24 13:27:00,73,Germany,319,1341.91,1,1,0.88,3441.775434596752,Mid CLV,High Risk,MONITOR: no action needed yet
12626,23,9,6620.48,2011-01-17 11:01:00,232,Germany,327,735.6088888888888,0,0,0.0033333333333333335,14577.203669724771,High CLV,Low Risk,REWARD: early access / loyalty perks (already staying)
12627,11,7,4478.53,2011-07-22 13:59:00,162,Germany,140,639.79,0,0,0.013333333333333334,23032.439999999995,High CLV,Low Risk,REWARD: early access / loyalty perks (already staying)
12628,4,3,786.46,2011-10-06 09:28:00,34,Germany,65,262.15333333333336,0,0,0.006666666666666667,8711.556923076923,High CLV,Low Risk,REWARD: early access / loyalty perks (already staying)
12630,10,2,1270.88,2011-10-27 10:41:00,60,Other,44,635.44,0,0,0.013333333333333334,20796.218181818185,High CLV,Low Risk,REWARD: early access / loyalty perks (already staying)
12631,57,1,640.5,2011-10-13 13:53:00,31,Other,57,640.5,0,0,0.05333333333333334,8090.526315789473,High CLV,Low Risk,REWARD: early access / loyalty perks (already staying)
12633,59,4,2163.98,2011-02-25 08:44:00,73,Germany,288,540.995,0,0,0.08666666666666667,5409.950000000001,High CLV,Low Risk,REWARD: early access / loyalty perks (already staying)
12635,90,2,1689.18,2011-07-08 08:43:00,96,Germany,155,844.59,0,0,0.16333333333333333,7846.513548387096,High CLV,Low Risk,REWARD: early access / loyalty perks (already staying)
12637,67,8,6021.9,2011-01-20 10:47:00,205,France,324,752.7375,0,0,0.016666666666666666,13381.999999999998,High CLV,Low Risk,REWARD: early access / loyalty perks (already staying)
12638,33,1,671.69,2011-11-06 13:11:00,39,Other,33,671.69,0,0,0.006666666666666667,14655.054545454546,High CLV,Low Risk,REWARD: early access / loyalty perks (already staying)
12639,239,1,486.1,2011-04-15 12:48:00,22,Other,239,486.1,1,1,0.99,739.5968048687714,Low CLV,High Risk,"DO NOT INVEST: low value, unlikely to be saved profitably"
12640,24,3,1174.58,2011-09-19 12:01:00,47,France,82,391.52666666666664,0,0,0.01,10313.385365853657,High CLV,Low Risk,REWARD: early access / loyalty perks (already staying)
12641,115,1,185.9,2011-08-16 13:26:00,10,Other,115,185.9,1,0,0.98,593.8243123336291,Low CLV,High Risk,"DO NOT INVEST: low value, unlikely to be saved profitably"
12642,25,3,1013.26,2011-08-24 09:23:00,39,Germany,108,337.75333333333333,0,0,0.056666666666666664,6755.066666666667,High CLV,Low Risk,REWARD: early access / loyalty perks (already staying)
12643,128,6,3344.64,2011-01-11 11:48:00,11,France,333,557.4399999999999,1,0,0.7066666666666667,5116.736359000511,High CLV,High Risk,PRIORITIZE: proactive retention offer
12644,130,1,477.91,2011-08-02 10:33:00,31,Germany,130,477.91,1,0,0.95,1393.0979757085022,Low CLV,High Risk,"DO NOT INVEST: low value, unlikely to be saved profitably"
12645,34,4,1775.18,2011-01-27 13:08:00,58,Germany,316,443.795,0,0,0.07,4044.713924050633,Mid CLV,Low Risk,MONITOR: no action needed yet
12646,5,2,1346.97,2011-10-21 12:52:00,43,Other,49,673.485,0,0,0.016666666666666666,19792.21224489796,High CLV,Low Risk,REWARD: early access / loyalty perks (already staying)
12647,22,12,3722.82,2010-12-05 14:02:00,78,Germany,369,310.235,0,0,0.013333333333333334,7264.039024390244,High CLV,Low Risk,REWARD: early access / loyalty perks (already staying)
12648,155,1,318.05,2011-07-08 11:55:00,21,Germany,155,318.05,1,1,0.9733333333333334,758.935041979673,Low CLV,High Risk,"DO NOT INVEST: low value, unlikely to be saved profitably"
12649,107,3,623.51,2011-05-11 14:37:00,28,Germany,212,207.83666666666667,1,0,0.31,2117.581132075472,Mid CLV,Medium Risk,MONITOR: no action needed yet
12650,3,1,314.44,2011-12-06 16:34:00,20,France,3,314.44,0,0,0.016666666666666666,7546.5599999999995,High CLV,Low Risk,REWARD: early access / loyalty perks (already staying)
12651,335,1,114.0,2011-01-09 12:46:00,9,France,335,114.0,1,1,1.0,122.50746268656717,Low CLV,High Risk,"DO NOT INVEST: low value, unlikely to be saved profitably"
12652,331,1,919.98,2011-01-12 15:00:00,48,France,331,919.98,1,1,0.91,1099.541183891637,Low CLV,High Risk,"DO NOT INVEST: low value, unlikely to be saved profitably"
12653,149,2,2209.85,2011-02-16 10:53:00,37,Other,297,1104.925,1,1,0.6733333333333333,3978.1278127812784,Mid CLV,High Risk,MONITOR: no action needed yet
12654,11,5,601.98,2011-02-17 13:16:00,31,Germany,295,120.396,0,0,0.13333333333333333,1469.2393220338981,Low CLV,Low Risk,MONITOR: no action needed yet
12656,17,5,4051.17,2011-04-20 09:20:00,89,France,234,810.234,0,0,0.03333333333333333,12465.138461538463,High CLV,Low Risk,REWARD: early access / loyalty perks (already staying)
12657,11,4,1643.18,2011-09-22 11:40:00,35,France,79,410.795,0,0,0.0,14975.817721518986,High CLV,,MONITOR: no action needed yet
12658,19,1,686.05,2011-11-21 10:22:00,36,Germany,19,686.05,0,0,0.006666666666666667,16465.199999999997,High CLV,Low Risk,REWARD: early access / loyalty perks (already staying)
12659,30,1,91.68,2011-11-10 11:53:00,5,France,30,91.68,0,0,0.17,2200.32,Mid CLV,Low Risk,MONITOR: no action needed yet
12660,11,1,245.1,2011-11-28 13:26:00,13,France,11,245.1,0,0,0.023333333333333334,5882.4,High CLV,Low Risk,REWARD: early access / loyalty perks (already staying)
12662,1,11,3849.78,2010-12-01 13:04:00,129,Germany,373,349.98,0,0,0.0,7431.2107238605895,High CLV,,MONITOR: no action needed yet
12664,8,9,4881.88,2011-01-21 11:42:00,10,Other,323,542.4311111111111,0,0,0.07,10882.209287925696,High CLV,Low Risk,REWARD: early access / loyalty perks (already staying)
12665,325,1,63.0,2011-01-19 08:34:00,3,Germany,325,63.0,1,1,0.98,71.2087912087912,Low CLV,High Risk,"DO NOT INVEST: low value, unlikely to be saved profitably"
12667,58,1,620.13,2011-10-12 17:00:00,33,Other,58,620.13,0,0,0.023333333333333334,7698.165517241379,High CLV,Low Risk,REWARD: early access / loyalty perks (already staying)
12668,12,4,3807.15,2010-12-19 12:46:00,115,Germany,356,951.7875,0,0,0.07333333333333333,7699.853932584269,High CLV,Low Risk,REWARD: early access / loyalty perks (already staying)
12669,151,3,2744.0299999999997,2011-03-28 10:15:00,98,France,257,914.6766666666666,1,1,0.6133333333333333,6267.028421586871,High CLV,High Risk,PRIORITIZE: proactive retention offer
12670,10,5,2996.05,2011-04-21 10:16:00,58,France,233,599.21,0,0,0.08666666666666667,9258.18025751073,High CLV,Low Risk,REWARD: early access / loyalty perks (already staying)
12672,330,1,225.89999999999998,2011-01-14 09:20:00,10,France,330,225.89999999999998,1,1,0.9866666666666667,249.76658476658474,Low CLV,High Risk,"DO NOT INVEST: low value, unlikely to be saved profitably"
12673,5,2,610.52,2011-01-17 11:46:00,42,Germany,327,305.26,0,0,0.19,1344.264220183486,Low CLV,Low Risk,MONITOR: no action needed yet
12674,39,4,1970.6,2011-05-16 09:10:00,52,France,208,492.65,0,0,0.013333333333333334,6821.3076923076915,High CLV,Low Risk,REWARD: early access / loyalty perks (already staying)
12676,25,6,1331.39,2011-02-01 15:41:00,33,Other,311,221.89833333333334,0,0,0.16333333333333333,3082.31768488746,Mid CLV,Low Risk,MONITOR: no action needed yet
12678,42,12,17628.46,2010-12-21 11:00:00,105,France,354,1469.0383333333332,0,3,0.05333333333333334,35854.49491525423,High CLV,Low Risk,REWARD: early access / loyalty perks (already staying)
12679,59,4,1113.02,2011-03-01 12:26:00,43,France,284,278.255,0,0,0.11666666666666667,2821.7408450704224,Mid CLV,Low Risk,MONITOR: no action needed yet
12680,1,4,862.81,2011-08-18 15:44:00,33,France,113,215.7025,0,0,0.03666666666666667,5497.550442477876,High CLV,Low Risk,REWARD: early access / loyalty perks (already staying)
12681,15,22,13787.54,2010-12-07 10:08:00,267,France,368,626.7063636363637,0,3,0.0,26975.621739130438,High CLV,,MONITOR: no action needed yet
12682,4,31,12288.22,2010-12-03 13:59:00,209,France,371,396.3941935483871,0,3,0.0,23847.758490566037,High CLV,,MONITOR: no action needed yet
12683,4,15,8476.57,2010-12-09 10:37:00,177,France,366,565.1046666666666,0,3,0.0,16675.21967213115,High CLV,,MONITOR: no action needed yet
12684,8,7,2283.63,2011-05-10 12:55:00,61,France,213,326.23285714285714,0,0,0.023333333333333334,7719.312676056338,High CLV,Low Risk,REWARD: early access / loyalty perks (already staying)
12685,28,6,2863.08,2011-09-07 10:28:00,117,France,94,477.18,0,0,0.02,21929.974468085107,High CLV,Low Risk,REWARD: early access / loyalty perks (already staying)
12686,372,1,89.14,2010-12-03 09:51:00,7,France,372,89.14,1,1,1.0,86.26451612903226,Low CLV,High Risk,"DO NOT INVEST: low value, unlikely to be saved profitably"
12688,114,1,4873.8099999999995,2011-08-18 08:49:00,171,Other,114,4873.8099999999995,1,0,0.81,19001.208576998048,High CLV,High Risk,PRIORITIZE: proactive retention offer
12689,26,2,1247.61,2011-08-04 10:04:00,57,France,128,623.805,0,0,0.07,7017.80625,High CLV,Low Risk,REWARD: early access / loyalty perks (already staying)
12690,206,1,389.01,2011-05-18 09:09:00,16,France,206,389.01,1,1,0.97,700.8487638874989,Low CLV,High Risk,"DO NOT INVEST: low value, unlikely to be saved profitably"
12691,28,6,1035.8,2010-12-17 14:46:00,21,France,357,172.63333333333333,0,0,0.10333333333333333,2089.0084033613443,Mid CLV,Low Risk,MONITOR: no action needed yet
12693,127,4,855.91,2011-01-24 12:58:00,35,Germany,319,213.9775,1,0,0.23333333333333334,1931.8344827586207,Mid CLV,Low Risk,MONITOR: no action needed yet
12694,70,2,869.67,2011-06-09 17:48:00,32,France,183,434.835,0,0,0.5166666666666667,3311.2765732416706,Mid CLV,Medium Risk,MONITOR: no action needed yet
12695,7,4,582.1,2011-05-13 13:15:00,23,France,210,145.525,0,0,0.43666666666666665,1995.7714285714287,Mid CLV,Medium Risk,MONITOR: no action needed yet
12697,29,3,957.59,2011-06-23 15:44:00,37,Other,169,319.19666666666666,0,0,0.32,4079.6733727810647,Mid CLV,Medium Risk,MONITOR: no action needed yet
12700,8,4,4939.99,2011-05-08 16:10:00,193,France,215,1234.9975,0,0,0.016666666666666666,16543.222325581395,High CLV,Low Risk,REWARD: early access / loyalty perks (already staying)
12701,80,2,797.71,2011-04-11 13:02:00,50,Germany,242,398.855,0,0,0.4033333333333333,2373.3520661157027,Mid CLV,Medium Risk,MONITOR: no action needed yet
12702,20,1,219.0,2011-11-20 10:36:00,12,Germany,20,219.0,0,0,0.02,5256.0,High CLV,Low Risk,REWARD: early access / loyalty perks (already staying)
12703,71,1,283.55,2011-09-29 17:52:00,21,Germany,71,283.55,0,0,0.056666666666666664,2875.43661971831,Mid CLV,Low Risk,MONITOR: no action needed yet
12704,7,8,2340.84,2011-06-23 10:20:00,64,Other,170,292.605,0,0,0.013333333333333334,9914.145882352943,High CLV,Low Risk,REWARD: early access / loyalty perks (already staying)
12705,15,9,6868.29,2010-12-17 15:58:00,228,Germany,357,763.1433333333333,0,0,0.013333333333333334,13852.01344537815,High CLV,Low Risk,REWARD: early access / loyalty perks (already staying)
12707,292,1,603.42,2011-02-21 08:38:00,33,France,292,603.42,1,1,0.9833333333333333,756.5516600882285,Low CLV,High Risk,"DO NOT INVEST: low value, unlikely to be saved profitably"
12708,30,10,2712.91,2010-12-06 10:43:00,86,Germany,369,271.291,0,0,0.0,5293.482926829268,High CLV,,MONITOR: no action needed yet
12709,15,15,9736.52,2010-12-08 09:49:00,93,Germany,367,649.1013333333334,0,3,0.0,19101.619618528614,High CLV,,MONITOR: no action needed yet
12710,97,3,1149.02,2011-05-22 14:05:00,75,Germany,201,383.00666666666666,1,0,0.6533333333333333,3149.917758148036,Mid CLV,High Risk,MONITOR: no action needed yet
12712,29,13,4396.13,2010-12-03 14:30:00,58,Germany,371,338.1638461538462,0,0,0.0033333333333333335,8531.573045822102,High CLV,Low Risk,REWARD: early access / loyalty perks (already staying)
12713,1,1,848.55,2011-12-09 12:16:00,38,Germany,1,848.55,0,0,0.02,20365.199999999997,High CLV,Low Risk,REWARD: early access / loyalty perks (already staying)
12714,9,5,4708.86,2011-02-18 10:53:00,216,France,295,941.7719999999999,0,0,0.02,11492.810847457626,High CLV,Low Risk,REWARD: early access / loyalty perks (already staying)
12715,106,1,353.86,2011-08-25 15:22:00,20,Other,106,353.86,1,0,0.97,1238.957401283797,Low CLV,High Risk,"DO NOT INVEST: low value, unlikely to be saved profitably"
12716,4,2,1053.49,2011-07-29 13:28:00,60,France,133,526.745,0,0,0.09666666666666666,5703.103759398497,High CLV,Low Risk,REWARD: early access / loyalty perks (already staying)
12717,151,2,1030.98,2011-04-08 10:32:00,49,Other,246,515.49,1,1,0.7666666666666667,1967.9363732767763,Mid CLV,High Risk,MONITOR: no action needed yet
12718,71,1,238.25,2011-09-29 16:38:00,19,France,71,238.25,0,0,0.023333333333333334,2416.056338028169,Mid CLV,Low Risk,MONITOR: no action needed yet
12719,5,2,644.95,2011-10-05 14:50:00,34,France,65,322.475,0,0,0.07333333333333333,7144.061538461539,High CLV,Low Risk,REWARD: early access / loyalty perks (already staying)
12720,3,25,5781.73,2010-12-05 15:21:00,211,Germany,369,231.26919999999998,0,3,0.0,11281.424390243901,High CLV,,MONITOR: no action needed yet
12721,32,6,2656.13,2010-12-20 11:38:00,133,France,355,442.68833333333333,0,0,0.03666666666666667,5387.080563380281,High CLV,Low Risk,REWARD: early access / loyalty perks (already staying)
12722,85,4,997.63,2011-07-12 11:55:00,50,France,151,249.4075,0,0,0.02,4756.911258278145,Mid CLV,Low Risk,MONITOR: no action needed yet
12723,4,5,725.07,2011-10-05 15:52:00,53,France,65,145.014,0,0,0.013333333333333334,8031.544615384617,High CLV,Low Risk,REWARD: early access / loyalty perks (already staying)
12724,5,4,1031.41,2011-01-11 15:00:00,47,France,332,257.8525,0,0,0.056666666666666664,2236.792771084338,Mid CLV,Low Risk,MONITOR: no action needed yet
12725,371,1,427.8,2010-12-03 15:45:00,24,Italy,371,427.8,1,1,0.9233333333333333,449.58401043136416,Low CLV,High Risk,"DO NOT INVEST: low value, unlikely to be saved profitably"
12726,28,7,2609.1,2010-12-17 12:56:00,57,France,357,372.7285714285714,0,0,0.013333333333333334,5262.050420168067,High CLV,Low Risk,REWARD: early access / loyalty perks (already staying)
12727,11,7,3980.7,2011-01-23 15:17:00,109,France,320,568.6714285714286,0,0,0.02,8956.575,High CLV,Low Risk,REWARD: early access / loyalty perks (already staying)
12728,71,4,836.33,2011-01-11 13:31:00,38,France,332,209.0825,0,0,0.05333333333333334,1813.7277108433736,Mid CLV,Low Risk,MONITOR: no action needed yet
12729,114,1,453.01,2011-08-18 11:40:00,26,France,114,453.01,1,0,0.88,1625.633971291866,Mid CLV,High Risk,MONITOR: no action needed yet
12731,24,12,18895.91,2010-12-10 10:56:00,109,France,365,1574.6591666666666,0,3,0.03333333333333333,37274.12383561644,High CLV,Low Risk,REWARD: early access / loyalty perks (already staying)
12732,180,1,236.26000000000002,2011-06-13 11:33:00,12,France,180,236.26000000000002,1,1,0.9766666666666667,483.8088737201366,Low CLV,High Risk,"DO NOT INVEST: low value, unlikely to be saved profitably"
12733,234,1,383.95,2011-04-19 16:19:00,22,Other,234,383.95,1,1,1.0,590.6923076923076,Low CLV,High Risk,"DO NOT INVEST: low value, unlikely to be saved profitably"
12734,353,1,110.39999999999999,2010-12-22 12:47:00,4,France,353,110.39999999999999,1,1,0.9933333333333333,113.34486757799874,Low CLV,High Risk,"DO NOT INVEST: low value, unlikely to be saved profitably"
12735,315,2,779.5699999999999,2011-01-06 14:26:00,38,France,337,389.78499999999997,1,1,0.5966666666666667,1395.71241483348,Low CLV,Medium Risk,MONITOR: no action needed yet
12736,333,1,234.0,2011-01-11 07:57:00,4,France,333,234.0,1,1,0.9933333333333333,254.67077816071108,Low CLV,High Risk,"DO NOT INVEST: low value, unlikely to be saved profitably"
12738,372,1,155.35,2010-12-02 18:27:00,11,Germany,372,155.35,1,1,0.9733333333333334,154.4575784357048,Low CLV,High Risk,"DO NOT INVEST: low value, unlikely to be saved profitably"
12739,78,2,1013.04,2011-09-01 17:45:00,38,Other,99,506.52,0,0,0.14666666666666667,7367.563636363637,High CLV,Low Risk,REWARD: early access / loyalty perks (already staying)
12740,64,1,427.6,2011-10-07 10:44:00,27,France,64,427.6,0,0,0.016666666666666666,4810.5,Mid CLV,Low Risk,MONITOR: no action needed yet
12743,134,2,546.43,2011-07-28 16:06:00,114,Other,134,273.215,1,0,0.7666666666666667,1914.8098637248536,Mid CLV,High Risk,MONITOR: no action needed yet
12744,52,7,21279.29,2011-01-25 13:26:00,178,Other,318,3039.8985714285714,0,3,0.013333333333333334,48179.52452830189,High CLV,Low Risk,REWARD: early access / loyalty perks (already staying)
12747,2,11,4196.01,2010-12-05 15:38:00,42,United Kingdom,369,381.4554545454546,0,0,0.01,8187.336585365853,High CLV,Low Risk,REWARD: early access / loyalty perks (already staying)
12748,1,209,33719.73,2010-12-01 12:48:00,1768,United Kingdom,374,161.3384210526316,0,2,0.016666666666666666,64914.98823529413,High CLV,Low Risk,REWARD: early access / loyalty perks (already staying)
12749,4,5,4090.88,2011-05-10 15:25:00,160,United Kingdom,213,818.176,0,0,0.0,13828.326760563381,High CLV,,MONITOR: no action needed yet
12750,129,1,275.88,2011-08-03 09:13:00,15,Other,129,275.88,1,0,0.95,810.4186046511627,Low CLV,High Risk,"DO NOT INVEST: low value, unlikely to be saved profitably"
12752,81,1,4366.78,2011-09-19 13:32:00,53,Other,81,4366.78,0,0,0.07666666666666666,38815.82222222222,High CLV,Low Risk,REWARD: early access / loyalty perks (already staying)
12753,23,6,21429.39,2010-12-12 11:44:00,132,Other,363,3571.565,0,0,0.03,42504.57520661157,High CLV,Low Risk,REWARD: early access / loyalty perks (already staying)
12754,236,3,3010.74,2011-02-04 10:31:00,49,Other,309,1003.5799999999999,1,1,0.8433333333333334,4159.278560190336,Mid CLV,High Risk,MONITOR: no action needed yet
12755,281,2,3811.95,2010-12-09 10:44:00,4,Other,366,1905.975,1,1,0.8333333333333334,4499.350819672131,Mid CLV,High Risk,MONITOR: no action needed yet
12756,87,1,112.07999999999998,2011-09-14 09:31:00,4,Other,87,112.07999999999998,0,0,0.26,927.5586206896551,Low CLV,Low Risk,MONITOR: no action needed yet
12757,16,13,7857.1,2011-05-12 19:01:00,237,Portugal,211,604.3923076923077,0,3,0.07333333333333333,26810.95734597156,High CLV,Low Risk,REWARD: early access / loyalty perks (already staying)
12758,117,2,2791.59,2011-03-08 12:05:00,84,Portugal,277,1395.795,1,0,0.71,5109.942543346723,High CLV,High Risk,PRIORITIZE: proactive retention offer
12759,52,3,1531.44,2011-03-09 08:09:00,81,Other,276,510.48,0,0,0.13666666666666666,3995.060869565218,Mid CLV,Low Risk,MONITOR: no action needed yet
12762,8,2,1898.52,2011-11-14 14:23:00,62,Portugal,25,949.26,0,0,0.0,45564.479999999996,High CLV,,MONITOR: no action needed yet
12763,138,2,494.08,2010-12-05 15:46:00,16,Other,369,247.04,1,0,0.9366666666666666,514.6219946185226,Low CLV,High Risk,"DO NOT INVEST: low value, unlikely to be saved profitably"
12764,317,1,1693.88,2011-01-27 10:19:00,45,Other,317,1693.88,1,1,0.98,1962.907358527007,Mid CLV,High Risk,MONITOR: no action needed yet
12766,4,7,6989.63,2010-12-08 13:53:00,205,Portugal,366,998.5185714285715,0,0,0.03666666666666667,13750.09180327869,High CLV,Low Risk,REWARD: early access / loyalty perks (already staying)
12769,239,1,1143.6,2011-04-15 10:25:00,32,Other,239,1143.6,1,1,0.9166666666666666,1879.175351844808,Mid CLV,High Risk,MONITOR: no action needed yet
12770,211,1,1351.45,2011-05-13 09:33:00,12,Other,211,1351.45,1,1,0.9466666666666667,2435.6952139376544,Mid CLV,High Risk,MONITOR: no action needed yet
12772,60,1,892.47,2011-10-11 09:19:00,55,Portugal,60,892.47,0,0,0.02,10709.64,High CLV,Low Risk,REWARD: early access / loyalty perks (already staying)
12775,17,5,1386.04,2011-02-01 13:45:00,47,Other,311,277.20799999999997,0,0,0.06,3208.8385852090028,Mid CLV,Low Risk,MONITOR: no action needed yet
12778,20,6,822.23,2011-01-31 14:35:00,40,Other,312,137.03833333333333,0,0,0.21666666666666667,1897.4538461538461,Mid CLV,Low Risk,MONITOR: no action needed yet
12779,38,8,3981.36,2010-12-03 13:40:00,88,Other,371,497.67,0,0,0.0033333333333333335,7726.628571428571,High CLV,Low Risk,REWARD: early access / loyalty perks (already staying)
12781,64,2,826.74,2011-02-28 08:43:00,25,Other,285,413.37,0,0,0.24333333333333335,2088.6063157894737,Mid CLV,Low Risk,MONITOR: no action needed yet
12782,5,5,2330.92,2010-12-17 11:30:00,81,Portugal,358,466.184,0,0,0.09666666666666666,4687.883798882682,Mid CLV,Low Risk,MONITOR: no action needed yet
12783,2,6,2225.91,2011-09-25 15:35:00,76,Portugal,75,370.98499999999996,0,0,0.056666666666666664,21368.735999999997,High CLV,Low Risk,REWARD: early access / loyalty perks (already staying)
12784,9,2,574.42,2011-11-24 12:53:00,54,Portugal,15,287.21,0,0,0.013333333333333334,13786.079999999998,High CLV,Low Risk,REWARD: early access / loyalty perks (already staying)
12785,364,1,311.95,2010-12-10 13:48:00,14,Portugal,364,311.95,1,1,0.9833333333333333,313.75116409014714,Low CLV,High Risk,"DO NOT INVEST: low value, unlikely to be saved profitably"
12787,10,3,463.66,2011-05-31 09:36:00,17,Other,193,154.55333333333334,0,0,0.17333333333333334,1729.716062176166,Mid CLV,Low Risk,MONITOR: no action needed yet
12789,65,1,91.85,2011-10-05 13:34:00,4,Other,65,91.85,0,0,0.18666666666666668,1017.4153846153845,Low CLV,Low Risk,MONITOR: no action needed yet
12790,192,1,324.92,2011-05-31 14:14:00,21,Other,192,324.92,1,1,0.99,615.3787878787879,Low CLV,High Risk,"DO NOT INVEST: low value, unlikely to be saved profitably"
12791,374,1,192.60000000000002,2010-12-01 11:27:00,2,Other,374,192.60000000000002,1,1,0.9866666666666667,187.89564966035556,Low CLV,High Risk,"DO NOT INVEST: low value, unlikely to be saved profitably"
12792,257,1,400.53999999999996,2011-03-28 11:36:00,25,Portugal,257,400.53999999999996,1,1,0.98,572.5180655919954,Low CLV,High Risk,"DO NOT INVEST: low value, unlikely to be saved profitably"
12793,335,2,545.48,2010-12-03 15:14:00,21,Portugal,371,272.74,1,1,0.8533333333333334,620.281334231806,Low CLV,High Risk,"DO NOT INVEST: low value, unlikely to be saved profitably"
12794,53,2,860.41,2011-09-02 12:01:00,43,Portugal,99,430.205,0,0,0.17,6257.527272727273,High CLV,Low Risk,REWARD: early access / loyalty perks (already staying)
12795,19,1,430.48,2011-11-21 10:27:00,14,Portugal,19,430.48,0,0,0.03333333333333333,10331.52,High CLV,Low Risk,REWARD: early access / loyalty perks (already staying)
12797,366,1,254.03,2010-12-09 10:55:00,13,Portugal,366,254.03,1,1,0.9966666666666667,250.70124458577774,Low CLV,High Risk,"DO NOT INVEST: low value, unlikely to be saved profitably"
12798,10,3,6977.04,2011-06-22 10:11:00,6,Other,171,2325.68,0,0,0.16,29377.010526315786,High CLV,Low Risk,REWARD: early access / loyalty perks (already staying)
12802,187,1,427.58,2011-06-06 09:36:00,25,Other,187,427.58,1,1,0.9633333333333334,854.4795810743296,Low CLV,High Risk,"DO NOT INVEST: low value, unlikely to be saved profitably"
12808,37,3,483.65000000000003,2010-12-06 10:27:00,27,Portugal,369,161.21666666666667,0,0,0.2633333333333333,943.7073170731708,Low CLV,Low Risk,MONITOR: no action needed yet
12809,178,1,489.31,2011-06-15 10:51:00,25,Portugal,178,489.31,1,1,0.9866666666666667,1002.9889158821743,Low CLV,High Risk,"DO NOT INVEST: low value, unlikely to be saved profitably"
12811,261,3,514.85,2011-02-28 15:39:00,27,Portugal,284,171.61666666666667,1,1,0.79,826.1098234979497,Low CLV,High Risk,"DO NOT INVEST: low value, unlikely to be saved profitably"
12812,45,1,229.64000000000001,2011-10-26 09:54:00,15,Other,45,229.64000000000001,0,0,0.06,3674.24,Mid CLV,Low Risk,MONITOR: no action needed yet
12814,102,1,125.92,2011-08-30 12:11:00,2,Other,102,125.92,1,0,0.9733333333333334,456.59951651893635,Low CLV,High Risk,"DO NOT INVEST: low value, unlikely to be saved profitably"
12815,148,2,1063.46,2011-05-25 13:34:00,38,Other,198,531.73,1,1,0.8,2416.954545454546,Mid CLV,High Risk,MONITOR: no action needed yet
12816,96,2,572.2,2011-06-16 13:24:00,27,Other,176,286.1,1,0,0.8866666666666667,1320.0102529049898,Low CLV,High Risk,"DO NOT INVEST: low value, unlikely to be saved profitably"
12817,281,1,166.04,2011-03-03 16:28:00,4,Other,281,166.04,1,1,1.0,212.72028469750887,Low CLV,High Risk,"DO NOT INVEST: low value, unlikely to be saved profitably"
12818,262,1,1542.08,2011-03-23 12:06:00,14,Other,262,1542.08,1,1,0.9933333333333333,2133.109278139249,Mid CLV,High Risk,MONITOR: no action needed yet
12820,3,4,942.34,2011-01-17 12:34:00,55,United Kingdom,327,235.585,0,0,0.03333333333333333,2074.8770642201835,Mid CLV,Low Risk,MONITOR: no action needed yet
12821,214,1,92.72,2011-05-09 15:51:00,6,United Kingdom,214,92.72,1,1,0.9933333333333333,157.02439942294424,Low CLV,High Risk,"DO NOT INVEST: low value, unlikely to be saved profitably"
12822,71,2,948.88,2011-09-13 13:46:00,41,United Kingdom,87,474.44,0,0,0.0,7852.799999999999,High CLV,,MONITOR: no action needed yet
12823,75,5,1759.5,2011-02-16 12:15:00,1,United Kingdom,297,351.9,0,0,0.12,4265.454545454545,Mid CLV,Low Risk,MONITOR: no action needed yet
12824,60,1,397.12,2011-10-11 12:49:00,25,United Kingdom,60,397.12,0,0,0.0,4765.4400000000005,Mid CLV,,MONITOR: no action needed yet
12826,3,7,1474.72,2010-12-09 15:21:00,58,United Kingdom,365,210.67428571428573,0,0,0.056666666666666664,2909.0367123287674,Mid CLV,Low Risk,MONITOR: no action needed yet
12827,6,3,430.15000000000003,2011-10-26 15:44:00,19,United Kingdom,44,143.38333333333335,0,0,0.013333333333333334,7038.818181818182,High CLV,Low Risk,REWARD: early access / loyalty perks (already staying)
12828,3,6,1018.71,2011-08-01 16:16:00,46,United Kingdom,130,169.785,0,0,0.04666666666666667,5642.086153846155,High CLV,Low Risk,REWARD: early access / loyalty perks (already staying)
12829,337,2,293.0,2010-12-14 14:54:00,9,United Kingdom,360,146.5,1,1,0.9633333333333334,304.1522491349481,Low CLV,High Risk,"DO NOT INVEST: low value, unlikely to be saved profitably"
12830,38,6,6814.64,2011-06-21 10:53:00,13,United Kingdom,172,1135.7733333333333,0,0,0.05,28526.4,High CLV,Low Risk,REWARD: early access / loyalty perks (already staying)
12831,262,1,215.05,2011-03-22 13:02:00,9,United Kingdom,262,215.05,1,1,0.9933333333333333,297.47169424663156,Low CLV,High Risk,"DO NOT INVEST: low value, unlikely to be saved profitably"
12832,32,2,383.03,2011-09-02 13:48:00,27,United Kingdom,98,191.515,0,0,0.11333333333333333,2814.097959183673,Mid CLV,Low Risk,MONITOR: no action needed yet
12833,145,1,417.38,2011-07-17 13:46:00,24,United Kingdom,145,417.38,1,1,0.9933333333333333,1043.2085165470958,Low CLV,High Risk,"DO NOT INVEST: low value, unlikely to be saved profitably"
12834,283,1,312.38,2011-03-02 09:49:00,18,United Kingdom,283,312.38,1,1,1.0,397.373851590106,Low CLV,High Risk,"DO NOT INVEST: low value, unlikely to be saved profitably"
12836,59,4,2612.86,2011-02-01 11:19:00,148,United Kingdom,312,653.215,0,0,0.02,6029.676923076923,High CLV,Low Risk,REWARD: early access / loyalty perks (already staying)
12837,173,1,134.1,2011-06-19 16:07:00,12,United Kingdom,173,134.1,1,1,0.9833333333333333,283.7817184285294,Low CLV,High Risk,"DO NOT INVEST: low value, unlikely to be saved profitably"
12838,34,2,683.13,2010-12-01 11:57:00,115,United Kingdom,374,341.565,0,0,0.43666666666666665,1315.1165775401068,Low CLV,Medium Risk,MONITOR: no action needed yet
12839,3,14,5591.42,2010-12-07 15:48:00,95,United Kingdom,367,399.38714285714286,0,3,0.0033333333333333335,10969.543324250682,High CLV,Low Risk,REWARD: early access / loyalty perks (already staying)
12840,144,4,2726.77,2011-04-27 12:21:00,67,United Kingdom,227,681.6925,1,0,0.71,6090.694297946267,High CLV,High Risk,PRIORITIZE: proactive retention offer
12841,5,25,4022.35,2010-12-03 10:43:00,229,United Kingdom,372,160.894,0,3,0.0,7785.193548387097,High CLV,,MONITOR: no action needed yet
12842,70,2,1118.99,2011-02-04 12:36:00,34,United Kingdom,309,559.495,0,0,0.6133333333333333,2125.5614183199664,Mid CLV,High Risk,MONITOR: no action needed yet
12843,66,8,1702.26,2011-03-20 14:38:00,69,United Kingdom,264,212.7825,0,0,0.02,4642.527272727272,Mid CLV,Low Risk,MONITOR: no action needed yet
12844,29,2,325.96000000000004,2011-08-01 13:11:00,47,United Kingdom,130,162.98000000000002,0,0,0.12333333333333334,1805.3169230769233,Mid CLV,Low Risk,MONITOR: no action needed yet
12845,267,4,354.09,2011-02-22 14:10:00,26,United Kingdom,290,88.5225,1,1,0.2866666666666667,879.1200000000001,Low CLV,Low Risk,MONITOR: no action needed yet
12847,22,1,871.54,2011-11-17 13:16:00,72,United Kingdom,22,871.54,0,0,0.01,20916.96,High CLV,Low Risk,REWARD: early access / loyalty perks (already staying)
12849,31,2,1050.8899999999999,2011-03-16 12:26:00,47,United Kingdom,269,525.4449999999999,0,0,0.15333333333333332,2812.791078066914,Mid CLV,Low Risk,MONITOR: no action needed yet
12851,97,1,135.18,2011-09-04 12:41:00,43,United Kingdom,97,135.18,1,0,0.7533333333333333,665.9720828391571,Low CLV,High Risk,"DO NOT INVEST: low value, unlikely to be saved profitably"
12852,295,1,311.55,2011-02-18 08:47:00,17,United Kingdom,295,311.55,1,1,1.0,380.1966101694915,Low CLV,High Risk,"DO NOT INVEST: low value, unlikely to be saved profitably"
12853,135,6,1957.1000000000001,2011-01-28 10:28:00,66,United Kingdom,316,326.18333333333334,1,0,0.6733333333333333,3311.2984083218457,Mid CLV,High Risk,MONITOR: no action needed yet
12854,79,3,1324.5,2011-01-25 13:35:00,95,United Kingdom,318,441.5,0,0,0.11333333333333333,2998.867924528302,Mid CLV,Low Risk,MONITOR: no action needed yet
12855,373,1,38.1,2010-12-02 09:37:00,3,United Kingdom,373,38.1,1,1,0.98,37.5225693494556,Low CLV,High Risk,"DO NOT INVEST: low value, unlikely to be saved profitably"
12856,8,6,2179.93,2011-10-07 12:38:00,155,United Kingdom,64,363.32166666666666,0,0,0.0033333333333333335,24524.212499999998,High CLV,Low Risk,REWARD: early access / loyalty perks (already staying)
12857,211,2,1106.4,2011-02-10 12:32:00,37,United Kingdom,303,553.2,1,1,0.49333333333333335,2629.0693069306935,Mid CLV,Medium Risk,MONITOR: no action needed yet
12863,52,1,521.2,2011-10-18 14:15:00,5,United Kingdom,52,521.2,0,0,0.0,7216.615384615386,High CLV,,MONITOR: no action needed yet
12864,138,1,147.12,2011-07-24 13:03:00,3,United Kingdom,138,147.12,1,0,0.9766666666666667,392.9603798783203,Low CLV,High Risk,"DO NOT INVEST: low value, unlikely to be saved profitably"
12865,26,2,1568.23,2011-08-08 10:11:00,86,Other,124,784.115,0,0,0.13,9105.851612903225,High CLV,Low Risk,REWARD: early access / loyalty perks (already staying)
12866,283,1,559.12,2011-03-01 14:11:00,26,Belgium,283,559.12,1,1,0.9833333333333333,723.303108342816,Low CLV,High Risk,"DO NOT INVEST: low value, unlikely to be saved profitably"
12867,26,7,4036.82,2010-12-14 16:39:00,240,United Kingdom,360,576.6885714285714,0,0,0.01,8073.640000000001,High CLV,Low Risk,REWARD: early access / loyalty perks (already staying)
12868,186,6,1607.0600000000002,2010-12-01 12:50:00,72,United Kingdom,374,267.84333333333336,1,1,0.8733333333333333,1771.2626035841129,Mid CLV,High Risk,MONITOR: no action needed yet
12871,84,2,380.64,2011-05-16 13:32:00,8,United Kingdom,207,190.32,0,0,0.12333333333333334,1323.9652173913043,Low CLV,Low Risk,MONITOR: no action needed yet
12872,327,2,599.97,2010-12-09 14:44:00,58,United Kingdom,365,299.985,1,1,0.8033333333333333,736.6197919627125,Low CLV,High Risk,"DO NOT INVEST: low value, unlikely to be saved profitably"
12873,282,1,374.0,2011-03-02 14:58:00,4,United Kingdom,282,374.0,1,1,0.9966666666666667,479.04362057923566,Low CLV,High Risk,"DO NOT INVEST: low value, unlikely to be saved profitably"
12875,143,2,343.2300000000001,2010-12-12 12:03:00,1,United Kingdom,363,171.61500000000004,1,0,0.7933333333333333,429.06729634002374,Low CLV,High Risk,"DO NOT INVEST: low value, unlikely to be saved profitably"
12876,58,2,2218.02,2011-05-27 13:34:00,67,Belgium,196,1109.01,0,0,0.17666666666666667,8147.828571428571,High CLV,Low Risk,REWARD: early access / loyalty perks (already staying)
12877,4,12,1535.77,2010-12-16 12:23:00,100,United Kingdom,359,127.98083333333334,0,0,0.023333333333333334,3080.09582172702,Mid CLV,Low Risk,MONITOR: no action needed yet
12878,236,2,854.99,2011-03-18 14:02:00,38,United Kingdom,266,427.495,1,1,0.72,1607.124060150376,Mid CLV,High Risk,MONITOR: no action needed yet
12879,45,3,573.22,2011-09-09 12:11:00,7,United Kingdom,92,191.07333333333335,0,0,0.023333333333333334,4486.069565217391,Mid CLV,Low Risk,MONITOR: no action needed yet
12881,276,1,298.0,2011-03-09 11:44:00,7,United Kingdom,276,298.0,1,1,0.9933333333333333,391.304347826087,Low CLV,High Risk,"DO NOT INVEST: low value, unlikely to be saved profitably"
12882,9,2,1463.04,2011-11-06 11:22:00,12,United Kingdom,34,731.52,0,0,0.01,30982.023529411767,High CLV,Low Risk,REWARD: early access / loyalty perks (already staying)
12883,25,4,703.47,2011-09-11 15:18:00,39,United Kingdom,89,175.8675,0,0,0.0033333333333333335,5690.993258426966,High CLV,Low Risk,REWARD: early access / loyalty perks (already staying)
12884,88,1,309.05,2011-09-12 13:10:00,7,United Kingdom,88,309.05,0,0,0.006666666666666667,2528.5909090909095,Mid CLV,Low Risk,MONITOR: no action needed yet
12885,63,3,1175.22,2011-08-08 11:45:00,66,United Kingdom,124,391.74,0,0,0.016666666666666666,6823.858064516129,High CLV,Low Risk,REWARD: early access / loyalty perks (already staying)
12886,68,2,1378.4,2011-05-04 11:21:00,75,United Kingdom,220,689.2,0,0,0.20333333333333334,4511.1272727272735,Mid CLV,Low Risk,MONITOR: no action needed yet
12888,214,2,354.12,2011-03-29 14:31:00,4,United Kingdom,255,177.06,1,1,0.74,675.5866454689985,Low CLV,High Risk,"DO NOT INVEST: low value, unlikely to be saved profitably"
12890,24,1,380.46999999999997,2011-11-15 17:26:00,78,United Kingdom,24,380.46999999999997,0,0,0.0033333333333333335,9131.279999999999,High CLV,Low Risk,REWARD: early access / loyalty perks (already staying)
12891,186,3,331.0,2011-02-20 11:28:00,2,United Kingdom,293,110.33333333333333,1,1,0.7733333333333333,525.891491114511,Low CLV,High Risk,"DO NOT INVEST: low value, unlikely to be saved profitably"
12893,31,1,188.14,2011-11-09 12:34:00,27,United Kingdom,31,188.14,0,0,0.013333333333333334,4369.703225806451,Mid CLV,Low Risk,MONITOR: no action needed yet
12895,42,2,372.8,2011-09-14 08:35:00,22,United Kingdom,87,186.4,0,0,0.0033333333333333335,3085.241379310345,Mid CLV,Low Risk,MONITOR: no action needed yet
12897,205,2,216.5,2011-02-11 11:40:00,3,United Kingdom,302,108.25,1,1,0.5166666666666667,499.5086519974364,Low CLV,Medium Risk,MONITOR: no action needed yet
12901,9,28,17654.54,2011-03-14 10:41:00,30,United Kingdom,271,630.5192857142857,0,3,0.016666666666666666,46905.050922509225,High CLV,Low Risk,REWARD: early access / loyalty perks (already staying)
12902,265,1,138.68,2011-03-20 12:06:00,10,United Kingdom,265,138.68,1,1,0.9933333333333333,189.65987083702674,Low CLV,High Risk,"DO NOT INVEST: low value, unlikely to be saved profitably"
12904,18,2,509.58,2011-06-20 13:18:00,59,United Kingdom,172,254.79,0,0,0.24333333333333335,2133.1255813953485,Mid CLV,Low Risk,MONITOR: no action needed yet
12906,12,5,2919.81,2011-09-22 15:03:00,55,United Kingdom,78,583.962,0,0,0.0,26952.092307692306,High CLV,,MONITOR: no action needed yet
12908,176,2,750.0,2011-01-31 12:37:00,1,United Kingdom,313,375.0,1,1,0.9833333333333333,877.2404830237721,Low CLV,High Risk,"DO NOT INVEST: low value, unlikely to be saved profitably"
12909,40,5,2178.67,2011-03-31 12:51:00,78,United Kingdom,253,435.73400000000004,0,0,0.016666666666666666,6200.167588932807,High CLV,Low Risk,REWARD: early access / loyalty perks (already staying)
12910,23,8,3075.04,2011-04-12 10:01:00,48,United Kingdom,242,384.38,0,0,0.06333333333333334,9148.879338842975,High CLV,Low Risk,REWARD: early access / loyalty perks (already staying)
12912,3,5,1662.3,2011-10-30 11:35:00,17,United Kingdom,41,332.46,0,0,0.006666666666666667,29191.60975609756,High CLV,Low Risk,REWARD: early access / loyalty perks (already staying)
12913,5,5,2483.63,2010-12-06 16:36:00,37,United Kingdom,368,496.726,0,0,0.023333333333333334,4859.276086956522,Mid CLV,Low Risk,MONITOR: no action needed yet
12915,149,2,363.65,2010-12-02 12:33:00,19,United Kingdom,373,181.825,1,1,0.9033333333333333,388.5341748859847,Low CLV,High Risk,"DO NOT INVEST: low value, unlikely to be saved profitably"
12916,139,4,3006.15,2011-01-23 10:43:00,53,United Kingdom,321,751.5375,1,0,0.7166666666666667,4704.255596609432,Mid CLV,High Risk,MONITOR: no action needed yet
12917,128,1,594.0,2011-08-03 16:42:00,2,United Kingdom,128,594.0,1,0,0.9833333333333333,1698.9406779661017,Mid CLV,High Risk,MONITOR: no action needed yet
12919,8,6,1335.19,2011-06-23 09:22:00,34,United Kingdom,170,222.53166666666667,0,0,0.02666666666666667,5654.9223529411765,High CLV,Low Risk,REWARD: early access / loyalty perks (already staying)
12920,17,1,164.23,2011-11-22 15:05:00,27,United Kingdom,17,164.23,0,0,0.0,3941.5199999999995,Mid CLV,,MONITOR: no action needed yet
12921,9,37,16587.09,2010-12-01 15:06:00,233,United Kingdom,373,448.29972972972973,0,3,0.0,32017.975335120645,High CLV,,MONITOR: no action needed yet
12922,161,1,405.38,2011-07-01 15:35:00,28,United Kingdom,161,405.38,1,1,0.9966666666666667,909.4713226282224,Low CLV,High Risk,"DO NOT INVEST: low value, unlikely to be saved profitably"
12923,64,1,176.97,2011-10-06 16:20:00,28,United Kingdom,64,176.97,0,0,0.006666666666666667,1990.9125000000001,Mid CLV,Low Risk,MONITOR: no action needed yet
12924,88,4,933.7,2011-01-16 11:49:00,22,United Kingdom,328,233.425,0,0,0.17,2049.585365853659,Mid CLV,Low Risk,MONITOR: no action needed yet
12925,5,2,694.05,2011-09-26 11:05:00,42,United Kingdom,75,347.025,0,0,0.006666666666666667,6662.88,High CLV,Low Risk,REWARD: early access / loyalty perks (already staying)
12928,35,5,2062.7000000000003,2010-12-15 15:45:00,59,United Kingdom,359,412.5400000000001,0,0,0.07,4136.891364902507,Mid CLV,Low Risk,MONITOR: no action needed yet
12929,312,1,117.85,2011-02-01 12:08:00,8,United Kingdom,312,117.85,1,1,1.0,135.98076923076923,Low CLV,High Risk,"DO NOT INVEST: low value, unlikely to be saved profitably"
12930,78,2,415.8,2011-06-21 13:25:00,20,United Kingdom,171,207.9,0,0,0.13333333333333333,1750.7368421052631,Mid CLV,Low Risk,MONITOR: no action needed yet
12931,22,15,42055.96,2010-12-17 09:45:00,28,United Kingdom,358,2803.730666666667,0,3,0.02,84581.8189944134,High CLV,Low Risk,REWARD: early access / loyalty perks (already staying)
12933,24,3,607.53,2011-03-01 11:30:00,102,United Kingdom,284,202.51,0,0,0.04666666666666667,1540.2169014084507,Mid CLV,Low Risk,MONITOR: no action needed yet
12935,2,7,2160.7,2011-01-24 13:58:00,80,United Kingdom,319,308.6714285714285,0,0,0.04,4876.815047021943,Mid CLV,Low Risk,MONITOR: no action needed yet
12936,17,4,1063.9,2011-09-22 13:51:00,56,United Kingdom,78,265.975,0,0,0.006666666666666667,9820.615384615387,High CLV,Low Risk,REWARD: early access / loyalty perks (already staying)
12937,15,4,1504.27,2011-03-17 14:19:00,81,United Kingdom,267,376.0675,0,0,0.06,4056.458426966292,Mid CLV,Low Risk,MONITOR: no action needed yet
12938,26,1,114.14,2011-11-14 11:21:00,9,United Kingdom,26,114.14,0,0,0.0033333333333333335,2739.36,Mid CLV,Low Risk,MONITOR: no action needed yet
12939,64,8,11581.8,2011-01-09 11:20:00,21,United Kingdom,335,1447.725,0,0,0.04,24892.22686567164,High CLV,Low Risk,REWARD: early access / loyalty perks (already staying)
12940,55,2,913.54,2011-09-13 10:16:00,87,United Kingdom,88,456.77,0,0,0.0033333333333333335,7474.418181818182,High CLV,Low Risk,REWARD: early access / loyalty perks (already staying)
12942,131,3,683.9,2010-12-09 09:34:00,68,United Kingdom,366,227.96666666666667,1,0,0.7066666666666667,951.9177234766472,Low CLV,High Risk,"DO NOT INVEST: low value, unlikely to be saved profitably"
12944,36,2,604.51,2010-12-20 10:41:00,29,United Kingdom,355,302.255,0,0,0.17,1226.0484507042254,Low CLV,Low Risk,MONITOR: no action needed yet
12945,288,1,462.95,2011-02-24 14:15:00,23,United Kingdom,288,462.95,1,1,1.0,578.6875,Low CLV,High Risk,"DO NOT INVEST: low value, unlikely to be saved profitably"
12947,144,6,1603.99,2010-12-01 16:21:00,83,United Kingdom,373,267.33166666666665,1,0,0.8466666666666667,1828.4490511072177,Mid CLV,High Risk,MONITOR: no action needed yet
12948,16,7,2064.95,2011-03-20 10:17:00,82,United Kingdom,265,294.99285714285713,0,0,0.01,5610.430188679245,High CLV,Low Risk,REWARD: early access / loyalty perks (already staying)
12949,31,8,4167.22,2011-04-01 13:20:00,166,United Kingdom,252,520.9025,0,0,0.05333333333333334,11906.342857142858,High CLV,Low Risk,REWARD: early access / loyalty perks (already staying)
12950,2,3,1843.0,2011-11-15 13:48:00,13,United Kingdom,24,614.3333333333334,0,0,0.0,44232.0,High CLV,,MONITOR: no action needed yet
12951,9,6,1064.07,2011-01-13 10:33:00,53,United Kingdom,331,177.345,0,0,0.02666666666666667,2314.59335347432,Mid CLV,Low Risk,MONITOR: no action needed yet
12952,6,4,1387.79,2011-09-22 16:37:00,64,United Kingdom,78,346.9475,0,0,0.02,12810.36923076923,High CLV,Low Risk,REWARD: early access / loyalty perks (already staying)
12953,10,1,329.85,2011-11-30 09:24:00,17,United Kingdom,10,329.85,0,0,0.0033333333333333335,7916.400000000001,High CLV,Low Risk,REWARD: early access / loyalty perks (already staying)
12955,1,11,4757.16,2011-03-17 09:03:00,81,United Kingdom,268,432.4690909090909,0,0,0.0,12780.42985074627,High CLV,,MONITOR: no action needed yet
12956,306,1,108.07,2011-02-06 16:08:00,19,United Kingdom,306,108.07,1,1,1.0,127.14117647058825,Low CLV,High Risk,"DO NOT INVEST: low value, unlikely to be saved profitably"
12957,10,8,4017.54,2011-01-04 12:18:00,208,United Kingdom,340,502.1925,0,0,0.013333333333333334,8507.73176470588,High CLV,Low Risk,REWARD: early access / loyalty perks (already staying)
12962,7,2,266.39,2011-08-18 13:38:00,15,United Kingdom,113,133.195,0,0,0.03666666666666667,1697.3522123893804,Mid CLV,Low Risk,MONITOR: no action needed yet
12963,8,8,1856.63,2010-12-09 09:14:00,75,United Kingdom,366,232.07875,0,0,0.02666666666666667,3652.386885245902,Mid CLV,Low Risk,MONITOR: no action needed yet
12965,89,1,771.91,2011-09-11 15:31:00,108,United Kingdom,89,771.91,0,0,0.03,6244.665168539324,High CLV,Low Risk,REWARD: early access / loyalty perks (already staying)
12966,10,1,160.18,2011-11-30 12:38:00,10,United Kingdom,10,160.18,0,0,0.0,3844.32,Mid CLV,,MONITOR: no action needed yet
12967,358,2,1660.9,2010-12-03 09:49:00,19,United Kingdom,372,830.45,1,1,0.69,2329.4530154277704,Mid CLV,High Risk,MONITOR: no action needed yet
12968,112,1,135.95,2011-08-19 15:44:00,5,United Kingdom,112,135.95,1,0,0.9966666666666667,438.44362159579543,Low CLV,High Risk,"DO NOT INVEST: low value, unlikely to be saved profitably"
12970,7,4,452.24,2011-01-21 14:04:00,116,United Kingdom,322,113.06,0,0,0.1,1011.2198757763977,Low CLV,Low Risk,MONITOR: no action needed yet
12971,4,86,11189.91,2010-12-02 16:42:00,94,United Kingdom,372,130.11523255813952,0,3,0.02666666666666667,21657.890322580643,High CLV,Low Risk,REWARD: early access / loyalty perks (already staying)
12974,198,1,144.8,2011-05-26 09:33:00,8,United Kingdom,198,144.8,1,1,0.9866666666666667,266.83046683046683,Low CLV,High Risk,"DO NOT INVEST: low value, unlikely to be saved profitably"
12976,212,1,738.6,2011-05-12 09:55:00,22,United Kingdom,212,738.6,1,1,0.98,1279.8228725452445,Low CLV,High Risk,"DO NOT INVEST: low value, unlikely to be saved profitably"
12977,156,1,39.239999999999995,2011-07-06 16:40:00,9,United Kingdom,156,39.239999999999995,1,1,0.98,92.40188383045525,Low CLV,High Risk,"DO NOT INVEST: low value, unlikely to be saved profitably"
12980,158,9,7374.900000000001,2010-12-16 11:36:00,6,United Kingdom,359,819.4333333333334,1,0,0.73,10130.743694432786,High CLV,High Risk,PRIORITIZE: proactive retention offer
12981,30,2,372.21999999999997,2011-07-29 14:14:00,12,United Kingdom,133,186.10999999999999,0,0,0.08,2015.0255639097743,Mid CLV,Low Risk,MONITOR: no action needed yet
12982,243,1,390.54,2011-04-11 11:51:00,28,United Kingdom,243,390.54,1,1,1.0,578.5777777777779,Low CLV,High Risk,"DO NOT INVEST: low value, unlikely to be saved profitably"
12984,19,1,97.5,2011-11-21 12:37:00,4,United Kingdom,19,97.5,0,0,0.0,2340.0,Mid CLV,,MONITOR: no action needed yet
12985,1,2,1239.38,2011-11-11 12:44:00,73,United Kingdom,29,619.69,0,0,0.0033333333333333335,29745.120000000003,High CLV,Low Risk,REWARD: early access / loyalty perks (already staying)
12987,74,2,558.7,2011-05-26 12:00:00,27,United Kingdom,198,279.35,0,0,0.7366666666666667,1378.9387083504732,Low CLV,High Risk,"DO NOT INVEST: low value, unlikely to be saved profitably"
12988,292,1,535.32,2011-02-20 14:31:00,75,United Kingdom,292,535.32,1,1,0.99,666.6500622665008,Low CLV,High Risk,"DO NOT INVEST: low value, unlikely to be saved profitably"
12989,3,15,6924.110000000001,2010-12-10 13:24:00,41,United Kingdom,364,461.6073333333334,0,3,0.01,13696.04175824176,High CLV,Low Risk,REWARD: early access / loyalty perks (already staying)
12990,31,3,409.5,2011-02-02 15:39:00,8,United Kingdom,310,136.5,0,0,0.24666666666666667,951.0967741935483,Low CLV,Low Risk,MONITOR: no action needed yet
12991,23,2,503.76,2011-08-19 14:39:00,31,United Kingdom,112,251.88,0,0,0.04666666666666667,3238.4571428571426,Mid CLV,Low Risk,MONITOR: no action needed yet
12993,23,4,414.76,2011-02-14 14:29:00,26,United Kingdom,298,103.69,0,0,0.09,1002.1046979865772,Low CLV,Low Risk,MONITOR: no action needed yet
12994,4,3,974.4200000000001,2011-03-16 08:31:00,52,United Kingdom,269,324.8066666666667,0,0,0.27,2608.113011152416,Mid CLV,Low Risk,MONITOR: no action needed yet
12995,85,1,211.32,2011-09-15 15:44:00,3,United Kingdom,85,211.32,0,0,0.006666666666666667,1790.004705882353,Mid CLV,Low Risk,MONITOR: no action needed yet
12997,22,4,1226.89,2011-01-26 15:49:00,45,United Kingdom,317,306.7225,0,0,0.24666666666666667,2786.62712933754,Mid CLV,Low Risk,MONITOR: no action needed yet
12999,196,3,455.88,2011-04-08 10:26:00,25,United Kingdom,246,151.96,1,1,0.7833333333333333,851.6699532952777,Low CLV,High Risk,"DO NOT INVEST: low value, unlikely to be saved profitably"
13000,107,3,534.85,2010-12-10 10:26:00,30,United Kingdom,365,178.28333333333333,1,0,0.7766666666666666,679.2145334822741,Low CLV,High Risk,"DO NOT INVEST: low value, unlikely to be saved profitably"
13001,4,13,9818.82,2011-01-17 12:45:00,166,United Kingdom,327,755.2938461538462,0,3,0.02666666666666667,21619.420183486236,High CLV,Low Risk,REWARD: early access / loyalty perks (already staying)
13002,318,1,120.94999999999999,2011-01-25 15:18:00,7,United Kingdom,318,120.94999999999999,1,1,0.9933333333333333,137.84348486767126,Low CLV,High Risk,"DO NOT INVEST: low value, unlikely to be saved profitably"
13003,106,3,149.05,2011-05-09 08:23:00,4,United Kingdom,215,49.68333333333334,1,0,0.7833333333333333,318.60267194458186,Low CLV,High Risk,"DO NOT INVEST: low value, unlikely to be saved profitably"
13004,12,18,5655.91,2010-12-17 08:20:00,277,United Kingdom,358,314.21722222222223,0,3,0.0,11375.014525139664,High CLV,,MONITOR: no action needed yet
13005,174,2,513.7,2011-04-07 13:32:00,21,United Kingdom,246,256.85,1,1,0.88,854.2682926829269,Low CLV,High Risk,"DO NOT INVEST: low value, unlikely to be saved profitably"
13006,56,1,81.57,2011-10-14 13:49:00,4,United Kingdom,56,81.57,0,0,0.0,1048.7571428571428,Low CLV,,MONITOR: no action needed yet
13008,323,1,229.46999999999997,2011-01-20 14:24:00,14,United Kingdom,323,229.46999999999997,1,1,1.0,255.7560371517027,Low CLV,High Risk,"DO NOT INVEST: low value, unlikely to be saved profitably"
13011,372,1,50.550000000000004,2010-12-02 17:22:00,3,United Kingdom,372,50.550000000000004,1,1,0.99,49.41348973607039,Low CLV,High Risk,"DO NOT INVEST: low value, unlikely to be saved profitably"
13012,9,8,1661.8400000000001,2011-02-18 09:43:00,67,United Kingdom,295,207.73000000000002,0,0,0.01,4056.016271186441,Mid CLV,Low Risk,MONITOR: no action needed yet
13013,1,13,4810.9400000000005,2010-12-03 12:28:00,155,United Kingdom,372,370.07230769230773,0,0,0.01,9311.496774193549,High CLV,Low Risk,REWARD: early access / loyalty perks (already staying)
13014,11,10,3466.2799999999997,2011-03-03 18:28:00,67,United Kingdom,281,346.628,0,0,0.02,8881.57153024911,High CLV,Low Risk,REWARD: early access / loyalty perks (already staying)
13015,53,5,3346.28,2011-04-04 14:28:00,156,United Kingdom,249,669.2560000000001,0,0,0.01,9675.990361445783,High CLV,Low Risk,REWARD: early access / loyalty perks (already staying)
13016,73,3,789.89,2011-08-08 15:00:00,39,United Kingdom,123,263.2966666666667,0,0,0.013333333333333334,4623.746341463415,Mid CLV,Low Risk,MONITOR: no action needed yet
13017,7,1,204.0,2011-12-02 15:53:00,1,United Kingdom,7,204.0,0,0,0.02,4896.0,Mid CLV,Low Risk,MONITOR: no action needed yet
13018,16,28,7277.7,2011-02-17 11:05:00,313,United Kingdom,296,259.91785714285714,0,3,0.0,17702.513513513513,High CLV,,MONITOR: no action needed yet
13021,4,9,2616.38,2010-12-16 10:12:00,101,United Kingdom,359,290.7088888888889,0,0,0.0033333333333333335,5247.335933147632,High CLV,Low Risk,REWARD: early access / loyalty perks (already staying)
13023,64,2,689.9,2011-08-02 09:34:00,36,United Kingdom,130,344.95,0,0,0.10666666666666667,3820.9846153846156,Mid CLV,Low Risk,MONITOR: no action needed yet
13026,1,5,975.36,2011-03-09 11:35:00,32,United Kingdom,276,195.072,0,0,0.043333333333333335,2544.4173913043483,Mid CLV,Low Risk,MONITOR: no action needed yet
13027,114,6,6912.0,2010-12-20 12:45:00,6,United Kingdom,355,1152.0,1,0,0.7233333333333334,9690.348542870122,High CLV,High Risk,PRIORITIZE: proactive retention offer
13028,23,2,661.3199999999999,2011-10-25 14:09:00,40,United Kingdom,45,330.65999999999997,0,0,0.006666666666666667,10581.119999999999,High CLV,Low Risk,REWARD: early access / loyalty perks (already staying)
13029,31,3,1247.5,2010-12-21 13:53:00,8,United Kingdom,353,415.8333333333333,0,0,0.17,2544.4759206798863,Mid CLV,Low Risk,MONITOR: no action needed yet
13030,11,2,799.48,2010-12-06 14:31:00,76,United Kingdom,368,399.74,0,0,0.18,1564.1999999999998,Mid CLV,Low Risk,MONITOR: no action needed yet
13032,52,2,1010.18,2011-09-13 16:40:00,55,United Kingdom,87,505.09,0,0,0.006666666666666667,8360.110344827586,High CLV,Low Risk,REWARD: early access / loyalty perks (already staying)
13033,357,1,190.55,2010-12-17 14:23:00,11,United Kingdom,357,190.55,1,1,0.9966666666666667,192.79390686040304,Low CLV,High Risk,"DO NOT INVEST: low value, unlikely to be saved profitably"
13034,55,2,642.77,2010-12-05 14:52:00,37,United Kingdom,369,321.385,0,0,0.18,1254.1853658536584,Low CLV,Low Risk,MONITOR: no action needed yet
13035,74,2,921.88,2011-03-24 09:21:00,23,United Kingdom,261,460.94,0,0,0.5933333333333334,2143.0763270050365,Mid CLV,Medium Risk,MONITOR: no action needed yet
13037,138,3,881.07,2011-03-28 15:42:00,44,United Kingdom,256,293.69,1,0,0.77,1609.0969967532471,Mid CLV,High Risk,MONITOR: no action needed yet
13038,80,3,908.46,2011-02-22 11:43:00,24,United Kingdom,291,302.82,0,0,0.69,1628.7942626624836,Mid CLV,High Risk,MONITOR: no action needed yet
13040,9,2,676.99,2011-11-06 13:53:00,38,United Kingdom,33,338.495,0,0,0.0,14770.690909090907,High CLV,,MONITOR: no action needed yet
13043,273,1,516.42,2011-03-11 14:52:00,13,United Kingdom,273,516.42,1,1,0.9933333333333333,685.5638321410134,Low CLV,High Risk,"DO NOT INVEST: low value, unlikely to be saved profitably"
13044,291,1,560.47,2011-02-21 15:20:00,33,United Kingdom,291,560.47,1,1,0.9966666666666667,695.6838947695067,Low CLV,High Risk,"DO NOT INVEST: low value, unlikely to be saved profitably"
13045,99,1,305.28000000000003,2011-09-01 15:04:00,18,United Kingdom,99,305.28000000000003,1,0,0.9733333333333334,1140.5230386052306,Low CLV,High Risk,"DO NOT INVEST: low value, unlikely to be saved profitably"
13046,31,2,629.31,2011-03-18 15:43:00,33,United Kingdom,266,314.655,0,0,0.57,1494.2065690542145,Low CLV,Medium Risk,MONITOR: no action needed yet
13047,32,10,3237.54,2010-12-01 08:34:00,106,United Kingdom,374,323.754,0,0,0.016666666666666666,6232.697326203208,High CLV,Low Risk,REWARD: early access / loyalty perks (already staying)
13048,14,4,1835.91,2011-01-16 14:36:00,77,United Kingdom,327,458.9775,0,0,0.11333333333333333,4042.370642201835,Mid CLV,Low Risk,MONITOR: no action needed yet
13049,64,2,656.6800000000001,2011-01-25 16:33:00,14,United Kingdom,318,328.34000000000003,0,0,0.30333333333333334,1486.822641509434,Low CLV,Medium Risk,MONITOR: no action needed yet
13050,15,17,5836.86,2010-12-08 09:30:00,246,United Kingdom,367,343.3447058823529,0,3,0.0,11451.060490463216,High CLV,,MONITOR: no action needed yet
13052,212,1,348.15000000000003,2011-05-11 14:12:00,18,United Kingdom,212,348.15000000000003,1,1,0.9933333333333333,595.16588577941,Low CLV,High Risk,"DO NOT INVEST: low value, unlikely to be saved profitably"
13055,78,3,1214.41,2011-05-10 08:58:00,74,United Kingdom,214,404.80333333333334,0,0,0.013333333333333334,4085.865420560748,Mid CLV,Low Risk,MONITOR: no action needed yet
13058,25,3,271.40000000000003,2011-07-11 12:01:00,5,United Kingdom,152,90.46666666666668,0,0,0.11666666666666667,1285.5789473684213,Low CLV,Low Risk,MONITOR: no action needed yet
13059,250,1,183.4,2011-04-04 10:40:00,8,United Kingdom,250,183.4,1,1,1.0,264.096,Low CLV,High Risk,"DO NOT INVEST: low value, unlikely to be saved profitably"
13060,254,1,307.53,2011-03-31 11:37:00,15,United Kingdom,254,307.53,1,1,1.0,435.86929133858257,Low CLV,High Risk,"DO NOT INVEST: low value, unlikely to be saved profitably"
13061,72,1,248.61,2011-09-28 16:04:00,10,United Kingdom,72,248.61,0,0,0.0,2486.1000000000004,Mid CLV,,MONITOR: no action needed yet
13062,191,1,346.98,2011-06-01 15:12:00,11,United Kingdom,191,346.98,1,1,0.9933333333333333,658.3829368565306,Low CLV,High Risk,"DO NOT INVEST: low value, unlikely to be saved profitably"
13064,13,4,1119.49,2011-01-16 13:41:00,51,United Kingdom,327,279.8725,0,0,0.043333333333333335,2464.932110091743,Mid CLV,Low Risk,MONITOR: no action needed yet
13065,373,1,205.86,2010-12-01 16:52:00,14,United Kingdom,373,205.86,1,1,0.9933333333333333,200.01871277686817,Low CLV,High Risk,"DO NOT INVEST: low value, unlikely to be saved profitably"
13066,24,2,470.8,2011-11-07 17:06:00,48,United Kingdom,32,235.4,0,0,0.006666666666666667,10593.0,High CLV,Low Risk,REWARD: early access / loyalty perks (already staying)
13067,82,1,115.46000000000001,2011-09-18 13:38:00,14,United Kingdom,82,115.46000000000001,0,0,0.01,1013.7951219512195,Low CLV,Low Risk,MONITOR: no action needed yet
13068,10,2,344.0,2011-01-24 08:20:00,1,United Kingdom,320,172.0,0,0,0.3233333333333333,774.0,Low CLV,Medium Risk,MONITOR: no action needed yet
13069,1,24,4436.12,2010-12-05 11:02:00,281,United Kingdom,370,184.83833333333334,0,3,0.0033333333333333335,8632.44972972973,High CLV,Low Risk,REWARD: early access / loyalty perks (already staying)
13070,192,1,228.8,2011-05-31 13:45:00,9,United Kingdom,192,228.8,1,1,0.99,433.3333333333333,Low CLV,High Risk,"DO NOT INVEST: low value, unlikely to be saved profitably"
13072,267,1,177.15,2011-03-18 08:12:00,7,United Kingdom,267,177.15,1,1,1.0,238.85393258426964,Low CLV,High Risk,"DO NOT INVEST: low value, unlikely to be saved profitably"
13075,130,1,919.61,2011-08-02 10:19:00,22,United Kingdom,130,919.61,1,0,0.97,2625.3735130848536,Mid CLV,High Risk,MONITOR: no action needed yet
13077,1,4,729.27,2010-12-08 14:59:00,99,United Kingdom,366,182.3175,0,0,0.23666666666666666,1434.6295081967214,Low CLV,Low Risk,MONITOR: no action needed yet
13078,3,26,12627.94,2010-12-08 09:07:00,95,United Kingdom,367,485.69,0,3,0.0,24774.160217983655,High CLV,,MONITOR: no action needed yet
13079,4,5,220.10000000000002,2011-07-22 14:41:00,2,United Kingdom,140,44.02,0,0,0.1,1131.9428571428573,Low CLV,Low Risk,MONITOR: no action needed yet
13080,179,1,58.08,2011-06-13 14:59:00,6,United Kingdom,179,58.08,1,1,0.9966666666666667,117.19960389379868,Low CLV,High Risk,"DO NOT INVEST: low value, unlikely to be saved profitably"
13081,12,11,28337.38,2010-12-03 17:20:00,503,United Kingdom,371,2576.1254545454544,0,3,0.0,54994.37628032345,High CLV,,MONITOR: no action needed yet
13082,126,9,3613.63,2011-01-05 15:42:00,63,United Kingdom,338,401.51444444444445,1,0,0.5666666666666667,6792.064740689175,High CLV,Medium Risk,PRIORITIZE: proactive retention offer
13083,4,2,303.75,2011-09-25 10:46:00,15,United Kingdom,76,151.875,0,0,0.01,2877.6315789473683,Mid CLV,Low Risk,MONITOR: no action needed yet
13085,158,2,416.08000000000004,2011-02-17 13:57:00,17,United Kingdom,295,208.04000000000002,1,1,0.8266666666666667,614.2241662110442,Low CLV,High Risk,"DO NOT INVEST: low value, unlikely to be saved profitably"
13089,3,97,58825.83,2010-12-05 10:27:00,636,United Kingdom,370,606.4518556701031,0,2,0.0,114471.88540540541,High CLV,,MONITOR: no action needed yet
13090,9,14,8910.82,2010-12-02 07:48:00,98,United Kingdom,373,636.4871428571429,0,3,0.06,17200.510455764073,High CLV,Low Risk,REWARD: early access / loyalty perks (already staying)
13091,28,1,345.82,2011-11-11 15:54:00,21,United Kingdom,28,345.82,0,0,0.0,8299.68,High CLV,,MONITOR: no action needed yet
13092,71,5,477.83,2010-12-15 12:27:00,19,United Kingdom,360,95.566,0,0,0.26,955.6600000000001,Low CLV,Low Risk,MONITOR: no action needed yet
13093,276,8,7832.47,2010-12-01 15:00:00,97,United Kingdom,373,979.05875,1,1,0.6233333333333333,12127.52161259337,High CLV,High Risk,PRIORITIZE: proactive retention offer
13094,21,12,1927.3200000000002,2010-12-06 10:34:00,4,United Kingdom,369,160.61,0,0,0.09,3760.6243902439023,Mid CLV,Low Risk,MONITOR: no action needed yet
13095,71,1,74.39999999999999,2011-09-30 12:03:00,6,United Kingdom,71,74.39999999999999,0,0,0.01,754.4788732394366,Low CLV,Low Risk,MONITOR: no action needed yet
13097,33,10,6010.42,2010-12-14 15:13:00,214,United Kingdom,360,601.042,0,0,0.0,12020.84,High CLV,,MONITOR: no action needed yet
13098,1,28,28882.44,2011-01-26 13:46:00,156,United Kingdom,317,1031.5157142857142,0,3,0.01,65600.49463722396,High CLV,Low Risk,REWARD: early access / loyalty perks (already staying)
13099,99,1,207.35999999999999,2011-09-01 17:40:00,1,United Kingdom,99,207.35999999999999,1,0,0.9833333333333333,766.8166409861325,Low CLV,High Risk,"DO NOT INVEST: low value, unlikely to be saved profitably"
13101,234,1,101.19,2011-04-19 14:37:00,8,United Kingdom,234,101.19,1,1,1.0,155.67692307692306,Low CLV,High Risk,"DO NOT INVEST: low value, unlikely to be saved profitably"
13102,1,24,6424.09,2010-12-09 13:38:00,140,United Kingdom,365,267.67041666666665,0,3,0.006666666666666667,12672.177534246577,High CLV,Low Risk,REWARD: early access / loyalty perks (already staying)
13103,40,1,243.94,2011-10-31 09:38:00,8,United Kingdom,40,243.94,0,0,0.0,4390.92,Mid CLV,,MONITOR: no action needed yet
13104,3,6,1098.48,2010-12-20 11:58:00,14,United Kingdom,355,183.08,0,0,0.03666666666666667,2227.903098591549,Mid CLV,Low Risk,MONITOR: no action needed yet
13106,133,1,76.5,2011-07-29 15:12:00,1,United Kingdom,133,76.5,1,0,1.0,207.0676691729323,Low CLV,High Risk,"DO NOT INVEST: low value, unlikely to be saved profitably"
13107,44,4,1531.6200000000001,2011-01-10 12:28:00,54,United Kingdom,334,382.90500000000003,0,0,0.38333333333333336,3301.695808383234,Mid CLV,Medium Risk,MONITOR: no action needed yet
13108,373,1,350.06,2010-12-02 10:35:00,10,United Kingdom,373,350.06,1,1,0.9933333333333333,340.12703096604713,Low CLV,High Risk,"DO NOT INVEST: low value, unlikely to be saved profitably"
13109,60,2,786.54,2011-07-05 14:56:00,41,United Kingdom,157,393.27,0,0,0.31,3607.0624203821653,Mid CLV,Medium Risk,MONITOR: no action needed yet
13110,31,7,1488.67,2011-02-01 15:24:00,109,United Kingdom,311,212.66714285714286,0,0,0.043333333333333335,3446.4385852090027,Mid CLV,Low Risk,MONITOR: no action needed yet
13113,1,24,12245.960000000001,2010-12-08 13:21:00,95,United Kingdom,366,510.2483333333334,0,3,0.0033333333333333335,24090.4131147541,High CLV,Low Risk,REWARD: early access / loyalty perks (already staying)
13115,12,4,2294.78,2011-06-08 16:15:00,88,United Kingdom,184,573.695,0,0,0.13333333333333333,8979.573913043478,High CLV,Low Risk,REWARD: early access / loyalty perks (already staying)
13116,138,1,501.14,2011-07-24 14:33:00,30,United Kingdom,138,501.14,1,0,0.9933333333333333,1316.0957105339949,Low CLV,High Risk,"DO NOT INVEST: low value, unlikely to be saved profitably"
13117,22,8,984.91,2010-12-02 13:11:00,66,United Kingdom,372,123.11375,0,0,0.06666666666666667,1906.2774193548385,Mid CLV,Low Risk,MONITOR: no action needed yet
13118,20,5,1197.81,2011-02-24 12:32:00,68,United Kingdom,289,239.56199999999998,0,0,0.013333333333333334,2984.163321799308,Mid CLV,Low Risk,MONITOR: no action needed yet
13120,239,1,30.599999999999998,2011-04-15 10:19:00,1,United Kingdom,239,30.599999999999998,1,1,0.9833333333333333,46.87327139919154,Low CLV,High Risk,"DO NOT INVEST: low value, unlikely to be saved profitably"
13121,269,1,283.73,2011-03-15 16:47:00,50,United Kingdom,269,283.73,1,1,0.9966666666666667,380.9829543335281,Low CLV,High Risk,"DO NOT INVEST: low value, unlikely to be saved profitably"
13122,94,2,922.39,2011-04-13 14:12:00,54,United Kingdom,240,461.195,1,0,0.86,1608.8197674418604,Mid CLV,High Risk,MONITOR: no action needed yet
13124,90,3,3866.33,2010-12-15 15:00:00,185,United Kingdom,359,1288.7766666666666,0,0,0.1,7754.199442896936,High CLV,Low Risk,REWARD: early access / loyalty perks (already staying)
13126,5,8,2099.64,2010-12-08 11:42:00,124,United Kingdom,367,262.455,0,0,0.04,4119.184741144414,Mid CLV,Low Risk,MONITOR: no action needed yet
13127,78,1,259.17,2011-09-23 10:26:00,15,United Kingdom,78,259.17,0,0,0.0033333333333333335,2392.3384615384616,Mid CLV,Low Risk,MONITOR: no action needed yet
13130,94,1,64.0,2011-09-06 15:30:00,2,United Kingdom,94,64.0,1,0,0.9266666666666666,264.5032909842339,Low CLV,High Risk,"DO NOT INVEST: low value, unlikely to be saved profitably"
13131,23,3,1073.3,2011-06-05 10:54:00,30,United Kingdom,188,357.76666666666665,0,0,0.05333333333333334,4110.510638297872,Mid CLV,Low Risk,MONITOR: no action needed yet
13132,262,1,77.3,2011-03-23 12:44:00,3,United Kingdom,262,77.3,1,1,1.0,106.21374045801527,Low CLV,High Risk,"DO NOT INVEST: low value, unlikely to be saved profitably"
13133,274,2,109.8,2011-02-08 15:48:00,7,United Kingdom,304,54.9,1,1,0.87,149.45553539019966,Low CLV,High Risk,"DO NOT INVEST: low value, unlikely to be saved profitably"
13134,86,4,1793.58,2011-04-13 12:57:00,94,United Kingdom,240,448.395,0,0,0.02666666666666667,5380.74,High CLV,Low Risk,REWARD: early access / loyalty perks (already staying)
13135,197,1,3096.0,2011-05-27 10:52:00,1,United Kingdom,197,3096.0,1,1,0.91,6217.214257823395,High CLV,High Risk,PRIORITIZE: proactive retention offer
13136,56,5,2607.61,2011-05-11 12:47:00,94,United Kingdom,213,521.522,0,0,0.07,8814.45633802817,High CLV,Low Risk,REWARD: early access / loyalty perks (already staying)
13137,11,8,3650.41,2011-02-04 11:54:00,345,United Kingdom,309,456.30125,0,0,0.0033333333333333335,8505.809708737863,High CLV,Low Risk,REWARD: early access / loyalty perks (already staying)
13138,22,6,962.39,2010-12-02 15:03:00,31,United Kingdom,372,160.39833333333334,0,0,0.15333333333333332,1862.690322580645,Mid CLV,Low Risk,MONITOR: no action needed yet
13139,16,7,5064.94,2011-03-25 11:57:00,132,United Kingdom,260,723.5628571428571,0,0,0.03333333333333333,14025.987692307692,High CLV,Low Risk,REWARD: early access / loyalty perks (already staying)
13140,108,3,423.72,2010-12-08 15:12:00,40,United Kingdom,366,141.24,1,0,0.9033333333333333,461.373177666203,Low CLV,High Risk,"DO NOT INVEST: low value, unlikely to be saved profitably"
13141,85,5,2388.75,2011-01-28 13:04:00,113,United Kingdom,315,477.75,0,0,0.14333333333333334,5460.0,High CLV,Low Risk,REWARD: early access / loyalty perks (already staying)
13142,19,1,307.09,2011-11-20 16:07:00,23,United Kingdom,19,307.09,0,0,0.0033333333333333335,7370.16,High CLV,Low Risk,REWARD: early access / loyalty perks (already staying)
13144,333,1,110.95,2011-01-11 11:15:00,3,United Kingdom,333,110.95,1,1,0.9933333333333333,120.75095229457646,Low CLV,High Risk,"DO NOT INVEST: low value, unlikely to be saved profitably"
13145,40,4,618.52,2010-12-02 18:06:00,5,United Kingdom,372,154.63,0,0,0.22333333333333333,1197.1354838709676,Low CLV,Low Risk,MONITOR: no action needed yet
13146,26,1,228.91,2011-11-13 15:29:00,16,United Kingdom,26,228.91,0,0,0.0,5493.84,High CLV,,MONITOR: no action needed yet
13147,10,4,712.8000000000001,2011-09-01 12:28:00,1,United Kingdom,100,178.20000000000002,0,0,0.11333333333333333,5132.16,High CLV,Low Risk,REWARD: early access / loyalty perks (already staying)
13148,29,12,3707.12,2010-12-10 13:06:00,231,United Kingdom,364,308.9266666666667,0,0,0.03666666666666667,7332.764835164835,High CLV,Low Risk,REWARD: early access / loyalty perks (already staying)
13149,14,4,1676.06,2011-02-23 13:57:00,76,United Kingdom,289,419.015,0,0,0.14,4175.651211072664,Mid CLV,Low Risk,MONITOR: no action needed yet
13151,296,1,1257.8700000000001,2011-02-17 12:29:00,73,United Kingdom,296,1257.8700000000001,1,1,0.97,1577.15658957927,Mid CLV,High Risk,MONITOR: no action needed yet
13153,6,1,486.22,2011-12-04 12:14:00,15,United Kingdom,6,486.22,0,0,0.0033333333333333335,11669.28,High CLV,Low Risk,REWARD: early access / loyalty perks (already staying)
13155,33,4,971.76,2010-12-06 12:44:00,67,United Kingdom,369,242.94,0,0,0.09666666666666666,1896.1170731707316,Mid CLV,Low Risk,MONITOR: no action needed yet
13157,49,4,1741.22,2011-02-14 14:03:00,69,United Kingdom,298,435.305,0,0,0.07,4206.974496644296,Mid CLV,Low Risk,MONITOR: no action needed yet
13158,95,4,1201.06,2011-01-25 09:58:00,59,United Kingdom,319,300.265,1,0,0.09,2710.8564263322883,Mid CLV,Low Risk,MONITOR: no action needed yet
13159,9,4,1437.85,2011-08-16 11:44:00,114,United Kingdom,116,359.4625,0,0,0.01,8924.58620689655,High CLV,Low Risk,REWARD: early access / loyalty perks (already staying)
13160,22,1,91.8,2011-11-17 13:07:00,4,United Kingdom,22,91.8,0,0,0.0033333333333333335,2203.2,Mid CLV,Low Risk,MONITOR: no action needed yet
13161,313,1,112.75,2011-01-30 14:03:00,8,United Kingdom,313,112.75,1,1,1.0,129.68051118210863,Low CLV,High Risk,"DO NOT INVEST: low value, unlikely to be saved profitably"
13162,122,4,1688.29,2011-01-09 10:43:00,74,United Kingdom,335,422.0725,1,0,0.64,2834.8152985074626,Mid CLV,High Risk,MONITOR: no action needed yet
13165,46,2,1021.48,2010-12-23 14:06:00,40,United Kingdom,351,510.74,0,0,0.15666666666666668,2095.34358974359,Mid CLV,Low Risk,MONITOR: no action needed yet
13166,283,1,417.2,2011-03-01 15:16:00,39,United Kingdom,283,417.2,1,1,0.99,536.0745261805332,Low CLV,High Risk,"DO NOT INVEST: low value, unlikely to be saved profitably"
13167,19,4,791.33,2011-07-19 12:13:00,51,United Kingdom,144,197.8325,0,0,0.04,3956.6500000000005,Mid CLV,Low Risk,MONITOR: no action needed yet
13168,36,4,1319.19,2011-01-25 13:55:00,102,United Kingdom,318,329.7975,0,0,0.20333333333333334,2986.845283018868,Mid CLV,Low Risk,MONITOR: no action needed yet
13169,64,2,712.88,2011-04-01 14:24:00,11,United Kingdom,252,356.44,0,0,0.3333333333333333,2036.7999999999997,Mid CLV,Medium Risk,MONITOR: no action needed yet
13170,27,1,116.00999999999999,2011-11-13 12:19:00,29,United Kingdom,27,116.00999999999999,0,0,0.01,2784.24,Mid CLV,Low Risk,MONITOR: no action needed yet
13171,22,3,468.41,2011-02-13 14:16:00,37,United Kingdom,299,156.13666666666668,0,0,0.22666666666666666,1127.9438127090302,Low CLV,Low Risk,MONITOR: no action needed yet
13173,4,2,353.65,2010-12-07 14:30:00,41,United Kingdom,367,176.825,0,0,0.2866666666666667,693.8092643051771,Low CLV,Low Risk,MONITOR: no action needed yet
13174,16,3,2817.03,2010-12-05 16:24:00,228,United Kingdom,369,939.0100000000001,0,0,0.08333333333333333,5496.643902439025,High CLV,Low Risk,REWARD: early access / loyalty perks (already staying)
13176,46,1,492.84,2011-10-24 15:43:00,66,United Kingdom,46,492.84,0,0,0.006666666666666667,7714.017391304347,High CLV,Low Risk,REWARD: early access / loyalty perks (already staying)
13177,65,1,282.45,2011-10-06 09:56:00,17,United Kingdom,65,282.45,0,0,0.0,3128.6769230769232,Mid CLV,,MONITOR: no action needed yet
13178,26,11,5725.47,2010-12-14 12:22:00,95,United Kingdom,361,520.4972727272727,0,0,0.01,11419.219944598339,High CLV,Low Risk,REWARD: early access / loyalty perks (already staying)
13182,45,1,121.18,2011-10-25 13:46:00,11,United Kingdom,45,121.18,0,0,0.0033333333333333335,1938.88,Mid CLV,Low Risk,MONITOR: no action needed yet
13183,8,9,3957.78,2011-01-09 10:50:00,51,United Kingdom,335,439.75333333333333,0,0,0.05,8506.273432835822,High CLV,Low Risk,REWARD: early access / loyalty perks (already staying)
13184,15,10,1701.29,2011-02-22 17:25:00,138,United Kingdom,290,170.129,0,0,0.013333333333333334,4223.8924137931035,Mid CLV,Low Risk,MONITOR: no action needed yet
13185,268,1,71.4,2011-03-17 11:56:00,1,United Kingdom,268,71.4,1,1,0.9966666666666667,96.23121848949233,Low CLV,High Risk,"DO NOT INVEST: low value, unlikely to be saved profitably"
13186,40,3,1575.89,2011-08-03 09:09:00,69,United Kingdom,129,525.2966666666667,0,0,0.03333333333333333,8795.66511627907,High CLV,Low Risk,REWARD: early access / loyalty perks (already staying)
13187,337,1,236.02,2011-01-06 18:57:00,37,United Kingdom,337,236.02,1,1,0.9833333333333333,256.4015490620128,Low CLV,High Risk,"DO NOT INVEST: low value, unlikely to be saved profitably"
13188,11,1,114.60000000000001,2011-11-28 15:28:00,2,United Kingdom,11,114.60000000000001,0,0,0.0033333333333333335,2750.4,Mid CLV,Low Risk,MONITOR: no action needed yet
13189,19,2,260.68,2011-08-16 13:12:00,29,United Kingdom,115,130.34,0,0,0.03333333333333333,1632.0834782608697,Mid CLV,Low Risk,MONITOR: no action needed yet
13192,95,2,911.94,2011-05-18 14:57:00,57,United Kingdom,205,455.97,1,0,0.84,1906.494773519164,Mid CLV,High Risk,MONITOR: no action needed yet
13193,61,1,117.88,2011-10-09 14:30:00,22,United Kingdom,61,117.88,0,0,0.013333333333333334,1391.3704918032786,Low CLV,Low Risk,MONITOR: no action needed yet
13194,136,1,60.7,2011-07-27 09:01:00,3,United Kingdom,136,60.7,1,0,1.0,160.6764705882353,Low CLV,High Risk,"DO NOT INVEST: low value, unlikely to be saved profitably"
13196,11,4,1797.78,2011-03-22 14:24:00,97,United Kingdom,262,449.445,0,0,0.056666666666666664,4940.464122137405,High CLV,Low Risk,REWARD: early access / loyalty perks (already staying)
13198,10,6,3401.2400000000002,2010-12-13 09:29:00,199,United Kingdom,362,566.8733333333333,0,0,0.013333333333333334,6764.897237569061,High CLV,Low Risk,REWARD: early access / loyalty perks (already staying)
13199,4,38,9817.12,2010-12-08 10:51:00,48,United Kingdom,367,258.34526315789475,0,3,0.0033333333333333335,19259.744959128067,High CLV,Low Risk,REWARD: early access / loyalty perks (already staying)
13200,19,4,870.09,2011-08-05 14:50:00,42,United Kingdom,126,217.5225,0,0,0.04,4971.942857142857,High CLV,Low Risk,REWARD: early access / loyalty perks (already staying)
13203,10,4,869.46,2011-04-11 14:40:00,56,United Kingdom,242,217.365,0,0,0.023333333333333334,2586.823140495868,Mid CLV,Low Risk,MONITOR: no action needed yet
13207,15,2,250.26000000000002,2011-07-12 11:35:00,7,United Kingdom,151,125.13000000000001,0,0,0.06,1193.2927152317882,Low CLV,Low Risk,MONITOR: no action needed yet
13208,59,6,1223.9,2011-02-03 19:32:00,124,United Kingdom,309,203.98333333333335,0,0,0.02666666666666667,2851.8058252427186,Mid CLV,Low Risk,MONITOR: no action needed yet
13209,30,8,5891.61,2010-12-13 10:31:00,255,United Kingdom,362,736.45125,0,0,0.0,11718.119337016575,High CLV,,MONITOR: no action needed yet
13210,94,1,353.48,2011-09-07 08:18:00,22,United Kingdom,94,353.48,1,0,0.8333333333333334,1624.503829787234,Mid CLV,High Risk,MONITOR: no action needed yet
13211,10,3,1197.42,2010-12-13 16:17:00,45,United Kingdom,361,399.14000000000004,0,0,0.10666666666666667,2388.206094182826,Mid CLV,Low Risk,MONITOR: no action needed yet
13212,20,3,788.08,2011-10-09 14:48:00,128,United Kingdom,61,262.6933333333333,0,0,0.0033333333333333335,9301.927868852461,High CLV,Low Risk,REWARD: early access / loyalty perks (already staying)
13213,57,5,1520.58,2011-05-24 12:22:00,82,United Kingdom,200,304.116,0,0,0.006666666666666667,5474.088,High CLV,Low Risk,REWARD: early access / loyalty perks (already staying)
13216,268,1,333.74,2011-03-17 12:18:00,5,United Kingdom,268,333.74,1,1,0.9933333333333333,451.31623760392677,Low CLV,High Risk,"DO NOT INVEST: low value, unlikely to be saved profitably"
13217,122,3,533.98,2011-07-06 12:08:00,3,United Kingdom,157,177.99333333333334,1,0,0.8133333333333334,1505.4254985903726,Low CLV,High Risk,"DO NOT INVEST: low value, unlikely to be saved profitably"
13218,127,1,62.63999999999999,2011-08-04 16:59:00,5,United Kingdom,127,62.63999999999999,1,0,0.9966666666666667,178.1560582519158,Low CLV,High Risk,"DO NOT INVEST: low value, unlikely to be saved profitably"
13220,78,4,819.2900000000001,2011-04-17 10:59:00,18,United Kingdom,237,204.82250000000002,0,0,0.06666666666666667,2488.982278481013,Mid CLV,Low Risk,MONITOR: no action needed yet
13221,240,2,847.41,2010-12-15 13:24:00,62,United Kingdom,359,423.705,1,1,0.31666666666666665,1699.5409470752088,Mid CLV,Medium Risk,MONITOR: no action needed yet
13223,200,2,163.20000000000002,2011-04-21 15:16:00,5,United Kingdom,232,81.60000000000001,1,1,0.86,294.46672012830794,Low CLV,High Risk,"DO NOT INVEST: low value, unlikely to be saved profitably"
13224,60,2,2155.95,2011-07-11 14:10:00,101,United Kingdom,151,1077.975,0,0,0.15666666666666668,10280.026490066224,High CLV,Low Risk,REWARD: early access / loyalty perks (already staying)
13225,3,7,6463.84,2010-12-13 09:49:00,23,United Kingdom,362,923.4057142857143,0,0,0.01,12856.256353591161,High CLV,Low Risk,REWARD: early access / loyalty perks (already staying)
13226,273,1,108.21000000000001,2011-03-11 14:35:00,16,United Kingdom,273,108.21000000000001,1,1,0.9966666666666667,143.17174464331657,Low CLV,High Risk,"DO NOT INVEST: low value, unlikely to be saved profitably"
13227,202,1,257.7,2011-05-22 11:47:00,9,United Kingdom,202,257.7,1,1,0.9966666666666667,460.8033378588694,Low CLV,High Risk,"DO NOT INVEST: low value, unlikely to be saved profitably"
13228,81,1,358.0,2011-09-19 14:28:00,2,United Kingdom,81,358.0,0,0,0.01,3182.2222222222217,Mid CLV,Low Risk,MONITOR: no action needed yet
13229,226,1,160.95,2011-04-28 12:07:00,10,United Kingdom,226,160.95,1,1,0.9966666666666667,257.23799094326216,Low CLV,High Risk,"DO NOT INVEST: low value, unlikely to be saved profitably"
13230,4,14,2806.97,2010-12-09 19:28:00,393,United Kingdom,365,200.49785714285713,0,0,0.0033333333333333335,5537.036712328767,High CLV,Low Risk,REWARD: early access / loyalty perks (already staying)
13232,13,7,1357.6,2011-04-10 13:48:00,147,United Kingdom,243,193.94285714285712,0,0,0.02,4022.5185185185182,Mid CLV,Low Risk,MONITOR: no action needed yet
13233,74,2,605.12,2011-01-07 14:49:00,43,United Kingdom,336,302.56,0,0,0.13666666666666666,1296.6857142857143,Low CLV,Low Risk,MONITOR: no action needed yet
13235,212,1,1031.07,2011-05-11 17:13:00,53,United Kingdom,212,1031.07,1,1,0.9533333333333334,1836.580683467476,Mid CLV,High Risk,MONITOR: no action needed yet
13236,25,2,744.85,2011-08-25 08:58:00,34,United Kingdom,107,372.425,0,0,0.2966666666666667,5012.07476635514,High CLV,Low Risk,REWARD: early access / loyalty perks (already staying)
13238,17,4,700.73,2010-12-14 14:37:00,20,United Kingdom,360,175.1825,0,0,0.21,1401.46,Low CLV,Low Risk,MONITOR: no action needed yet
13239,262,1,329.56,2011-03-23 10:25:00,21,United Kingdom,262,329.56,1,1,0.9933333333333333,455.86966545417295,Low CLV,High Risk,"DO NOT INVEST: low value, unlikely to be saved profitably"
13240,96,4,663.65,2010-12-09 12:49:00,59,United Kingdom,366,165.9125,1,0,0.75,870.360655737705,Low CLV,High Risk,"DO NOT INVEST: low value, unlikely to be saved profitably"
13242,112,3,270.40000000000003,2011-05-10 12:26:00,12,United Kingdom,214,90.13333333333334,1,0,0.4866666666666667,909.7570093457945,Low CLV,Medium Risk,MONITOR: no action needed yet
13243,203,1,600.07,2011-05-20 13:14:00,56,United Kingdom,203,600.07,1,1,0.9733333333333334,1093.318712463729,Low CLV,High Risk,"DO NOT INVEST: low value, unlikely to be saved profitably"
13244,93,1,121.74000000000001,2011-09-08 11:46:00,27,United Kingdom,93,121.74000000000001,1,0,0.93,506.7221644120708,Low CLV,High Risk,"DO NOT INVEST: low value, unlikely to be saved profitably"
13245,51,1,430.5,2011-10-20 11:40:00,16,United Kingdom,51,430.5,0,0,0.0033333333333333335,6077.64705882353,High CLV,Low Risk,REWARD: early access / loyalty perks (already staying)
13246,18,6,1987.3,2011-01-13 13:36:00,110,United Kingdom,330,331.21666666666664,0,0,0.1,4335.927272727273,Mid CLV,Low Risk,MONITOR: no action needed yet
13247,18,4,501.12,2011-09-18 11:31:00,18,United Kingdom,83,125.28,0,0,0.023333333333333334,4347.065060240964,Mid CLV,Low Risk,MONITOR: no action needed yet
13248,125,2,465.68,2011-06-03 13:05:00,25,United Kingdom,189,232.84,1,0,0.7333333333333333,1209.5584415584417,Low CLV,High Risk,"DO NOT INVEST: low value, unlikely to be saved profitably"
13249,92,3,711.41,2011-03-23 15:26:00,21,United Kingdom,261,237.13666666666666,1,0,0.83,1182.235147486498,Low CLV,High Risk,"DO NOT INVEST: low value, unlikely to be saved profitably"
13253,157,2,1030.4,2011-01-04 15:43:00,35,United Kingdom,339,515.2,1,1,0.44333333333333336,2188.4601769911505,Mid CLV,Medium Risk,MONITOR: no action needed yet
13255,9,2,399.51,2010-12-01 11:58:00,13,United Kingdom,374,199.755,0,0,0.34,769.1101604278075,Low CLV,Medium Risk,MONITOR: no action needed yet
13258,12,3,698.58,2011-05-18 13:11:00,28,United Kingdom,205,232.86,0,0,0.04,2453.5492682926833,Mid CLV,Low Risk,MONITOR: no action needed yet
13259,62,1,292.32,2011-10-09 10:48:00,77,United Kingdom,62,292.32,0,0,0.023333333333333334,3394.6838709677418,Mid CLV,Low Risk,MONITOR: no action needed yet
13260,61,1,557.62,2011-10-09 13:21:00,8,United Kingdom,61,557.62,0,0,0.006666666666666667,6581.744262295082,High CLV,Low Risk,REWARD: early access / loyalty perks (already staying)
13261,269,2,944.1,2011-02-27 10:41:00,8,United Kingdom,286,472.05,1,1,0.8666666666666667,1371.2049488972566,Low CLV,High Risk,"DO NOT INVEST: low value, unlikely to be saved profitably"
13262,263,1,200.29,2011-03-21 15:06:00,11,United Kingdom,263,200.29,1,1,1.0,274.161216730038,Low CLV,High Risk,"DO NOT INVEST: low value, unlikely to be saved profitably"
13263,1,35,7454.07,2011-01-18 16:31:00,450,United Kingdom,325,212.97342857142857,0,3,0.0,16513.631999999998,High CLV,,MONITOR: no action needed yet
13265,53,5,2107.66,2011-03-11 09:54:00,66,United Kingdom,274,421.532,0,0,0.06,5538.3766423357665,High CLV,Low Risk,REWARD: early access / loyalty perks (already staying)
13266,11,12,3834.2599999999998,2011-03-28 10:14:00,82,United Kingdom,257,319.52166666666665,0,0,0.02,10741.895719844357,High CLV,Low Risk,REWARD: early access / loyalty perks (already staying)
13267,3,19,4521.49,2010-12-08 09:20:00,88,United Kingdom,367,237.97315789473683,0,3,0.006666666666666667,8870.49809264305,High CLV,Low Risk,REWARD: early access / loyalty perks (already staying)
13268,18,11,3214.69,2011-03-17 13:20:00,257,United Kingdom,267,292.24454545454546,0,0,0.0033333333333333335,8668.826966292136,High CLV,Low Risk,REWARD: early access / loyalty perks (already staying)
13269,1,15,5346.2300000000005,2010-12-05 11:51:00,177,United Kingdom,370,356.41533333333336,0,3,0.006666666666666667,10403.474594594594,High CLV,Low Risk,REWARD: early access / loyalty perks (already staying)
13270,366,1,590.0,2010-12-08 14:53:00,1,United Kingdom,366,590.0,1,1,1.0,580.3278688524591,Low CLV,High Risk,"DO NOT INVEST: low value, unlikely to be saved profitably"
13271,37,1,217.38,2011-11-02 14:31:00,79,United Kingdom,37,217.38,0,0,0.03,4230.097297297298,Mid CLV,Low Risk,MONITOR: no action needed yet
13272,31,2,276.56,2011-09-11 12:06:00,15,United Kingdom,90,138.28,0,0,0.006666666666666667,2212.48,Mid CLV,Low Risk,MONITOR: no action needed yet
13273,113,1,138.98,2011-08-18 14:02:00,16,United Kingdom,113,138.98,1,0,0.9933333333333333,445.73973985864467,Low CLV,High Risk,"DO NOT INVEST: low value, unlikely to be saved profitably"
13276,64,2,590.9300000000001,2011-09-01 10:03:00,30,United Kingdom,100,295.46500000000003,0,0,0.37666666666666665,4254.696000000001,Mid CLV,Medium Risk,MONITOR: no action needed yet
13277,16,4,258.4,2011-07-29 10:06:00,5,United Kingdom,134,64.6,0,0,0.17,1388.417910447761,Low CLV,Low Risk,MONITOR: no action needed yet
13278,41,1,542.73,2011-10-30 11:49:00,46,United Kingdom,41,542.73,0,0,0.0033333333333333335,9530.868292682928,High CLV,Low Risk,REWARD: early access / loyalty perks (already staying)
13279,78,1,137.75,2011-09-22 17:24:00,9,United Kingdom,78,137.75,0,0,0.0033333333333333335,1271.5384615384614,Low CLV,Low Risk,MONITOR: no action needed yet
13280,122,3,814.86,2011-01-06 17:10:00,67,United Kingdom,337,271.62,1,0,0.09666666666666666,1740.9471810089021,Mid CLV,Low Risk,MONITOR: no action needed yet
13282,18,3,1132.14,2011-05-03 12:03:00,29,United Kingdom,221,377.38000000000005,0,0,0.12333333333333334,3688.4199095022627,Mid CLV,Low Risk,MONITOR: no action needed yet
13283,60,2,93.66,2011-06-07 12:39:00,7,United Kingdom,186,46.83,0,0,0.5966666666666667,303.8169039466571,Low CLV,Medium Risk,MONITOR: no action needed yet
13284,331,1,201.19,2011-01-13 09:23:00,13,United Kingdom,331,201.19,1,1,1.0,218.816918429003,Low CLV,High Risk,"DO NOT INVEST: low value, unlikely to be saved profitably"
13285,23,4,2709.12,2011-02-22 17:13:00,157,United Kingdom,290,677.28,0,0,0.08333333333333333,6726.091034482759,High CLV,Low Risk,REWARD: early access / loyalty perks (already staying)
13291,156,1,361.11,2011-07-07 10:36:00,41,United Kingdom,156,361.11,1,1,0.98,850.3375196232339,Low CLV,High Risk,"DO NOT INVEST: low value, unlikely to be saved profitably"
13292,39,2,578.9399999999999,2011-02-28 15:00:00,29,United Kingdom,284,289.46999999999997,0,0,0.17333333333333334,1467.7352112676053,Low CLV,Low Risk,MONITOR: no action needed yet
13294,190,2,873.74,2011-04-04 12:37:00,48,United Kingdom,250,436.87,1,1,0.5933333333333334,2120.5375280898875,Mid CLV,Medium Risk,MONITOR: no action needed yet
13295,360,1,201.20000000000002,2010-12-15 11:21:00,10,United Kingdom,360,201.20000000000002,1,1,1.0,201.20000000000005,Low CLV,High Risk,"DO NOT INVEST: low value, unlikely to be saved profitably"
13296,137,1,87.4,2011-07-25 13:46:00,5,United Kingdom,137,87.4,1,0,1.0,229.66423357664235,Low CLV,High Risk,"DO NOT INVEST: low value, unlikely to be saved profitably"
13297,8,4,2089.85,2011-10-03 15:08:00,52,United Kingdom,67,522.4625,0,0,0.0033333333333333335,22458.089552238805,High CLV,Low Risk,REWARD: early access / loyalty perks (already staying)
13298,1,1,360.0,2011-12-08 13:11:00,2,United Kingdom,1,360.0,0,0,0.006666666666666667,8640.0,High CLV,Low Risk,REWARD: early access / loyalty perks (already staying)
13299,268,1,142.5,2011-03-16 12:55:00,5,United Kingdom,268,142.5,1,1,1.0,191.4179104477612,Low CLV,High Risk,"DO NOT INVEST: low value, unlikely to be saved profitably"
13300,169,1,371.89,2011-06-23 13:09:00,20,United Kingdom,169,371.89,1,1,0.9866666666666667,802.8970094354709,Low CLV,High Risk,"DO NOT INVEST: low value, unlikely to be saved profitably"
13301,104,4,618.09,2011-02-20 13:13:00,75,United Kingdom,292,154.5225,1,0,0.65,1172.3519494204427,Low CLV,High Risk,"DO NOT INVEST: low value, unlikely to be saved profitably"
13302,155,1,63.75,2011-07-07 17:56:00,1,United Kingdom,155,63.75,1,1,1.0,148.06451612903226,Low CLV,High Risk,"DO NOT INVEST: low value, unlikely to be saved profitably"
13304,351,1,300.42,2010-12-23 14:35:00,21,United Kingdom,351,300.42,1,1,0.9933333333333333,310.19101703665467,Low CLV,High Risk,"DO NOT INVEST: low value, unlikely to be saved profitably"
13305,4,10,2000.86,2010-12-02 12:10:00,50,United Kingdom,373,200.08599999999998,0,0,0.09333333333333334,3862.2498659517423,Mid CLV,Low Risk,MONITOR: no action needed yet
13307,120,1,15.0,2011-08-11 17:14:00,1,United Kingdom,120,15.0,1,0,0.99,45.45454545454545,Low CLV,High Risk,"DO NOT INVEST: low value, unlikely to be saved profitably"
13308,23,3,1385.51,2011-05-20 13:13:00,49,United Kingdom,203,461.83666666666664,0,0,0.05333333333333334,4914.124137931034,Mid CLV,Low Risk,MONITOR: no action needed yet
13309,7,5,1456.79,2011-02-04 12:29:00,82,United Kingdom,309,291.358,0,0,0.013333333333333334,3394.4621359223297,Mid CLV,Low Risk,MONITOR: no action needed yet
13310,28,3,1132.03,2011-01-19 14:50:00,65,United Kingdom,324,377.3433333333333,0,0,0.08666666666666667,2515.6222222222223,Mid CLV,Low Risk,MONITOR: no action needed yet
13311,4,2,598.57,2011-07-12 14:26:00,25,United Kingdom,150,299.285,0,0,0.2633333333333333,2873.1360000000004,Mid CLV,Low Risk,MONITOR: no action needed yet
13313,22,5,1555.32,2011-01-04 10:00:00,47,United Kingdom,340,311.06399999999996,0,0,0.07333333333333333,3293.618823529411,Mid CLV,Low Risk,MONITOR: no action needed yet
13314,2,3,775.94,2011-09-27 10:20:00,55,United Kingdom,74,258.6466666666667,0,0,0.0033333333333333335,7549.6864864864865,High CLV,Low Risk,REWARD: early access / loyalty perks (already staying)
13316,37,4,5977.7300000000005,2011-03-30 13:01:00,66,United Kingdom,254,1494.4325000000001,0,0,0.09,16944.746456692916,High CLV,Low Risk,REWARD: early access / loyalty perks (already staying)
13317,66,6,2273.68,2010-12-16 09:22:00,100,United Kingdom,359,378.94666666666666,0,0,0.043333333333333335,4560.026740947074,Mid CLV,Low Risk,MONITOR: no action needed yet
13318,1,3,640.76,2011-11-02 13:26:00,14,United Kingdom,37,213.58666666666667,0,0,0.056666666666666664,12468.843243243242,High CLV,Low Risk,REWARD: early access / loyalty perks (already staying)
13319,5,26,10845.550000000001,2010-12-09 10:04:00,209,United Kingdom,366,417.1365384615385,0,3,0.0,21335.508196721315,High CLV,,MONITOR: no action needed yet
13320,78,4,1548.7,2011-05-10 10:29:00,77,United Kingdom,214,387.175,0,0,0.07333333333333333,5210.579439252337,High CLV,Low Risk,REWARD: early access / loyalty perks (already staying)
13321,72,2,567.36,2011-09-14 15:18:00,10,United Kingdom,86,283.68,0,0,0.0033333333333333335,4749.990697674419,Mid CLV,Low Risk,MONITOR: no action needed yet
13322,17,1,199.48000000000002,2011-11-22 14:21:00,25,United Kingdom,17,199.48000000000002,0,0,0.013333333333333334,4787.52,Mid CLV,Low Risk,MONITOR: no action needed yet
13323,3,5,787.85,2011-09-16 13:23:00,6,United Kingdom,84,157.57,0,0,0.013333333333333334,6753.0,High CLV,Low Risk,REWARD: early access / loyalty perks (already staying)
13324,36,10,7121.95,2010-12-14 09:50:00,25,United Kingdom,361,712.1949999999999,0,0,0.013333333333333334,14204.443213296398,High CLV,Low Risk,REWARD: early access / loyalty perks (already staying)
13325,82,1,675.3,2011-09-19 10:36:00,12,United Kingdom,82,675.3,0,0,0.0,5929.463414634146,High CLV,,MONITOR: no action needed yet
13327,39,8,3627.77,2010-12-09 15:32:00,74,United Kingdom,365,453.47125,0,0,0.09666666666666666,7156.14904109589,High CLV,Low Risk,REWARD: early access / loyalty perks (already staying)
13328,316,1,1308.48,2011-01-27 15:22:00,17,United Kingdom,316,1308.48,1,1,0.9933333333333333,1500.6779373035429,Low CLV,High Risk,"DO NOT INVEST: low value, unlikely to be saved profitably"
13329,32,2,789.0,2010-12-08 10:11:00,16,United Kingdom,367,394.5,0,0,0.23666666666666666,1547.9019073569482,Mid CLV,Low Risk,MONITOR: no action needed yet
13330,93,3,1140.93,2011-01-28 10:08:00,37,United Kingdom,316,380.31,1,0,0.7866666666666666,1652.2800901094188,Mid CLV,High Risk,MONITOR: no action needed yet
13332,14,1,350.9,2011-11-25 13:30:00,21,United Kingdom,14,350.9,0,0,0.0,8421.599999999999,High CLV,,MONITOR: no action needed yet
13334,82,3,3536.82,2011-02-07 11:42:00,207,United Kingdom,306,1178.94,0,0,0.06333333333333334,8321.929411764708,High CLV,Low Risk,REWARD: early access / loyalty perks (already staying)
13336,77,1,795.12,2011-09-23 14:05:00,51,United Kingdom,77,795.12,0,0,0.01,7434.888311688312,High CLV,Low Risk,REWARD: early access / loyalty perks (already staying)
13338,158,1,487.02,2011-07-05 09:06:00,19,United Kingdom,158,487.02,1,1,0.9966666666666667,1113.3770797172006,Low CLV,High Risk,"DO NOT INVEST: low value, unlikely to be saved profitably"
13339,201,1,860.12,2011-05-23 08:31:00,54,United Kingdom,201,860.12,1,1,0.9666666666666667,1593.6345856922285,Mid CLV,High Risk,MONITOR: no action needed yet
13340,45,7,10736.48,2011-03-08 11:39:00,128,United Kingdom,277,1533.782857142857,0,0,0.06,27907.096028880867,High CLV,Low Risk,REWARD: early access / loyalty perks (already staying)
13341,261,1,775.85,2011-03-24 09:50:00,42,United Kingdom,261,775.85,1,1,0.9,1189.04214559387,Low CLV,High Risk,"DO NOT INVEST: low value, unlikely to be saved profitably"
13343,178,1,353.43,2011-06-15 12:24:00,19,United Kingdom,178,353.43,1,1,0.99,722.0224719101124,Low CLV,High Risk,"DO NOT INVEST: low value, unlikely to be saved profitably"
13344,68,3,2543.72,2011-03-07 10:28:00,115,United Kingdom,278,847.9066666666666,0,0,0.38666666666666666,6588.0517985611505,High CLV,Medium Risk,PRIORITIZE: proactive retention offer
13345,288,1,389.5,2011-02-25 09:01:00,20,United Kingdom,288,389.5,1,1,0.99,491.79292929292933,Low CLV,High Risk,"DO NOT INVEST: low value, unlikely to be saved profitably"
13347,70,1,341.36,2011-09-30 13:28:00,8,United Kingdom,70,341.36,0,0,0.0,3511.131428571429,Mid CLV,,MONITOR: no action needed yet
13348,64,1,233.76,2011-10-06 17:28:00,14,United Kingdom,64,233.76,0,0,0.0033333333333333335,2629.8,Mid CLV,Low Risk,MONITOR: no action needed yet
13349,11,1,247.32,2011-11-29 08:07:00,16,United Kingdom,11,247.32,0,0,0.0,5935.68,High CLV,,MONITOR: no action needed yet
13350,16,2,979.12,2011-09-21 13:33:00,36,United Kingdom,79,489.56,0,0,0.0,8923.625316455697,High CLV,,MONITOR: no action needed yet
13351,66,1,373.94,2011-10-04 12:55:00,16,United Kingdom,66,373.94,0,0,0.0033333333333333335,4079.3454545454542,Mid CLV,Low Risk,MONITOR: no action needed yet
13352,60,1,397.97999999999996,2011-10-10 13:55:00,24,United Kingdom,60,397.97999999999996,0,0,0.0,4775.759999999999,Mid CLV,,MONITOR: no action needed yet
13354,71,1,743.53,2011-09-29 13:17:00,51,United Kingdom,71,743.53,0,0,0.0,7540.022535211267,High CLV,,MONITOR: no action needed yet
13355,122,1,674.7,2011-08-09 14:48:00,32,United Kingdom,122,674.7,1,0,0.9766666666666667,2038.482627426845,Mid CLV,High Risk,MONITOR: no action needed yet
13356,80,1,768.24,2011-09-20 14:33:00,42,United Kingdom,80,768.24,0,0,0.0033333333333333335,6914.160000000001,High CLV,Low Risk,REWARD: early access / loyalty perks (already staying)
13357,257,1,609.95,2011-03-27 13:56:00,85,United Kingdom,257,609.95,1,1,0.9766666666666667,874.8170675024237,Low CLV,High Risk,"DO NOT INVEST: low value, unlikely to be saved profitably"
13358,269,1,439.03,2011-03-16 11:52:00,29,United Kingdom,269,439.03,1,1,0.99,593.4842852314971,Low CLV,High Risk,"DO NOT INVEST: low value, unlikely to be saved profitably"
13359,64,1,439.56,2011-10-07 09:30:00,23,United Kingdom,64,439.56,0,0,0.0,4945.05,High CLV,,MONITOR: no action needed yet
13362,9,4,3090.7400000000002,2011-02-25 11:33:00,128,United Kingdom,288,772.6850000000001,0,0,0.19333333333333333,7726.85,High CLV,Low Risk,REWARD: early access / loyalty perks (already staying)
13363,18,2,992.5,2011-10-27 10:46:00,47,United Kingdom,44,496.25,0,0,0.0,16240.909090909092,High CLV,,MONITOR: no action needed yet
13364,71,1,134.95999999999998,2011-09-29 18:13:00,10,United Kingdom,71,134.95999999999998,0,0,0.0,1368.608450704225,Low CLV,,MONITOR: no action needed yet
13365,34,2,2225.37,2011-05-06 12:00:00,122,United Kingdom,218,1112.685,0,0,0.29333333333333333,7349.8458715596325,High CLV,Low Risk,REWARD: early access / loyalty perks (already staying)
13366,50,1,56.160000000000004,2011-10-20 13:37:00,1,United Kingdom,50,56.160000000000004,0,0,0.023333333333333334,808.704,Low CLV,Low Risk,MONITOR: no action needed yet
13368,257,2,623.4,2011-01-06 12:32:00,29,United Kingdom,338,311.7,1,1,0.7766666666666666,854.9051476750386,Low CLV,High Risk,"DO NOT INVEST: low value, unlikely to be saved profitably"
13369,366,1,308.28000000000003,2010-12-09 11:30:00,14,United Kingdom,366,308.28000000000003,1,1,1.0,303.22622950819675,Low CLV,High Risk,"DO NOT INVEST: low value, unlikely to be saved profitably"
13370,372,1,754.87,2010-12-03 10:26:00,39,United Kingdom,372,754.87,1,1,0.9733333333333334,750.5335837384004,Low CLV,High Risk,"DO NOT INVEST: low value, unlikely to be saved profitably"
13372,90,1,378.64,2011-09-11 12:46:00,23,United Kingdom,90,378.64,0,0,0.01,3029.12,Mid CLV,Low Risk,MONITOR: no action needed yet
13373,61,3,3312.25,2011-03-08 14:35:00,135,United Kingdom,276,1104.0833333333333,0,0,0.056666666666666664,8640.652173913044,High CLV,Low Risk,REWARD: early access / loyalty perks (already staying)
13375,89,1,778.65,2011-09-12 10:19:00,37,United Kingdom,89,778.65,0,0,0.0,6299.191011235955,High CLV,,MONITOR: no action needed yet
13376,99,3,1019.76,2011-04-19 13:03:00,45,United Kingdom,234,339.92,1,0,0.68,2307.149321266968,Mid CLV,High Risk,MONITOR: no action needed yet
13379,26,3,572.56,2011-07-26 12:26:00,85,United Kingdom,137,190.85333333333332,0,0,0.03666666666666667,3009.0744525547443,Mid CLV,Low Risk,MONITOR: no action needed yet
13381,32,6,3639.31,2011-02-14 10:10:00,77,United Kingdom,299,606.5516666666666,0,0,0.06666666666666667,8763.555852842808,High CLV,Low Risk,REWARD: early access / loyalty perks (already staying)
13382,281,1,222.99,2011-03-04 10:03:00,15,United Kingdom,281,222.99,1,1,0.9866666666666667,289.54169471963064,Low CLV,High Risk,"DO NOT INVEST: low value, unlikely to be saved profitably"
13384,31,7,4151.93,2011-06-14 12:47:00,123,United Kingdom,179,593.1328571428572,0,0,0.013333333333333334,16700.500558659216,High CLV,Low Risk,REWARD: early access / loyalty perks (already staying)
13385,330,1,534.57,2011-01-14 09:52:00,35,United Kingdom,330,534.57,1,1,0.97,601.203373945642,Low CLV,High Risk,"DO NOT INVEST: low value, unlikely to be saved profitably"
13388,131,2,677.1,2011-07-31 12:52:00,35,United Kingdom,131,338.55,1,0,0.17333333333333334,3721.4656488549626,Mid CLV,Low Risk,MONITOR: no action needed yet
13389,11,3,797.96,2011-04-21 12:12:00,50,United Kingdom,233,265.9866666666667,0,0,0.07,2465.7991416309014,Mid CLV,Low Risk,MONITOR: no action needed yet
13390,75,1,544.08,2011-09-26 08:38:00,13,United Kingdom,75,544.08,0,0,0.0,5223.168,High CLV,,MONITOR: no action needed yet
13391,204,1,59.8,2011-05-20 10:50:00,1,United Kingdom,204,59.8,1,1,0.99,106.59536541889481,Low CLV,High Risk,"DO NOT INVEST: low value, unlikely to be saved profitably"
13394,2,8,2520.02,2011-02-03 10:39:00,124,United Kingdom,310,315.0025,0,0,0.0033333333333333335,5852.949677419354,High CLV,Low Risk,REWARD: early access / loyalty perks (already staying)
13395,185,1,307.72,2011-06-07 15:04:00,21,United Kingdom,185,307.72,1,1,0.9966666666666667,600.8091837657055,Low CLV,High Risk,"DO NOT INVEST: low value, unlikely to be saved profitably"
13396,29,2,1360.99,2011-01-24 13:37:00,42,United Kingdom,319,680.495,0,0,0.13666666666666666,3071.826959247649,Mid CLV,Low Risk,MONITOR: no action needed yet
13397,73,5,1544.13,2011-01-04 13:50:00,28,United Kingdom,339,308.826,0,0,0.07333333333333333,3279.5681415929203,Mid CLV,Low Risk,MONITOR: no action needed yet
13398,192,1,457.34,2011-05-31 13:17:00,26,United Kingdom,192,457.34,1,1,1.0,857.5124999999999,Low CLV,High Risk,"DO NOT INVEST: low value, unlikely to be saved profitably"
13402,127,2,621.23,2010-12-02 17:12:00,32,United Kingdom,372,310.615,1,0,0.7666666666666667,784.1612903225806,Low CLV,High Risk,"DO NOT INVEST: low value, unlikely to be saved profitably"
13403,18,1,75.0,2011-11-22 08:28:00,3,United Kingdom,18,75.0,0,0,0.0,1800.0,Mid CLV,,MONITOR: no action needed yet
13404,1,2,252.49,2011-05-11 11:57:00,11,United Kingdom,213,126.245,0,0,0.22333333333333333,853.487323943662,Low CLV,Low Risk,MONITOR: no action needed yet
13405,74,3,572.451,2011-01-26 09:27:00,25,United Kingdom,318,190.817,0,0,0.11333333333333333,1296.1154716981132,Low CLV,Low Risk,MONITOR: no action needed yet
13408,2,62,28117.04,2010-12-01 10:39:00,234,United Kingdom,374,453.5006451612903,0,3,0.0,54129.060962566844,High CLV,,MONITOR: no action needed yet
13410,24,5,1003.06,2011-02-21 14:38:00,15,United Kingdom,291,200.612,0,0,0.043333333333333335,2481.79793814433,Mid CLV,Low Risk,MONITOR: no action needed yet
13411,107,1,213.55,2011-08-24 13:57:00,17,United Kingdom,107,213.55,1,0,0.9933333333333333,723.3080348742395,Low CLV,High Risk,"DO NOT INVEST: low value, unlikely to be saved profitably"
13414,134,3,1390.5,2011-02-16 12:13:00,23,United Kingdom,297,463.5,1,0,0.88,1915.289256198347,Mid CLV,High Risk,MONITOR: no action needed yet
13416,44,2,712.5,2011-09-19 14:43:00,11,United Kingdom,81,356.25,0,0,0.006666666666666667,6333.333333333332,High CLV,Low Risk,REWARD: early access / loyalty perks (already staying)
13417,5,2,640.83,2011-05-18 16:26:00,26,United Kingdom,205,320.415,0,0,0.21333333333333335,2250.7200000000003,Mid CLV,Low Risk,MONITOR: no action needed yet
13418,12,18,6127.43,2010-12-02 10:45:00,223,United Kingdom,373,340.4127777777778,0,3,0.0,11827.74691689008,High CLV,,MONITOR: no action needed yet
13419,64,1,221.06,2011-10-07 12:49:00,16,United Kingdom,64,221.06,0,0,0.0,2486.925,Mid CLV,,MONITOR: no action needed yet
13420,150,2,159.85,2011-06-22 11:35:00,8,United Kingdom,171,79.925,1,1,0.8533333333333334,394.3667763157894,Low CLV,High Risk,"DO NOT INVEST: low value, unlikely to be saved profitably"
13421,40,2,1851.08,2011-02-22 15:46:00,88,United Kingdom,290,925.54,0,0,0.7833333333333333,2933.4796771826855,Mid CLV,High Risk,MONITOR: no action needed yet
13422,64,1,2626.3,2011-10-06 13:42:00,127,United Kingdom,64,2626.3,0,0,0.023333333333333334,29545.875,High CLV,Low Risk,REWARD: early access / loyalty perks (already staying)
13425,108,3,1624.21,2011-02-18 08:34:00,66,United Kingdom,295,541.4033333333333,1,0,0.7066666666666667,2804.8397825391753,Mid CLV,High Risk,MONITOR: no action needed yet
13426,1,10,3641.32,2010-12-15 12:43:00,103,United Kingdom,360,364.132,0,0,0.07,7282.639999999999,High CLV,Low Risk,REWARD: early access / loyalty perks (already staying)
13427,19,3,582.6,2011-05-08 15:58:00,25,United Kingdom,215,194.20000000000002,0,0,0.1,1951.0325581395348,Mid CLV,Low Risk,MONITOR: no action needed yet
13428,10,1,218.47,2011-11-29 14:20:00,70,United Kingdom,10,218.47,0,0,0.03,5243.28,High CLV,Low Risk,REWARD: early access / loyalty perks (already staying)
13429,11,4,1006.8,2011-09-25 15:59:00,55,United Kingdom,75,251.7,0,0,0.0,9665.279999999999,High CLV,,MONITOR: no action needed yet
13430,19,2,679.45,2011-09-14 14:26:00,48,United Kingdom,86,339.725,0,0,0.0033333333333333335,5688.418604651163,High CLV,Low Risk,REWARD: early access / loyalty perks (already staying)
13431,67,2,1269.1,2011-09-12 11:25:00,44,United Kingdom,89,634.55,0,0,0.0,10266.876404494382,High CLV,,MONITOR: no action needed yet
13434,74,2,534.24,2011-09-04 10:35:00,9,United Kingdom,97,267.12,0,0,0.14666666666666667,3965.492783505155,Mid CLV,Low Risk,MONITOR: no action needed yet
13435,5,7,3809.8900000000003,2011-06-03 17:07:00,68,United Kingdom,189,544.2700000000001,0,0,0.14666666666666667,14513.866666666669,High CLV,Low Risk,REWARD: early access / loyalty perks (already staying)
13436,2,1,196.89,2011-12-08 10:33:00,12,United Kingdom,2,196.89,0,0,0.006666666666666667,4725.36,Mid CLV,Low Risk,MONITOR: no action needed yet
13437,14,7,3408.06,2011-06-02 14:30:00,143,United Kingdom,190,486.86571428571426,0,0,0.016666666666666666,12914.753684210526,High CLV,Low Risk,REWARD: early access / loyalty perks (already staying)
13439,255,1,283.71,2011-03-29 14:20:00,54,United Kingdom,255,283.71,1,1,0.9666666666666667,414.34320486815415,Low CLV,High Risk,"DO NOT INVEST: low value, unlikely to be saved profitably"
13441,92,1,296.64,2011-09-09 09:38:00,13,United Kingdom,92,296.64,1,0,0.2733333333333333,2321.5304347826086,Mid CLV,Low Risk,MONITOR: no action needed yet
13447,23,3,1129.14,2011-11-04 10:10:00,55,United Kingdom,36,376.38000000000005,0,0,0.0,22582.800000000003,High CLV,,MONITOR: no action needed yet
13448,17,6,3539.37,2010-12-01 10:52:00,137,United Kingdom,374,589.895,0,0,0.14666666666666667,6813.760427807486,High CLV,Low Risk,REWARD: early access / loyalty perks (already staying)
13449,24,1,291.88,2011-11-16 08:28:00,19,United Kingdom,24,291.88,0,0,0.0,7005.12,High CLV,,MONITOR: no action needed yet
13450,27,6,2043.7199999999998,2011-05-05 19:48:00,32,United Kingdom,218,340.61999999999995,0,0,0.03333333333333333,6749.900917431191,High CLV,Low Risk,REWARD: early access / loyalty perks (already staying)
13451,26,5,2976.15,2011-01-09 15:35:00,315,United Kingdom,334,595.23,0,0,0.013333333333333334,6415.652694610779,High CLV,Low Risk,REWARD: early access / loyalty perks (already staying)
13452,259,2,590.0,2011-03-14 11:38:00,1,United Kingdom,271,295.0,1,1,0.8033333333333333,975.6396319149915,Low CLV,High Risk,"DO NOT INVEST: low value, unlikely to be saved profitably"
13453,166,2,356.97999999999996,2011-02-23 09:44:00,16,United Kingdom,290,178.48999999999998,1,1,0.5466666666666666,810.6358284272499,Low CLV,Medium Risk,MONITOR: no action needed yet
13455,25,2,1058.34,2010-12-08 13:11:00,42,United Kingdom,366,529.17,0,0,0.13333333333333333,2081.9803278688523,Mid CLV,Low Risk,MONITOR: no action needed yet
13456,18,6,1766.72,2011-05-16 15:34:00,43,United Kingdom,207,294.4533333333333,0,0,0.02,6145.113043478261,High CLV,Low Risk,REWARD: early access / loyalty perks (already staying)
13458,7,14,9646.57,2010-12-15 12:05:00,242,United Kingdom,360,689.0407142857142,0,3,0.0033333333333333335,19293.14,High CLV,Low Risk,REWARD: early access / loyalty perks (already staying)
13460,29,2,183.44,2011-10-21 09:50:00,16,United Kingdom,50,91.72,0,0,0.0,2641.536,Mid CLV,,MONITOR: no action needed yet
13461,39,3,1445.0,2011-06-29 10:23:00,14,United Kingdom,164,481.6666666666667,0,0,0.11,6343.90243902439,High CLV,Low Risk,REWARD: early access / loyalty perks (already staying)
13462,253,1,151.5,2011-04-01 11:20:00,9,United Kingdom,253,151.5,1,1,0.9966666666666667,216.29410287255277,Low CLV,High Risk,"DO NOT INVEST: low value, unlikely to be saved profitably"
13464,58,1,674.68,2011-10-12 15:01:00,41,United Kingdom,58,674.68,0,0,0.016666666666666666,8375.337931034483,High CLV,Low Risk,REWARD: early access / loyalty perks (already staying)
13466,184,1,307.9,2011-06-08 16:39:00,17,United Kingdom,184,307.9,1,1,1.0,602.4130434782608,Low CLV,High Risk,"DO NOT INVEST: low value, unlikely to be saved profitably"
13467,11,2,1083.71,2011-11-03 16:56:00,89,United Kingdom,36,541.855,0,0,0.006666666666666667,21674.2,High CLV,Low Risk,REWARD: early access / loyalty perks (already staying)
13468,2,37,5704.97,2010-12-01 15:08:00,184,United Kingdom,373,154.1883783783784,0,3,0.01,11012.274530831099,High CLV,Low Risk,REWARD: early access / loyalty perks (already staying)
13470,99,2,165.0,2011-08-16 17:06:00,7,United Kingdom,115,82.5,1,0,0.85,607.6726342710997,Low CLV,High Risk,"DO NOT INVEST: low value, unlikely to be saved profitably"
13471,1,4,2531.58,2011-10-23 13:10:00,214,United Kingdom,47,632.895,0,0,0.01,38781.65106382979,High CLV,Low Risk,REWARD: early access / loyalty perks (already staying)
13473,61,2,422.64,2011-01-11 08:45:00,21,United Kingdom,333,211.32,0,0,0.8166666666666667,559.4793160507447,Low CLV,High Risk,"DO NOT INVEST: low value, unlikely to be saved profitably"
13474,236,1,229.59,2011-04-17 13:53:00,59,United Kingdom,236,229.59,1,1,0.98,357.3694223452093,Low CLV,High Risk,"DO NOT INVEST: low value, unlikely to be saved profitably"
13475,191,4,1431.78,2011-02-14 12:36:00,64,United Kingdom,299,357.945,1,1,0.24666666666666667,3447.7645484949835,Mid CLV,Low Risk,MONITOR: no action needed yet
13476,179,2,1238.47,2011-03-03 14:43:00,56,United Kingdom,281,619.235,1,1,0.92,1724.6216927123626,Mid CLV,High Risk,MONITOR: no action needed yet
13477,38,6,1454.58,2011-02-21 12:29:00,57,United Kingdom,292,242.42999999999998,0,0,0.023333333333333334,3586.635616438356,Mid CLV,Low Risk,MONITOR: no action needed yet
13479,201,2,300.95,2011-04-19 11:27:00,14,United Kingdom,235,150.475,1,1,0.8766666666666667,525.8894911414934,Low CLV,High Risk,"DO NOT INVEST: low value, unlikely to be saved profitably"
13481,46,5,1804.56,2011-03-28 09:07:00,98,United Kingdom,257,360.912,0,0,0.013333333333333334,5055.576653696498,High CLV,Low Risk,REWARD: early access / loyalty perks (already staying)
13482,232,1,184.64,2011-04-21 17:03:00,11,United Kingdom,232,184.64,1,1,1.0,286.51034482758615,Low CLV,High Risk,"DO NOT INVEST: low value, unlikely to be saved profitably"
13483,66,1,140.34,2011-10-05 11:53:00,10,United Kingdom,66,140.34,0,0,0.0033333333333333335,1530.9818181818182,Mid CLV,Low Risk,MONITOR: no action needed yet
13484,241,1,313.8,2011-04-12 16:30:00,8,United Kingdom,241,313.8,1,1,0.9966666666666667,470.3146033111756,Low CLV,High Risk,"DO NOT INVEST: low value, unlikely to be saved profitably"
13485,233,1,454.24,2011-04-20 13:58:00,23,United Kingdom,233,454.24,1,1,0.9966666666666667,704.1773005870785,Low CLV,High Risk,"DO NOT INVEST: low value, unlikely to be saved profitably"
13486,78,3,1122.41,2011-07-07 17:19:00,69,United Kingdom,155,374.1366666666667,0,0,0.016666666666666666,5213.775483870968,High CLV,Low Risk,REWARD: early access / loyalty perks (already staying)
13487,58,3,575.4,2010-12-21 14:54:00,26,United Kingdom,353,191.79999999999998,0,0,0.12333333333333334,1173.6203966005664,Low CLV,Low Risk,MONITOR: no action needed yet
13488,17,13,8968.31,2010-12-07 13:01:00,271,United Kingdom,367,689.87,0,3,0.0,17594.504632152588,High CLV,,MONITOR: no action needed yet
13489,105,4,449.52,2011-02-18 10:42:00,11,United Kingdom,295,112.38,1,0,0.3466666666666667,1097.1335593220338,Low CLV,Medium Risk,MONITOR: no action needed yet
13491,52,10,1215.82,2010-12-02 14:30:00,73,United Kingdom,372,121.582,0,0,0.023333333333333334,2353.2,Mid CLV,Low Risk,MONITOR: no action needed yet
13492,136,3,1269.84,2011-05-09 10:06:00,38,Switzerland,215,423.28,1,0,0.25666666666666665,4252.487441860465,Mid CLV,Low Risk,MONITOR: no action needed yet
13493,275,2,618.63,2011-02-25 16:42:00,6,Switzerland,287,309.315,1,1,0.8566666666666667,905.8154259141257,Low CLV,High Risk,"DO NOT INVEST: low value, unlikely to be saved profitably"
13494,312,1,316.26000000000005,2011-02-01 11:58:00,18,United Kingdom,312,316.26000000000005,1,1,0.9933333333333333,367.36448115642753,Low CLV,High Risk,"DO NOT INVEST: low value, unlikely to be saved profitably"
13495,8,5,2044.8700000000001,2010-12-06 15:14:00,34,United Kingdom,368,408.97400000000005,0,0,0.05,4000.832608695652,Mid CLV,Low Risk,MONITOR: no action needed yet
13496,11,2,653.33,2010-12-15 10:17:00,28,United Kingdom,360,326.665,0,0,0.22,1306.66,Low CLV,Low Risk,MONITOR: no action needed yet
13497,283,2,348.05,2010-12-06 11:37:00,19,United Kingdom,369,174.025,1,1,0.8966666666666666,378.6925378547466,Low CLV,High Risk,"DO NOT INVEST: low value, unlikely to be saved profitably"
13499,18,5,1159.11,2011-03-15 08:52:00,31,United Kingdom,270,231.82199999999997,0,0,0.07333333333333333,3090.96,Mid CLV,Low Risk,MONITOR: no action needed yet
13500,23,3,1166.77,2011-08-09 12:20:00,60,United Kingdom,123,388.92333333333335,0,0,0.02,6829.873170731708,High CLV,Low Risk,REWARD: early access / loyalty perks (already staying)
13501,288,1,1340.32,2011-02-24 18:59:00,52,Switzerland,288,1340.32,1,1,0.9333333333333333,1795.0714285714287,Mid CLV,High Risk,MONITOR: no action needed yet
13502,17,3,292.0,2011-01-20 09:03:00,17,United Kingdom,324,97.33333333333333,0,0,0.24666666666666667,648.8888888888888,Low CLV,Low Risk,MONITOR: no action needed yet
13503,71,1,216.85,2011-09-29 13:23:00,17,United Kingdom,71,216.85,0,0,0.0,2199.0422535211264,Mid CLV,,MONITOR: no action needed yet
13504,64,1,295.93,2011-10-06 13:20:00,22,United Kingdom,64,295.93,0,0,0.01,3329.2124999999996,Mid CLV,Low Risk,MONITOR: no action needed yet
13505,73,4,4393.63,2011-04-21 12:07:00,182,Switzerland,233,1098.4075,0,0,0.043333333333333335,13576.882403433476,High CLV,Low Risk,REWARD: early access / loyalty perks (already staying)
13506,316,2,458.52,2010-12-05 12:15:00,26,United Kingdom,370,229.26,1,1,0.49,892.2551351351351,Low CLV,Medium Risk,MONITOR: no action needed yet
13507,3,4,2479.16,2011-07-17 11:50:00,146,United Kingdom,146,619.79,0,0,0.016666666666666666,12225.994520547945,High CLV,Low Risk,REWARD: early access / loyalty perks (already staying)
13508,244,1,110.97,2011-04-10 11:58:00,12,United Kingdom,244,110.97,1,1,1.0,163.72622950819672,Low CLV,High Risk,"DO NOT INVEST: low value, unlikely to be saved profitably"
13509,9,7,979.72,2011-02-28 13:27:00,27,United Kingdom,284,139.96,0,0,0.15,2483.7971830985916,Mid CLV,Low Risk,MONITOR: no action needed yet
13510,1,4,1791.56,2011-06-09 09:32:00,86,United Kingdom,184,447.89,0,0,0.0,7010.452173913042,High CLV,,MONITOR: no action needed yet
13512,261,1,251.21,2011-03-24 10:03:00,15,United Kingdom,261,251.21,1,1,1.0,346.496551724138,Low CLV,High Risk,"DO NOT INVEST: low value, unlikely to be saved profitably"
13513,127,1,205.1,2011-08-05 11:50:00,10,United Kingdom,127,205.1,1,0,0.9966666666666667,583.3302609749031,Low CLV,High Risk,"DO NOT INVEST: low value, unlikely to be saved profitably"
13514,74,1,152.20000000000002,2011-09-27 09:39:00,4,United Kingdom,74,152.20000000000002,0,0,0.006666666666666667,1480.864864864865,Low CLV,Low Risk,MONITOR: no action needed yet
13515,73,4,891.12,2011-04-06 10:33:00,50,United Kingdom,248,222.78,0,0,0.03666666666666667,2587.122580645161,Mid CLV,Low Risk,MONITOR: no action needed yet
13516,21,3,1389.41,2011-04-15 11:06:00,43,United Kingdom,239,463.1366666666667,0,0,0.12333333333333334,4185.670292887029,Mid CLV,Low Risk,MONITOR: no action needed yet
13517,60,3,2128.42,2011-06-13 08:44:00,125,United Kingdom,180,709.4733333333334,0,0,0.05333333333333334,8513.68,High CLV,Low Risk,REWARD: early access / loyalty perks (already staying)
13518,86,1,659.4399999999999,2011-09-15 10:29:00,36,United Kingdom,86,659.4399999999999,0,0,0.013333333333333334,5520.893023255813,High CLV,Low Risk,REWARD: early access / loyalty perks (already staying)
13519,78,1,122.75,2011-09-22 18:24:00,8,United Kingdom,78,122.75,0,0,0.006666666666666667,1133.076923076923,Low CLV,Low Risk,MONITOR: no action needed yet
13520,59,6,3624.35,2010-12-03 10:36:00,49,Switzerland,372,604.0583333333333,0,0,0.02666666666666667,7014.870967741935,High CLV,Low Risk,REWARD: early access / loyalty perks (already staying)
13521,1,3,1093.65,2011-11-29 15:09:00,313,United Kingdom,10,364.55,0,0,0.0,26247.600000000002,High CLV,,MONITOR: no action needed yet
13522,30,1,125.80000000000001,2011-11-09 15:11:00,5,United Kingdom,30,125.80000000000001,0,0,0.006666666666666667,3019.2000000000003,Mid CLV,Low Risk,MONITOR: no action needed yet
13523,33,5,3964.88,2010-12-08 14:22:00,157,United Kingdom,366,792.976,0,0,0.04,7799.763934426231,High CLV,Low Risk,REWARD: early access / loyalty perks (already staying)
13524,41,5,680.1800000000001,2011-05-04 12:26:00,17,United Kingdom,220,136.036,0,0,0.18666666666666668,2226.043636363637,Mid CLV,Low Risk,MONITOR: no action needed yet
13525,15,2,628.78,2011-04-05 15:36:00,5,United Kingdom,248,314.39,0,0,0.26666666666666666,1825.4903225806447,Mid CLV,Low Risk,MONITOR: no action needed yet
13527,34,7,2287.51,2011-01-17 11:17:00,153,United Kingdom,327,326.7871428571429,0,0,0.03333333333333333,5036.719266055046,High CLV,Low Risk,REWARD: early access / loyalty perks (already staying)
13529,79,2,307.76,2011-05-19 11:50:00,15,United Kingdom,205,153.88,0,0,0.6533333333333333,827.2294673967149,Low CLV,High Risk,"DO NOT INVEST: low value, unlikely to be saved profitably"
13531,205,2,483.8,2010-12-08 15:03:00,17,United Kingdom,366,241.9,1,1,0.7466666666666667,637.3243559718969,Low CLV,High Risk,"DO NOT INVEST: low value, unlikely to be saved profitably"
13532,34,1,210.31,2011-11-06 12:25:00,66,United Kingdom,34,210.31,0,0,0.006666666666666667,4453.623529411765,Mid CLV,Low Risk,MONITOR: no action needed yet
13533,183,3,270.79,2011-03-17 12:47:00,61,United Kingdom,268,90.26333333333334,1,1,0.8433333333333334,431.32145596130016,Low CLV,High Risk,"DO NOT INVEST: low value, unlikely to be saved profitably"
13534,2,25,5870.08,2010-12-16 15:23:00,119,United Kingdom,358,234.8032,0,3,0.0033333333333333335,11805.74748603352,High CLV,Low Risk,REWARD: early access / loyalty perks (already staying)
13536,1,7,3448.29,2011-09-25 13:30:00,91,United Kingdom,75,492.61285714285714,0,0,0.006666666666666667,33103.584,High CLV,Low Risk,REWARD: early access / loyalty perks (already staying)
13538,43,7,1280.85,2011-01-28 10:40:00,10,United Kingdom,316,182.97857142857143,0,0,0.02,2918.392405063291,Mid CLV,Low Risk,MONITOR: no action needed yet
13539,86,3,631.34,2011-02-03 15:23:00,35,United Kingdom,309,210.4466666666667,0,0,0.58,1268.175426849682,Low CLV,Medium Risk,MONITOR: no action needed yet
13544,40,2,291.41,2011-04-13 12:09:00,76,United Kingdom,241,145.705,0,0,0.14333333333333334,870.6024896265561,Low CLV,Low Risk,MONITOR: no action needed yet
13546,12,3,626.99,2011-05-23 12:14:00,72,United Kingdom,201,208.99666666666667,0,0,0.06666666666666667,2245.934328358209,Mid CLV,Low Risk,MONITOR: no action needed yet
13548,96,2,682.41,2011-04-10 11:35:00,114,United Kingdom,244,341.205,1,0,0.7933333333333333,1269.119024659044,Low CLV,High Risk,"DO NOT INVEST: low value, unlikely to be saved profitably"
13549,26,7,918.2,2011-04-11 13:42:00,37,United Kingdom,242,131.17142857142858,0,0,0.03333333333333333,2731.834710743802,Mid CLV,Low Risk,MONITOR: no action needed yet
13551,319,1,91.80000000000001,2011-01-24 14:46:00,4,United Kingdom,319,91.80000000000001,1,1,0.99,104.64519806212598,Low CLV,High Risk,"DO NOT INVEST: low value, unlikely to be saved profitably"
13552,66,12,3740.07,2011-01-28 10:10:00,82,United Kingdom,316,311.6725,0,0,0.013333333333333334,8521.67848101266,High CLV,Low Risk,REWARD: early access / loyalty perks (already staying)
13555,74,4,4149.28,2011-05-22 11:06:00,128,United Kingdom,202,1037.32,0,0,0.016666666666666666,14789.512871287128,High CLV,Low Risk,REWARD: early access / loyalty perks (already staying)
13557,28,2,584.06,2011-03-04 12:14:00,31,United Kingdom,281,292.03,0,0,0.32666666666666666,1496.5238434163698,Low CLV,Medium Risk,MONITOR: no action needed yet
13558,6,4,605.06,2011-10-02 13:01:00,123,United Kingdom,68,151.265,0,0,0.0,6406.517647058823,High CLV,,MONITOR: no action needed yet
13560,7,1,174.37,2011-12-02 13:11:00,32,United Kingdom,7,174.37,0,0,0.01,4184.88,Mid CLV,Low Risk,MONITOR: no action needed yet
13561,216,1,141.85999999999999,2011-05-08 12:39:00,14,United Kingdom,216,141.85999999999999,1,1,1.0,236.4333333333333,Low CLV,High Risk,"DO NOT INVEST: low value, unlikely to be saved profitably"
13562,82,3,1799.33,2011-04-08 12:42:00,50,United Kingdom,246,599.7766666666666,0,0,0.10333333333333333,5266.331707317073,High CLV,Low Risk,REWARD: early access / loyalty perks (already staying)
13563,84,2,777.53,2011-07-22 17:21:00,49,United Kingdom,140,388.765,0,0,0.12333333333333334,3998.7257142857143,Mid CLV,Low Risk,MONITOR: no action needed yet
13564,144,3,1749.02,2010-12-06 17:26:00,68,United Kingdom,368,583.0066666666667,1,0,0.7333333333333333,2333.1788537549405,Mid CLV,High Risk,MONITOR: no action needed yet
13565,19,2,240.22,2011-01-09 14:28:00,35,United Kingdom,334,120.11,0,0,0.21666666666666667,517.8395209580839,Low CLV,Low Risk,MONITOR: no action needed yet
13566,41,2,874.71,2011-09-18 12:40:00,134,United Kingdom,83,437.355,0,0,0.006666666666666667,7587.84578313253,High CLV,Low Risk,REWARD: early access / loyalty perks (already staying)
13568,173,1,192.85,2011-06-19 14:42:00,41,United Kingdom,173,192.85,1,1,0.9733333333333334,412.30105313168104,Low CLV,High Risk,"DO NOT INVEST: low value, unlikely to be saved profitably"
13569,17,2,373.75,2010-12-07 12:29:00,73,United Kingdom,368,186.875,0,0,0.15,731.2499999999999,Low CLV,Low Risk,MONITOR: no action needed yet
13570,243,1,239.49,2011-04-10 13:36:00,27,United Kingdom,243,239.49,1,1,0.9933333333333333,357.18120805369136,Low CLV,High Risk,"DO NOT INVEST: low value, unlikely to be saved profitably"
13571,13,12,2092.32,2011-03-31 12:43:00,157,United Kingdom,254,174.36,0,0,0.023333333333333334,5930.985826771654,High CLV,Low Risk,REWARD: early access / loyalty perks (already staying)
13572,206,1,1384.25,2011-05-18 11:59:00,32,United Kingdom,206,1384.25,1,1,0.98,2468.4466019417478,Mid CLV,High Risk,MONITOR: no action needed yet
13573,50,2,294.4,2011-03-31 14:47:00,24,United Kingdom,253,147.2,0,0,0.23,837.8181818181818,Low CLV,Low Risk,MONITOR: no action needed yet
13575,23,5,732.0699999999999,2011-06-16 14:24:00,41,United Kingdom,176,146.414,0,0,0.10333333333333333,2994.831818181818,Mid CLV,Low Risk,MONITOR: no action needed yet
13576,10,18,6717.34,2010-12-01 17:24:00,78,United Kingdom,373,373.18555555555554,0,3,0.013333333333333334,12966.447184986595,High CLV,Low Risk,REWARD: early access / loyalty perks (already staying)
13577,25,4,1687.6000000000001,2011-04-12 10:33:00,61,United Kingdom,242,421.90000000000003,0,0,0.07,5020.9586776859505,High CLV,Low Risk,REWARD: early access / loyalty perks (already staying)
13579,15,2,467.04,2010-12-05 16:10:00,19,United Kingdom,369,233.52,0,0,0.18,911.2975609756097,Low CLV,Low Risk,MONITOR: no action needed yet
13581,309,1,118.0,2011-02-03 14:41:00,10,United Kingdom,309,118.0,1,1,0.9966666666666667,137.93551319933758,Low CLV,High Risk,"DO NOT INVEST: low value, unlikely to be saved profitably"
13583,156,1,781.03,2011-07-07 10:40:00,53,United Kingdom,156,781.03,1,1,0.9733333333333334,1851.7571127502633,Mid CLV,High Risk,MONITOR: no action needed yet
13584,307,1,142.4,2011-02-06 12:49:00,24,United Kingdom,307,142.4,1,1,0.9933333333333333,168.10440941783446,Low CLV,High Risk,"DO NOT INVEST: low value, unlikely to be saved profitably"
13587,64,1,712.4,2011-10-07 12:31:00,8,United Kingdom,64,712.4,0,0,0.0033333333333333335,8014.5,High CLV,Low Risk,REWARD: early access / loyalty perks (already staying)
13588,16,9,2478.95,2011-03-29 15:53:00,131,United Kingdom,255,275.43888888888887,0,0,0.013333333333333334,6999.388235294117,High CLV,Low Risk,REWARD: early access / loyalty perks (already staying)
13589,15,2,379.65,2011-06-13 12:44:00,21,United Kingdom,180,189.825,0,0,0.07333333333333333,1518.6,Low CLV,Low Risk,MONITOR: no action needed yet
13590,11,6,1981.92,2011-02-09 13:25:00,70,United Kingdom,303,330.32,0,0,0.30666666666666664,4709.512871287129,Mid CLV,Medium Risk,MONITOR: no action needed yet
13591,65,3,1117.13,2011-03-18 12:18:00,56,United Kingdom,267,372.3766666666667,0,0,0.11,3012.4853932584274,Mid CLV,Low Risk,MONITOR: no action needed yet
13592,36,4,247.95999999999998,2011-03-20 14:01:00,15,United Kingdom,264,61.989999999999995,0,0,0.53,637.975986277873,Low CLV,Medium Risk,MONITOR: no action needed yet
13593,108,5,2037.0800000000002,2011-01-07 16:32:00,77,United Kingdom,336,407.41600000000005,1,0,0.61,3578.0093676814995,Mid CLV,High Risk,MONITOR: no action needed yet
13594,53,1,396.97,2011-10-18 10:19:00,26,United Kingdom,53,396.97,0,0,0.0033333333333333335,5392.8,High CLV,Low Risk,REWARD: early access / loyalty perks (already staying)
13596,6,2,697.04,2011-11-27 11:57:00,133,United Kingdom,13,348.52,0,0,0.03,16728.96,High CLV,Low Risk,REWARD: early access / loyalty perks (already staying)
13598,47,1,180.17000000000002,2011-10-23 14:28:00,33,United Kingdom,47,180.17000000000002,0,0,0.0,2760.0510638297874,Mid CLV,,MONITOR: no action needed yet
13599,1,21,5153.67,2010-12-08 10:11:00,171,United Kingdom,367,245.41285714285715,0,3,0.006666666666666667,10110.742234332425,High CLV,Low Risk,REWARD: early access / loyalty perks (already staying)
13600,312,1,219.52,2011-01-31 15:27:00,19,United Kingdom,312,219.52,1,1,0.9933333333333333,254.99225606608158,Low CLV,High Risk,"DO NOT INVEST: low value, unlikely to be saved profitably"
13601,45,2,693.32,2011-05-12 16:52:00,90,United Kingdom,211,346.66,0,0,0.22,2365.831279620853,Mid CLV,Low Risk,MONITOR: no action needed yet
13602,65,1,428.89,2011-10-06 11:47:00,23,United Kingdom,65,428.89,0,0,0.0,4750.781538461539,Mid CLV,,MONITOR: no action needed yet
13603,26,1,164.34,2011-11-13 15:57:00,27,United Kingdom,26,164.34,0,0,0.0,3944.16,Mid CLV,,MONITOR: no action needed yet
13606,29,3,280.53999999999996,2011-02-01 11:42:00,40,United Kingdom,312,93.51333333333332,0,0,0.6966666666666667,464.64114832535876,Low CLV,High Risk,"DO NOT INVEST: low value, unlikely to be saved profitably"
13607,40,1,678.01,2011-10-30 16:17:00,93,United Kingdom,40,678.01,0,0,0.006666666666666667,12204.18,High CLV,Low Risk,REWARD: early access / loyalty perks (already staying)
13610,12,7,1131.88,2011-02-27 14:44:00,165,United Kingdom,285,161.69714285714286,0,0,0.14333333333333334,2859.486315789474,Mid CLV,Low Risk,MONITOR: no action needed yet
13611,89,3,1171.8,2010-12-15 10:31:00,67,United Kingdom,360,390.59999999999997,0,0,0.08,2343.6,Mid CLV,Low Risk,MONITOR: no action needed yet
13614,24,4,1610.46,2011-01-13 12:37:00,171,United Kingdom,331,402.615,0,0,0.06,3503.1154078549853,Mid CLV,Low Risk,MONITOR: no action needed yet
13615,319,1,417.69,2011-01-25 08:21:00,23,United Kingdom,319,417.69,1,1,0.99,476.13565118267314,Low CLV,High Risk,"DO NOT INVEST: low value, unlikely to be saved profitably"
13617,40,3,544.18,2011-06-12 12:55:00,31,United Kingdom,180,181.39333333333332,0,0,0.04666666666666667,2176.72,Mid CLV,Low Risk,MONITOR: no action needed yet
13618,174,1,177.34,2011-06-19 11:09:00,13,United Kingdom,174,177.34,1,1,0.9966666666666667,368.13746972667514,Low CLV,High Risk,"DO NOT INVEST: low value, unlikely to be saved profitably"
13621,117,1,213.85,2011-08-15 08:26:00,19,United Kingdom,117,213.85,1,0,0.9866666666666667,666.8918918918919,Low CLV,High Risk,"DO NOT INVEST: low value, unlikely to be saved profitably"
13623,31,5,747.78,2011-02-15 13:08:00,75,United Kingdom,297,149.55599999999998,0,0,0.27,1812.8,Mid CLV,Low Risk,MONITOR: no action needed yet
13626,253,1,257.23,2011-04-01 10:05:00,19,United Kingdom,253,257.23,1,1,1.0,366.01897233201584,Low CLV,High Risk,"DO NOT INVEST: low value, unlikely to be saved profitably"
13627,59,5,1638.47,2010-12-17 09:52:00,84,United Kingdom,358,327.694,0,0,0.12,3295.246927374302,Mid CLV,Low Risk,MONITOR: no action needed yet
13629,23,11,7792.36,2011-01-05 12:09:00,28,United Kingdom,339,708.3963636363636,0,0,0.056666666666666664,16550.14513274336,High CLV,Low Risk,REWARD: early access / loyalty perks (already staying)
13630,5,7,2031.78,2011-02-27 12:49:00,51,United Kingdom,286,290.2542857142857,0,0,0.016666666666666666,5114.9706293706295,High CLV,Low Risk,REWARD: early access / loyalty perks (already staying)
13631,100,11,3070.42,2011-03-17 17:13:00,6,United Kingdom,267,279.1290909090909,1,0,0.6566666666666666,6304.404266240803,High CLV,High Risk,PRIORITIZE: proactive retention offer
13632,25,5,2121.27,2011-04-10 15:07:00,121,United Kingdom,243,424.254,0,0,0.06333333333333334,6285.2444444444445,High CLV,Low Risk,REWARD: early access / loyalty perks (already staying)
13634,33,5,1575.16,2011-01-16 15:30:00,156,United Kingdom,327,315.03200000000004,0,0,0.06666666666666667,3468.2422018348625,Mid CLV,Low Risk,MONITOR: no action needed yet
13635,68,1,1071.03,2011-10-03 10:55:00,62,United Kingdom,68,1071.03,0,0,0.006666666666666667,11340.317647058822,High CLV,Low Risk,REWARD: early access / loyalty perks (already staying)
13636,37,5,949.12,2011-02-27 14:29:00,57,United Kingdom,285,189.824,0,0,0.07,2397.7768421052633,Mid CLV,Low Risk,MONITOR: no action needed yet
13637,52,3,810.5,2011-04-27 13:06:00,79,United Kingdom,226,270.1666666666667,0,0,0.023333333333333334,2582.1238938053098,Mid CLV,Low Risk,MONITOR: no action needed yet
13638,16,1,122.64,2011-11-24 10:38:00,8,United Kingdom,16,122.64,0,0,0.006666666666666667,2943.36,Mid CLV,Low Risk,MONITOR: no action needed yet
13639,74,1,1033.34,2011-09-26 13:36:00,39,United Kingdom,74,1033.34,0,0,0.0033333333333333335,10054.118918918917,High CLV,Low Risk,REWARD: early access / loyalty perks (already staying)
13642,216,1,354.8,2011-05-08 12:34:00,57,United Kingdom,216,354.8,1,1,0.9833333333333333,601.3559322033898,Low CLV,High Risk,"DO NOT INVEST: low value, unlikely to be saved profitably"
13643,31,3,519.44,2011-06-07 11:40:00,24,United Kingdom,186,173.14666666666668,0,0,0.10666666666666667,2010.7354838709678,Mid CLV,Low Risk,MONITOR: no action needed yet
13644,16,4,2624.26,2011-08-26 11:53:00,144,United Kingdom,106,656.065,0,0,0.0,17825.162264150946,High CLV,,MONITOR: no action needed yet
13645,120,1,252.1,2011-08-11 16:11:00,5,United Kingdom,120,252.1,1,0,1.0,756.3,Low CLV,High Risk,"DO NOT INVEST: low value, unlikely to be saved profitably"
13647,10,4,1678.1200000000001,2011-04-19 09:49:00,65,United Kingdom,235,419.53000000000003,0,0,0.12333333333333334,5141.474042553192,High CLV,Low Risk,REWARD: early access / loyalty perks (already staying)
13649,257,2,346.6,2010-12-08 14:46:00,23,United Kingdom,366,173.3,1,1,0.8766666666666667,388.8798853082342,Low CLV,High Risk,"DO NOT INVEST: low value, unlikely to be saved profitably"
13650,17,6,1836.34,2011-03-17 12:37:00,79,United Kingdom,268,306.0566666666667,0,0,0.04,4933.450746268656,Mid CLV,Low Risk,MONITOR: no action needed yet
13651,35,2,94.2,2011-10-31 12:11:00,6,United Kingdom,40,47.1,0,0,0.0033333333333333335,1695.6000000000001,Mid CLV,Low Risk,MONITOR: no action needed yet
13652,46,3,1095.08,2010-12-06 09:21:00,48,United Kingdom,369,365.02666666666664,0,0,0.08333333333333333,2136.741463414634,Mid CLV,Low Risk,MONITOR: no action needed yet
13654,43,6,2707.33,2011-03-11 12:54:00,157,United Kingdom,273,451.22166666666664,0,0,0.05,7140.210989010989,High CLV,Low Risk,REWARD: early access / loyalty perks (already staying)
13655,114,2,932.97,2011-04-12 09:53:00,52,United Kingdom,242,466.485,1,0,0.89,1559.4261305599405,Mid CLV,High Risk,MONITOR: no action needed yet
13656,165,2,379.65,2011-01-06 15:42:00,49,United Kingdom,337,189.825,1,1,0.7333333333333333,553.0374966280011,Low CLV,High Risk,"DO NOT INVEST: low value, unlikely to be saved profitably"
13657,11,2,382.14,2011-05-22 12:35:00,16,United Kingdom,202,191.07,0,0,0.18333333333333332,1362.0831683168317,Low CLV,Low Risk,MONITOR: no action needed yet
13658,10,5,2639.17,2011-05-19 17:15:00,91,United Kingdom,204,527.8340000000001,0,0,0.06333333333333334,9314.717647058824,High CLV,Low Risk,REWARD: early access / loyalty perks (already staying)
13659,206,2,1573.2,2011-01-23 12:08:00,92,United Kingdom,321,786.6,1,1,0.8966666666666666,1967.6614668380644,Mid CLV,High Risk,MONITOR: no action needed yet
13662,86,3,897.76,2011-03-25 13:23:00,50,United Kingdom,259,299.25333333333333,0,0,0.4533333333333333,2495.703474903475,Mid CLV,Medium Risk,MONITOR: no action needed yet
13663,179,1,189.47,2011-06-13 15:44:00,13,United Kingdom,179,189.47,1,1,0.9933333333333333,383.61441265794315,Low CLV,High Risk,"DO NOT INVEST: low value, unlikely to be saved profitably"
13666,60,3,84.65,2011-02-25 13:05:00,12,United Kingdom,287,28.21666666666667,0,0,0.11333333333333333,212.36236933797915,Low CLV,Low Risk,MONITOR: no action needed yet
13667,149,1,305.02,2011-07-13 15:42:00,82,United Kingdom,149,305.02,1,1,0.9733333333333334,757.151788176887,Low CLV,High Risk,"DO NOT INVEST: low value, unlikely to be saved profitably"
13668,3,21,6363.59,2010-12-12 12:35:00,284,United Kingdom,363,303.02809523809526,0,3,0.0,12621.996694214879,High CLV,,MONITOR: no action needed yet
13669,51,2,218.55,2011-07-13 11:44:00,9,United Kingdom,150,109.275,0,0,0.12,1049.04,Low CLV,Low Risk,MONITOR: no action needed yet
13670,75,1,349.7,2011-09-25 15:25:00,25,United Kingdom,75,349.7,0,0,0.01,3357.12,Mid CLV,Low Risk,MONITOR: no action needed yet
13672,301,2,186.39000000000001,2011-01-11 13:54:00,4,United Kingdom,332,93.19500000000001,1,1,0.66,306.2267250821468,Low CLV,High Risk,"DO NOT INVEST: low value, unlikely to be saved profitably"
13673,19,2,396.92,2011-11-07 15:40:00,47,United Kingdom,32,198.46,0,0,0.0,8930.7,High CLV,,MONITOR: no action needed yet
13675,151,2,486.82000000000005,2011-02-28 12:14:00,25,United Kingdom,285,243.41000000000003,1,1,0.8166666666666667,752.9761546723955,Low CLV,High Risk,"DO NOT INVEST: low value, unlikely to be saved profitably"
13678,152,1,232.6,2011-07-11 10:14:00,16,United Kingdom,152,232.6,1,1,1.0,550.8947368421053,Low CLV,High Risk,"DO NOT INVEST: low value, unlikely to be saved profitably"
13680,1,4,3722.42,2011-01-04 14:12:00,164,United Kingdom,339,930.605,0,0,0.13666666666666666,7906.0247787610615,High CLV,Low Risk,REWARD: early access / loyalty perks (already staying)
13681,18,4,827.83,2011-07-07 15:21:00,37,United Kingdom,155,206.9575,0,0,0.016666666666666666,3845.4038709677416,Mid CLV,Low Risk,MONITOR: no action needed yet
13682,187,1,59.5,2011-06-05 14:06:00,3,United Kingdom,187,59.5,1,1,1.0,114.54545454545453,Low CLV,High Risk,"DO NOT INVEST: low value, unlikely to be saved profitably"
13684,286,1,67.23,2011-02-27 10:13:00,29,United Kingdom,286,67.23,1,1,0.9966666666666667,84.90820216572725,Low CLV,High Risk,"DO NOT INVEST: low value, unlikely to be saved profitably"
13685,3,7,3119.44,2011-10-10 12:59:00,29,United Kingdom,60,445.63428571428574,0,0,0.02,37433.28,High CLV,Low Risk,REWARD: early access / loyalty perks (already staying)
13686,183,1,72.0,2011-06-10 09:10:00,8,United Kingdom,183,72.0,1,1,0.9733333333333334,145.519874242084,Low CLV,High Risk,"DO NOT INVEST: low value, unlikely to be saved profitably"
13689,63,1,910.0,2011-10-07 13:21:00,6,United Kingdom,63,910.0,0,0,0.01,10400.0,High CLV,Low Risk,REWARD: early access / loyalty perks (already staying)
13690,59,1,172.25,2011-10-11 15:03:00,9,United Kingdom,59,172.25,0,0,0.0,2102.033898305085,Mid CLV,,MONITOR: no action needed yet
13692,25,3,1488.32,2011-04-17 12:57:00,48,United Kingdom,236,496.1066666666666,0,0,0.09333333333333334,4540.637288135593,Mid CLV,Low Risk,MONITOR: no action needed yet
13694,4,50,65039.62,2010-12-01 12:12:00,366,United Kingdom,374,1300.7924,0,3,0.0033333333333333335,125209.96363636365,High CLV,Low Risk,REWARD: early access / loyalty perks (already staying)
13695,31,15,2504.13,2011-03-25 11:31:00,46,United Kingdom,260,166.942,0,0,0.016666666666666666,6934.513846153846,High CLV,Low Risk,REWARD: early access / loyalty perks (already staying)
13697,39,1,151.29999999999998,2011-11-01 09:14:00,12,United Kingdom,39,151.29999999999998,0,0,0.013333333333333334,2793.230769230769,Mid CLV,Low Risk,MONITOR: no action needed yet
13699,155,1,308.58000000000004,2011-07-07 16:51:00,14,United Kingdom,155,308.58000000000004,1,1,1.0,716.701935483871,Low CLV,High Risk,"DO NOT INVEST: low value, unlikely to be saved profitably"
13700,26,10,2265.12,2011-01-16 13:18:00,139,United Kingdom,327,226.512,0,0,0.03333333333333333,4987.420183486238,High CLV,Low Risk,REWARD: early access / loyalty perks (already staying)
13703,318,1,99.5,2011-01-25 13:10:00,1,United Kingdom,318,99.5,1,1,0.99,113.77930245854775,Low CLV,High Risk,"DO NOT INVEST: low value, unlikely to be saved profitably"
13704,5,9,2308.06,2011-09-12 14:40:00,111,United Kingdom,88,256.4511111111111,0,0,0.016666666666666666,18884.127272727274,High CLV,Low Risk,REWARD: early access / loyalty perks (already staying)
13705,8,3,711.86,2010-12-01 10:29:00,25,United Kingdom,374,237.28666666666666,0,0,0.20666666666666667,1370.425668449198,Low CLV,Low Risk,MONITOR: no action needed yet
13706,303,1,330.79,2011-02-10 09:21:00,20,United Kingdom,303,330.79,1,1,1.0,393.0178217821782,Low CLV,High Risk,"DO NOT INVEST: low value, unlikely to be saved profitably"
13707,267,2,806.41,2011-01-28 13:27:00,48,United Kingdom,315,403.205,1,1,0.71,1298.0442655935612,Low CLV,High Risk,"DO NOT INVEST: low value, unlikely to be saved profitably"
13708,271,1,296.88,2011-03-13 13:46:00,49,United Kingdom,271,296.88,1,1,0.9966666666666667,395.6983302274494,Low CLV,High Risk,"DO NOT INVEST: low value, unlikely to be saved profitably"
13709,4,13,6328.05,2011-01-28 14:57:00,244,United Kingdom,315,486.7730769230769,0,0,0.0,14464.114285714286,High CLV,,MONITOR: no action needed yet
13710,32,1,180.48,2011-11-08 08:16:00,8,United Kingdom,32,180.48,0,0,0.0,4060.7999999999997,Mid CLV,,MONITOR: no action needed yet
13711,219,2,252.06,2011-05-05 10:29:00,11,United Kingdom,219,126.03,1,1,0.76,545.1910598413842,Low CLV,High Risk,"DO NOT INVEST: low value, unlikely to be saved profitably"
13712,247,1,228.84,2011-04-07 12:33:00,10,United Kingdom,247,228.84,1,1,0.99,336.90099374309904,Low CLV,High Risk,"DO NOT INVEST: low value, unlikely to be saved profitably"
13715,281,5,1079.34,2010-12-02 08:52:00,89,United Kingdom,373,215.868,1,1,0.73,1427.016783576334,Low CLV,High Risk,"DO NOT INVEST: low value, unlikely to be saved profitably"
13716,269,1,138.28,2011-03-15 13:49:00,21,United Kingdom,269,138.28,1,1,0.9966666666666667,185.67766159814,Low CLV,High Risk,"DO NOT INVEST: low value, unlikely to be saved profitably"
13717,32,6,1445.01,2011-02-14 13:21:00,92,United Kingdom,298,240.835,0,0,0.0033333333333333335,3491.29932885906,Mid CLV,Low Risk,MONITOR: no action needed yet
13718,246,2,306.55,2011-02-17 11:58:00,9,United Kingdom,296,153.275,1,1,0.9266666666666666,402.3356990083609,Low CLV,High Risk,"DO NOT INVEST: low value, unlikely to be saved profitably"
13719,15,5,1041.68,2011-04-19 13:56:00,56,United Kingdom,234,208.336,0,0,0.04,3205.169230769231,Mid CLV,Low Risk,MONITOR: no action needed yet
13720,117,4,799.9,2011-03-30 09:17:00,42,United Kingdom,255,199.975,1,0,0.68,1660.692041522491,Mid CLV,High Risk,MONITOR: no action needed yet
13721,36,1,524.14,2011-11-03 14:05:00,28,United Kingdom,36,524.14,0,0,0.0,10482.800000000001,High CLV,,MONITOR: no action needed yet
13722,132,3,2375.41,2011-03-02 11:43:00,75,United Kingdom,283,791.8033333333333,1,0,0.8433333333333334,3583.0707132781176,Mid CLV,High Risk,MONITOR: no action needed yet
13723,217,1,199.85000000000002,2011-05-06 17:04:00,6,United Kingdom,217,199.85000000000002,1,1,1.0,331.54838709677426,Low CLV,High Risk,"DO NOT INVEST: low value, unlikely to be saved profitably"
13725,50,8,1980.56,2011-02-04 12:18:00,95,United Kingdom,309,247.57,0,0,0.01,4614.89708737864,Mid CLV,Low Risk,MONITOR: no action needed yet
13726,39,2,1079.6599999999999,2011-08-31 11:06:00,39,United Kingdom,101,539.8299999999999,0,0,0.12,7696.58613861386,High CLV,Low Risk,REWARD: early access / loyalty perks (already staying)
13727,29,2,333.48,2011-11-06 12:16:00,19,United Kingdom,34,166.74,0,0,0.016666666666666666,7061.929411764706,High CLV,Low Risk,REWARD: early access / loyalty perks (already staying)
13728,37,6,1016.14,2011-02-02 12:09:00,38,United Kingdom,311,169.35666666666665,0,0,0.07666666666666666,2352.4784565916398,Mid CLV,Low Risk,MONITOR: no action needed yet
13730,136,2,752.6,2011-07-01 12:47:00,38,United Kingdom,162,376.3,1,0,0.7433333333333333,2249.9252615844543,Mid CLV,High Risk,MONITOR: no action needed yet
13731,219,2,610.59,2011-04-07 10:10:00,36,United Kingdom,247,305.295,1,1,0.8233333333333334,1080.885115310856,Low CLV,High Risk,"DO NOT INVEST: low value, unlikely to be saved profitably"
13732,28,1,491.86,2011-11-11 15:49:00,33,United Kingdom,28,491.86,0,0,0.0033333333333333335,11804.64,High CLV,Low Risk,REWARD: early access / loyalty perks (already staying)
13735,25,4,2885.2400000000002,2011-04-19 13:49:00,158,United Kingdom,234,721.3100000000001,0,0,0.02,8877.66153846154,High CLV,Low Risk,REWARD: early access / loyalty perks (already staying)
13736,5,2,731.9,2011-03-24 13:04:00,166,United Kingdom,260,365.95,0,0,0.46,2026.8000000000002,Mid CLV,Medium Risk,MONITOR: no action needed yet
13737,200,1,339.59999999999997,2011-05-23 16:32:00,29,United Kingdom,200,339.59999999999997,1,1,0.9766666666666667,625.8839590443685,Low CLV,High Risk,"DO NOT INVEST: low value, unlikely to be saved profitably"
13739,18,1,216.9,2011-11-21 13:35:00,3,United Kingdom,18,216.9,0,0,0.0,5205.6,High CLV,,MONITOR: no action needed yet
13740,241,1,350.75,2011-04-13 10:32:00,23,United Kingdom,241,350.75,1,1,1.0,523.941908713693,Low CLV,High Risk,"DO NOT INVEST: low value, unlikely to be saved profitably"
13741,72,3,668.4300000000001,2011-05-06 13:43:00,34,United Kingdom,217,222.81000000000003,0,0,0.07666666666666666,2217.8322580645163,Mid CLV,Low Risk,MONITOR: no action needed yet
13742,17,12,3131.02,2011-01-23 14:59:00,200,United Kingdom,320,260.91833333333335,0,0,0.0033333333333333335,7044.795000000001,High CLV,Low Risk,REWARD: early access / loyalty perks (already staying)
13743,3,7,1341.6,2011-03-25 14:46:00,8,United Kingdom,259,191.65714285714284,0,0,0.02666666666666667,3729.544401544402,Mid CLV,Low Risk,MONITOR: no action needed yet
13744,95,2,1156.36,2011-02-20 14:08:00,54,United Kingdom,292,578.18,1,0,0.78,1827.7555321390935,Mid CLV,High Risk,MONITOR: no action needed yet
13745,162,1,300.04,2011-06-30 16:43:00,25,United Kingdom,162,300.04,1,1,0.99,673.4904601571268,Low CLV,High Risk,"DO NOT INVEST: low value, unlikely to be saved profitably"
13747,374,1,79.6,2010-12-01 10:37:00,1,United Kingdom,374,79.6,1,1,1.0,76.62032085561498,Low CLV,High Risk,"DO NOT INVEST: low value, unlikely to be saved profitably"
13748,96,5,948.25,2010-12-01 09:00:00,24,United Kingdom,374,189.65,1,0,0.73,1250.3479598564209,Low CLV,High Risk,"DO NOT INVEST: low value, unlikely to be saved profitably"
13750,54,5,1647.26,2011-01-07 11:49:00,20,United Kingdom,337,329.452,0,0,0.06,3519.3685459940652,Mid CLV,Low Risk,MONITOR: no action needed yet
13751,288,1,296.25,2011-02-24 15:56:00,9,United Kingdom,288,296.25,1,1,1.0,370.3125,Low CLV,High Risk,"DO NOT INVEST: low value, unlikely to be saved profitably"
13752,124,6,1186.28,2011-04-07 12:04:00,64,United Kingdom,247,197.71333333333334,1,0,0.07333333333333333,3457.982186234818,Mid CLV,Low Risk,MONITOR: no action needed yet
13753,288,1,741.26,2011-02-25 12:48:00,35,United Kingdom,288,741.26,1,1,0.9866666666666667,939.0962837837837,Low CLV,High Risk,"DO NOT INVEST: low value, unlikely to be saved profitably"
13754,152,2,282.59999999999997,2011-01-26 14:58:00,11,United Kingdom,317,141.29999999999998,1,1,0.85,377.5691222861384,Low CLV,High Risk,"DO NOT INVEST: low value, unlikely to be saved profitably"
13755,4,9,2161.35,2011-10-07 15:45:00,232,United Kingdom,63,240.14999999999998,0,0,0.0,24701.142857142855,High CLV,,MONITOR: no action needed yet
13756,2,14,5189.52,2010-12-07 11:41:00,66,United Kingdom,368,370.68,0,3,0.0,10153.408695652175,High CLV,,MONITOR: no action needed yet
13758,12,7,3190.55,2010-12-01 12:08:00,104,United Kingdom,374,455.79285714285714,0,0,0.03666666666666667,6142.235294117647,High CLV,Low Risk,REWARD: early access / loyalty perks (already staying)
13759,33,2,659.4100000000001,2011-09-29 15:40:00,24,United Kingdom,71,329.70500000000004,0,0,0.0033333333333333335,6686.974647887324,High CLV,Low Risk,REWARD: early access / loyalty perks (already staying)
13760,54,2,286.79,2011-03-28 12:52:00,50,United Kingdom,256,143.395,0,0,0.37333333333333335,806.5968750000001,Low CLV,Medium Risk,MONITOR: no action needed yet
13761,50,2,1070.65,2011-06-13 08:43:00,68,United Kingdom,180,535.325,0,0,0.52,4117.884615384616,Mid CLV,Medium Risk,MONITOR: no action needed yet
13762,219,1,306.72,2011-05-05 09:15:00,7,United Kingdom,219,306.72,1,1,0.9966666666666667,505.88353873642734,Low CLV,High Risk,"DO NOT INVEST: low value, unlikely to be saved profitably"
13763,63,1,1714.96,2011-10-07 15:13:00,15,United Kingdom,63,1714.96,0,0,0.0,19599.542857142857,High CLV,,MONITOR: no action needed yet
13764,71,3,1521.76,2011-01-06 14:53:00,183,United Kingdom,337,507.25333333333333,0,0,0.16666666666666666,3251.237982195846,Mid CLV,Low Risk,MONITOR: no action needed yet
13767,2,37,17220.36,2010-12-01 10:47:00,55,United Kingdom,374,465.41513513513513,0,3,0.06333333333333334,33151.495187165776,High CLV,Low Risk,REWARD: early access / loyalty perks (already staying)
13769,2,10,2796.51,2010-12-07 13:28:00,73,United Kingdom,367,279.651,0,0,0.023333333333333334,5486.34114441417,High CLV,Low Risk,REWARD: early access / loyalty perks (already staying)
13771,64,4,2634.45,2011-04-06 15:47:00,114,United Kingdom,247,658.6125,0,0,0.023333333333333334,7679.368421052632,High CLV,Low Risk,REWARD: early access / loyalty perks (already staying)
13772,34,3,1132.13,2011-04-14 12:31:00,141,United Kingdom,240,377.3766666666667,0,0,0.04,3396.3900000000003,Mid CLV,Low Risk,MONITOR: no action needed yet
13774,82,1,345.0,2011-09-19 12:06:00,22,United Kingdom,82,345.0,0,0,0.0,3029.2682926829266,Mid CLV,,MONITOR: no action needed yet
13777,1,33,25977.16,2010-12-01 16:01:00,36,United Kingdom,373,787.1866666666666,0,3,0.03666666666666667,50143.579624664875,High CLV,Low Risk,REWARD: early access / loyalty perks (already staying)
13778,103,1,178.7,2011-08-28 15:25:00,9,United Kingdom,103,178.7,1,0,1.0,624.5825242718447,Low CLV,High Risk,"DO NOT INVEST: low value, unlikely to be saved profitably"
13780,7,2,360.01,2011-06-22 11:43:00,56,United Kingdom,171,180.005,0,0,0.3566666666666667,1515.8315789473681,Low CLV,Medium Risk,MONITOR: no action needed yet
13781,251,1,127.84,2011-04-03 12:08:00,17,United Kingdom,251,127.84,1,1,0.9866666666666667,185.83396145149132,Low CLV,High Risk,"DO NOT INVEST: low value, unlikely to be saved profitably"
13782,13,6,912.0,2011-01-16 11:08:00,96,United Kingdom,328,152.0,0,0,0.06,2001.951219512195,Mid CLV,Low Risk,MONITOR: no action needed yet
13784,10,11,2462.79,2011-01-11 14:38:00,9,United Kingdom,332,223.89,0,0,0.06333333333333334,5340.9903614457835,High CLV,Low Risk,REWARD: early access / loyalty perks (already staying)
13786,367,1,230.39999999999998,2010-12-07 13:53:00,7,United Kingdom,367,230.39999999999998,1,1,0.9966666666666667,226.76132066014782,Low CLV,High Risk,"DO NOT INVEST: low value, unlikely to be saved profitably"
13787,76,2,309.04,2010-12-10 14:45:00,24,United Kingdom,364,154.52,0,0,0.26666666666666666,611.2879120879121,Low CLV,Low Risk,MONITOR: no action needed yet
13790,4,1,348.8,2011-12-05 15:48:00,45,United Kingdom,4,348.8,0,0,0.0,8371.2,High CLV,,MONITOR: no action needed yet
13791,128,2,1516.0,2011-06-24 16:38:00,7,United Kingdom,168,758.0,1,0,0.9066666666666666,3582.983193277311,Mid CLV,High Risk,MONITOR: no action needed yet
13792,66,2,195.55,2011-02-25 14:03:00,13,United Kingdom,287,97.775,0,0,0.79,310.4926564636351,Low CLV,High Risk,"DO NOT INVEST: low value, unlikely to be saved profitably"
13798,1,57,37153.85,2010-12-02 17:24:00,113,United Kingdom,372,651.8219298245614,0,3,0.0033333333333333335,71910.67741935483,High CLV,Low Risk,REWARD: early access / loyalty perks (already staying)
13799,117,2,688.86,2011-02-18 14:18:00,32,United Kingdom,294,344.43,1,0,0.8333333333333334,1012.2024489795917,Low CLV,High Risk,"DO NOT INVEST: low value, unlikely to be saved profitably"
13800,310,1,558.32,2011-02-03 12:27:00,33,United Kingdom,310,558.32,1,1,0.9966666666666667,650.5400798360125,Low CLV,High Risk,"DO NOT INVEST: low value, unlikely to be saved profitably"
13801,67,1,324.8,2011-10-04 10:15:00,23,United Kingdom,67,324.8,0,0,0.0,3490.3880597014922,Mid CLV,,MONITOR: no action needed yet
13802,139,3,4599.42,2011-02-01 12:03:00,55,United Kingdom,312,1533.14,1,0,0.7633333333333333,6952.431978501848,High CLV,High Risk,PRIORITIZE: proactive retention offer
13803,255,1,277.07,2011-03-29 12:57:00,17,United Kingdom,255,277.07,1,1,1.0,391.1576470588235,Low CLV,High Risk,"DO NOT INVEST: low value, unlikely to be saved profitably"
13804,31,7,2635.79,2011-02-23 09:09:00,124,United Kingdom,290,376.5414285714286,0,0,0.013333333333333334,6544.030344827586,High CLV,Low Risk,REWARD: early access / loyalty perks (already staying)
13805,52,2,924.6,2011-08-02 15:29:00,10,United Kingdom,129,462.3,0,0,0.5533333333333333,4663.154945362847,Mid CLV,Medium Risk,MONITOR: no action needed yet
13806,64,1,256.38,2011-10-07 11:43:00,10,United Kingdom,64,256.38,0,0,0.0,2884.2749999999996,Mid CLV,,MONITOR: no action needed yet
13807,367,1,112.6,2010-12-07 15:48:00,7,United Kingdom,367,112.6,1,1,0.9966666666666667,110.82172181567987,Low CLV,High Risk,"DO NOT INVEST: low value, unlikely to be saved profitably"
13808,6,5,1747.66,2011-09-04 12:07:00,70,United Kingdom,97,349.53200000000004,0,0,0.0033333333333333335,12972.321649484536,High CLV,Low Risk,REWARD: early access / loyalty perks (already staying)
13809,305,1,155.05,2011-02-07 13:15:00,11,Other,305,155.05,1,1,0.9966666666666667,183.62190909589341,Low CLV,High Risk,"DO NOT INVEST: low value, unlikely to be saved profitably"
13810,29,3,1499.01,2011-10-14 12:57:00,32,Germany,56,499.67,0,0,0.0033333333333333335,19272.985714285714,High CLV,Low Risk,REWARD: early access / loyalty perks (already staying)
13811,184,3,814.5,2011-04-14 18:40:00,7,Germany,239,271.5,1,1,0.5166666666666667,2374.571467134566,Mid CLV,Medium Risk,MONITOR: no action needed yet
13812,42,3,539.0,2011-08-26 12:54:00,33,Germany,105,179.66666666666666,0,0,0.03,3696.0,Mid CLV,Low Risk,MONITOR: no action needed yet
13813,40,4,1366.8600000000001,2011-07-28 10:33:00,54,Germany,135,341.71500000000003,0,0,0.03,7289.92,High CLV,Low Risk,REWARD: early access / loyalty perks (already staying)
13814,92,2,1579.12,2011-07-25 13:54:00,37,Germany,137,789.56,1,0,0.74,5607.449201025844,High CLV,High Risk,PRIORITIZE: proactive retention offer
13815,22,4,4027.36,2011-01-25 12:16:00,132,Germany,319,1006.84,0,0,0.03333333333333333,9089.966144200627,High CLV,Low Risk,REWARD: early access / loyalty perks (already staying)
13816,24,2,571.6700000000001,2011-10-06 14:37:00,25,Germany,64,285.83500000000004,0,0,0.02,6431.2875,High CLV,Low Risk,REWARD: early access / loyalty perks (already staying)
13817,29,2,382.98,2010-12-23 11:46:00,20,Germany,352,191.49,0,0,0.26666666666666666,783.3681818181819,Low CLV,Low Risk,MONITOR: no action needed yet
13819,302,3,1140.35,2011-01-24 10:38:00,26,United Kingdom,320,380.1166666666666,1,1,0.7966666666666666,1610.3268828451883,Mid CLV,High Risk,MONITOR: no action needed yet
13821,145,2,385.64,2011-03-23 11:30:00,51,United Kingdom,262,192.82,1,1,0.81,654.1815097540289,Low CLV,High Risk,"DO NOT INVEST: low value, unlikely to be saved profitably"
13822,6,2,632.0,2011-10-30 15:55:00,90,United Kingdom,40,316.0,0,0,0.0033333333333333335,11376.0,High CLV,Low Risk,REWARD: early access / loyalty perks (already staying)
13823,19,2,957.66,2011-09-09 10:42:00,39,United Kingdom,92,478.83,0,0,0.0033333333333333335,7494.730434782608,High CLV,Low Risk,REWARD: early access / loyalty perks (already staying)
13824,33,5,1698.94,2011-02-02 13:07:00,34,United Kingdom,310,339.788,0,0,0.09666666666666666,3945.9251612903226,Mid CLV,Low Risk,MONITOR: no action needed yet
13826,176,1,189.5,2011-06-16 13:48:00,10,United Kingdom,176,189.5,1,1,0.9966666666666667,388.91000304043786,Low CLV,High Risk,"DO NOT INVEST: low value, unlikely to be saved profitably"
13827,58,3,412.05,2011-07-19 15:38:00,83,United Kingdom,143,137.35,0,0,0.07666666666666666,2074.6573426573427,Mid CLV,Low Risk,MONITOR: no action needed yet
13828,22,1,209.49,2011-11-17 16:02:00,15,United Kingdom,22,209.49,0,0,0.0,5027.76,High CLV,,MONITOR: no action needed yet
13831,16,6,2202.99,2010-12-05 12:13:00,58,United Kingdom,370,367.16499999999996,0,0,0.04,4286.899459459459,Mid CLV,Low Risk,MONITOR: no action needed yet
13832,19,1,52.199999999999996,2011-11-20 15:36:00,3,United Kingdom,19,52.199999999999996,0,0,0.01,1252.8,Low CLV,Low Risk,MONITOR: no action needed yet
13833,159,1,384.8,2011-07-03 13:27:00,28,United Kingdom,159,384.8,1,1,0.99,880.045740423099,Low CLV,High Risk,"DO NOT INVEST: low value, unlikely to be saved profitably"
13835,25,4,834.57,2011-05-08 15:22:00,48,United Kingdom,215,208.6425,0,0,0.006666666666666667,2794.8390697674417,Mid CLV,Low Risk,MONITOR: no action needed yet
13837,212,2,271.24,2011-01-26 12:15:00,17,United Kingdom,318,135.62,1,1,0.9033333333333333,339.9234143284829,Low CLV,High Risk,"DO NOT INVEST: low value, unlikely to be saved profitably"
13838,6,4,691.73,2010-12-05 10:45:00,144,United Kingdom,370,172.9325,0,0,0.14333333333333334,1346.0691891891893,Low CLV,Low Risk,MONITOR: no action needed yet
13841,253,1,85.0,2011-04-01 12:10:00,1,United Kingdom,253,85.0,1,1,1.0,120.9486166007905,Low CLV,High Risk,"DO NOT INVEST: low value, unlikely to be saved profitably"
13842,59,9,3385.62,2010-12-08 10:39:00,155,United Kingdom,367,376.18,0,0,0.03,6642.088283378747,High CLV,Low Risk,REWARD: early access / loyalty perks (already staying)
13844,11,1,361.62,2011-11-28 13:21:00,20,United Kingdom,11,361.62,0,0,0.006666666666666667,8678.880000000001,High CLV,Low Risk,REWARD: early access / loyalty perks (already staying)
13845,65,1,312.98,2011-10-06 08:25:00,9,United Kingdom,65,312.98,0,0,0.0033333333333333335,3466.8553846153845,Mid CLV,Low Risk,MONITOR: no action needed yet
13846,25,3,865.0600000000001,2010-12-14 16:07:00,55,United Kingdom,360,288.35333333333335,0,0,0.08666666666666667,1730.1200000000001,Mid CLV,Low Risk,MONITOR: no action needed yet
13848,92,3,1255.0,2010-12-08 15:10:00,3,United Kingdom,366,418.3333333333333,1,0,0.73,1690.9948349427355,Mid CLV,High Risk,MONITOR: no action needed yet
13849,52,2,1537.95,2011-06-22 10:11:00,97,United Kingdom,171,768.975,0,0,0.32,6475.578947368422,High CLV,Medium Risk,PRIORITIZE: proactive retention offer
13850,129,1,1595.48,2011-08-02 14:04:00,93,United Kingdom,129,1595.48,1,0,0.93,4787.636909227308,Mid CLV,High Risk,MONITOR: no action needed yet
13851,96,3,2651.46,2011-02-24 17:18:00,77,United Kingdom,288,883.82,1,0,0.7766666666666666,4267.371244635194,Mid CLV,High Risk,MONITOR: no action needed yet
13853,57,1,1090.14,2011-10-13 14:18:00,23,United Kingdom,57,1090.14,0,0,0.006666666666666667,13770.189473684213,High CLV,Low Risk,REWARD: early access / loyalty perks (already staying)
13854,9,25,8109.5199999999995,2010-12-09 10:48:00,39,United Kingdom,366,324.38079999999997,0,3,0.02,15953.154098360657,High CLV,Low Risk,REWARD: early access / loyalty perks (already staying)
13856,169,3,388.5,2011-05-20 13:13:00,10,United Kingdom,203,129.5,1,1,0.73,943.7883797827116,Low CLV,High Risk,"DO NOT INVEST: low value, unlikely to be saved profitably"
13858,57,1,216.17,2011-10-13 16:17:00,11,United Kingdom,57,216.17,0,0,0.0,2730.5684210526315,Mid CLV,,MONITOR: no action needed yet
13859,326,1,201.16,2011-01-17 16:14:00,27,United Kingdom,326,201.16,1,1,0.9966666666666667,222.88282003406033,Low CLV,High Risk,"DO NOT INVEST: low value, unlikely to be saved profitably"
13860,1,5,1245.9,2011-09-14 09:27:00,58,United Kingdom,87,249.18,0,0,0.0,10310.896551724138,High CLV,,MONITOR: no action needed yet
13862,18,8,2209.36,2011-01-11 15:13:00,97,United Kingdom,332,276.17,0,0,0.0,4791.383132530121,Mid CLV,,MONITOR: no action needed yet
13863,248,1,305.78,2011-04-06 10:20:00,20,United Kingdom,248,305.78,1,1,0.9966666666666667,445.3587226237997,Low CLV,High Risk,"DO NOT INVEST: low value, unlikely to be saved profitably"
13865,58,4,501.56,2011-02-23 12:04:00,26,United Kingdom,290,125.39,0,0,0.1,1245.2524137931034,Low CLV,Low Risk,MONITOR: no action needed yet
13866,74,1,145.67000000000002,2011-09-26 14:54:00,7,United Kingdom,74,145.67000000000002,0,0,0.0033333333333333335,1417.32972972973,Low CLV,Low Risk,MONITOR: no action needed yet
13867,31,3,1015.29,2011-05-05 17:28:00,51,United Kingdom,218,338.43,0,0,0.21666666666666667,3353.251376146789,Mid CLV,Low Risk,MONITOR: no action needed yet
13868,7,2,3192.54,2011-11-01 12:45:00,32,United Kingdom,39,1596.27,0,0,0.013333333333333334,58939.2,High CLV,Low Risk,REWARD: early access / loyalty perks (already staying)
13869,123,4,3104.95,2010-12-17 15:14:00,234,United Kingdom,357,776.2375,1,0,0.6866666666666666,4559.769927388431,Mid CLV,High Risk,MONITOR: no action needed yet
13870,2,8,2770.94,2011-02-25 09:09:00,91,United Kingdom,288,346.3675,0,0,0.0,6927.35,High CLV,,MONITOR: no action needed yet
13871,23,13,6403.25,2011-02-04 09:30:00,155,United Kingdom,309,492.5576923076923,0,0,0.0033333333333333335,14920.194174757282,High CLV,Low Risk,REWARD: early access / loyalty perks (already staying)
13873,120,3,389.6,2011-02-03 09:37:00,21,United Kingdom,310,129.86666666666667,1,0,0.85,532.280834914611,Low CLV,High Risk,"DO NOT INVEST: low value, unlikely to be saved profitably"
13874,358,1,540.45,2010-12-16 18:20:00,18,United Kingdom,358,540.45,1,1,0.99,548.9588623666837,Low CLV,High Risk,"DO NOT INVEST: low value, unlikely to be saved profitably"
13875,54,5,1786.79,2011-02-11 15:39:00,79,United Kingdom,301,357.358,0,0,0.016666666666666666,4274.049169435216,Mid CLV,Low Risk,MONITOR: no action needed yet
13876,64,1,122.7,2011-10-07 10:22:00,7,United Kingdom,64,122.7,0,0,0.0,1380.375,Low CLV,,MONITOR: no action needed yet
13877,86,1,117.24,2011-09-14 15:49:00,3,United Kingdom,86,117.24,0,0,0.01,981.5441860465116,Low CLV,Low Risk,MONITOR: no action needed yet
13878,55,1,1281.53,2011-10-16 12:19:00,35,United Kingdom,55,1281.53,0,0,0.016666666666666666,16776.392727272727,High CLV,Low Risk,REWARD: early access / loyalty perks (already staying)
13880,21,13,3219.77,2010-12-07 14:00:00,125,United Kingdom,367,247.67461538461538,0,0,0.03666666666666667,6316.714986376022,High CLV,Low Risk,REWARD: early access / loyalty perks (already staying)
13881,4,20,17159.52,2011-02-01 10:14:00,72,United Kingdom,312,857.976,0,3,0.013333333333333334,39598.89230769231,High CLV,Low Risk,REWARD: early access / loyalty perks (already staying)
13882,3,5,1191.13,2011-10-06 15:28:00,54,United Kingdom,64,238.22600000000003,0,0,0.006666666666666667,13400.212500000001,High CLV,Low Risk,REWARD: early access / loyalty perks (already staying)
13883,11,5,2674.48,2011-03-31 17:17:00,108,United Kingdom,253,534.896,0,0,0.10333333333333333,7611.168379446641,High CLV,Low Risk,REWARD: early access / loyalty perks (already staying)
13884,7,5,787.6,2011-03-01 13:40:00,45,United Kingdom,283,157.52,0,0,0.06666666666666667,2003.7879858657243,Mid CLV,Low Risk,MONITOR: no action needed yet
13885,189,2,506.8,2011-05-23 08:52:00,28,United Kingdom,201,253.4,1,1,0.83,1093.6162560690523,Low CLV,High Risk,"DO NOT INVEST: low value, unlikely to be saved profitably"
13886,71,1,243.56,2011-09-29 13:17:00,16,United Kingdom,71,243.56,0,0,0.0,2469.904225352113,Mid CLV,,MONITOR: no action needed yet
13887,204,1,349.55,2011-05-19 17:22:00,19,United Kingdom,204,349.55,1,1,0.9966666666666667,618.915994491442,Low CLV,High Risk,"DO NOT INVEST: low value, unlikely to be saved profitably"
13888,120,2,605.63,2011-05-05 14:41:00,38,United Kingdom,218,302.815,1,0,0.75,1333.497247706422,Low CLV,High Risk,"DO NOT INVEST: low value, unlikely to be saved profitably"
13889,93,1,416.90000000000003,2011-09-08 09:13:00,15,United Kingdom,93,416.90000000000003,1,0,0.8266666666666667,1952.1852237252863,Mid CLV,High Risk,MONITOR: no action needed yet
13890,1,10,1883.8100000000002,2010-12-16 09:31:00,74,United Kingdom,359,188.38100000000003,0,0,0.01,3778.1147632311986,Mid CLV,Low Risk,MONITOR: no action needed yet
13892,27,4,632.97,2011-04-07 12:04:00,26,United Kingdom,247,158.2425,0,0,0.42,1845.0947368421057,Mid CLV,Medium Risk,MONITOR: no action needed yet
13893,298,1,821.1,2011-02-15 11:30:00,21,United Kingdom,298,821.1,1,1,0.9733333333333334,1019.1091293555207,Low CLV,High Risk,"DO NOT INVEST: low value, unlikely to be saved profitably"
13894,24,3,564.62,2011-02-02 12:54:00,25,United Kingdom,310,188.20666666666668,0,0,0.12333333333333334,1311.3754838709679,Low CLV,Low Risk,MONITOR: no action needed yet
13895,28,4,2593.07,2011-06-28 10:17:00,97,United Kingdom,165,648.2675,0,0,0.013333333333333334,11315.214545454546,High CLV,Low Risk,REWARD: early access / loyalty perks (already staying)
13897,50,1,311.16,2011-10-20 14:30:00,17,United Kingdom,50,311.16,0,0,0.0033333333333333335,4480.704,Mid CLV,Low Risk,MONITOR: no action needed yet
13898,326,1,155.93,2011-01-18 10:28:00,12,United Kingdom,326,155.93,1,1,0.9966666666666667,172.76853314730081,Low CLV,High Risk,"DO NOT INVEST: low value, unlikely to be saved profitably"
13899,16,2,388.52,2011-03-10 09:30:00,19,United Kingdom,275,194.26,0,0,0.5066666666666667,1003.8315789473684,Low CLV,Medium Risk,MONITOR: no action needed yet
13900,183,3,740.95,2011-03-22 10:13:00,42,United Kingdom,263,246.98333333333335,1,1,0.74,1370.5785633542287,Low CLV,High Risk,"DO NOT INVEST: low value, unlikely to be saved profitably"
13901,72,5,2867.2,2011-01-25 09:01:00,144,United Kingdom,319,573.4399999999999,0,0,0.01,6471.423197492162,High CLV,Low Risk,REWARD: early access / loyalty perks (already staying)
13904,37,2,332.64,2011-02-18 11:18:00,24,United Kingdom,295,166.32,0,0,0.21666666666666667,811.8671186440677,Low CLV,Low Risk,MONITOR: no action needed yet
13908,80,4,2369.55,2011-03-08 12:04:00,104,United Kingdom,277,592.3875,0,0,0.21666666666666667,6159.119133574009,High CLV,Low Risk,REWARD: early access / loyalty perks (already staying)
13911,57,9,2580.91,2011-02-04 14:46:00,120,United Kingdom,308,286.7677777777778,0,0,0.04,6033.296103896103,High CLV,Low Risk,REWARD: early access / loyalty perks (already staying)
13914,12,2,626.45,2011-11-03 16:28:00,28,United Kingdom,36,313.225,0,0,0.006666666666666667,12529.000000000002,High CLV,Low Risk,REWARD: early access / loyalty perks (already staying)
13917,50,2,272.04,2011-06-01 12:46:00,16,United Kingdom,192,136.02,0,0,0.08,1020.1500000000001,Low CLV,Low Risk,MONITOR: no action needed yet
13918,50,2,1212.8400000000001,2011-03-31 18:05:00,30,United Kingdom,253,606.4200000000001,0,0,0.64,2696.5316205533595,Mid CLV,High Risk,MONITOR: no action needed yet
13919,59,2,384.81,2011-08-10 10:15:00,24,Other,122,192.405,0,0,0.19,2271.009836065574,Mid CLV,Low Risk,MONITOR: no action needed yet
13922,352,1,172.25,2010-12-23 10:38:00,7,United Kingdom,352,172.25,1,1,0.9966666666666667,176.75395256916997,Low CLV,High Risk,"DO NOT INVEST: low value, unlikely to be saved profitably"
13923,54,1,351.13,2011-10-17 12:33:00,20,United Kingdom,54,351.13,0,0,0.006666666666666667,4681.733333333334,Mid CLV,Low Risk,MONITOR: no action needed yet
13924,2,6,1838.8500000000001,2011-09-28 15:07:00,90,United Kingdom,72,306.475,0,0,0.0033333333333333335,18388.500000000004,High CLV,Low Risk,REWARD: early access / loyalty perks (already staying)
13925,93,4,678.25,2011-07-28 12:09:00,28,United Kingdom,135,169.5625,1,0,0.08333333333333333,3617.3333333333335,Mid CLV,Low Risk,MONITOR: no action needed yet
13926,23,1,223.85000000000002,2011-11-16 13:16:00,11,United Kingdom,23,223.85000000000002,0,0,0.0,5372.400000000001,High CLV,,MONITOR: no action needed yet
13927,75,1,348.99,2011-09-26 12:00:00,21,United Kingdom,75,348.99,0,0,0.0033333333333333335,3350.304,Mid CLV,Low Risk,MONITOR: no action needed yet
13928,11,4,464.57,2011-07-29 15:59:00,23,United Kingdom,133,116.1425,0,0,0.11,2514.9654135338346,Mid CLV,Low Risk,MONITOR: no action needed yet
13929,169,2,842.65,2011-01-17 15:11:00,8,United Kingdom,326,421.325,1,1,0.8466666666666667,1099.055601178687,Low CLV,High Risk,"DO NOT INVEST: low value, unlikely to be saved profitably"
13930,58,2,337.34,2011-07-26 11:00:00,15,United Kingdom,137,168.67,0,0,0.12666666666666668,1772.8817518248175,Mid CLV,Low Risk,MONITOR: no action needed yet
13931,96,2,1237.53,2011-03-04 08:43:00,56,United Kingdom,281,618.765,1,0,0.92,1723.3127030790654,Mid CLV,High Risk,MONITOR: no action needed yet
13932,295,1,307.4,2011-02-18 12:02:00,16,United Kingdom,295,307.4,1,1,1.0,375.13220338983047,Low CLV,High Risk,"DO NOT INVEST: low value, unlikely to be saved profitably"
13933,109,2,608.7900000000001,2011-07-14 13:35:00,23,United Kingdom,148,304.39500000000004,1,0,0.7966666666666666,1858.7956575822689,Mid CLV,High Risk,MONITOR: no action needed yet
13934,264,1,922.1,2011-03-21 08:39:00,31,United Kingdom,264,922.1,1,1,0.9866666666666667,1274.4011056511056,Low CLV,High Risk,"DO NOT INVEST: low value, unlikely to be saved profitably"
13936,180,1,376.58,2011-06-13 08:47:00,26,United Kingdom,180,376.58,1,1,0.9866666666666667,763.3378378378377,Low CLV,High Risk,"DO NOT INVEST: low value, unlikely to be saved profitably"
13937,169,1,158.85,2011-06-23 16:35:00,9,United Kingdom,169,158.85,1,1,0.9966666666666667,339.51039955670774,Low CLV,High Risk,"DO NOT INVEST: low value, unlikely to be saved profitably"
13938,35,1,71.66,2011-11-04 14:37:00,7,United Kingdom,35,71.66,0,0,0.0033333333333333335,1474.1485714285711,Low CLV,Low Risk,MONITOR: no action needed yet
13939,23,3,568.55,2011-02-01 11:30:00,43,United Kingdom,312,189.51666666666665,0,0,0.10333333333333333,1312.0384615384614,Low CLV,Low Risk,MONITOR: no action needed yet
13940,17,4,839.14,2011-07-18 16:05:00,39,United Kingdom,144,209.785,0,0,0.006666666666666667,4195.7,Mid CLV,Low Risk,MONITOR: no action needed yet
13941,22,5,5112.96,2010-12-02 10:17:00,24,United Kingdom,373,1022.592,0,0,0.20666666666666667,9869.520643431635,High CLV,Low Risk,REWARD: early access / loyalty perks (already staying)
13946,79,3,561.5699999999999,2011-03-17 10:02:00,11,United Kingdom,268,187.18999999999997,0,0,0.08666666666666667,1508.6955223880595,Low CLV,Low Risk,MONITOR: no action needed yet
13947,65,1,90.6,2011-10-05 14:42:00,5,United Kingdom,65,90.6,0,0,0.0,1003.5692307692308,Low CLV,,MONITOR: no action needed yet
13948,361,1,102.0,2010-12-14 10:18:00,3,United Kingdom,361,102.0,1,1,0.99,102.74490052883405,Low CLV,High Risk,"DO NOT INVEST: low value, unlikely to be saved profitably"
13949,3,6,2427.32,2011-09-06 11:55:00,124,United Kingdom,95,404.55333333333334,0,0,0.0,18396.530526315793,High CLV,,MONITOR: no action needed yet
13950,11,4,745.06,2011-04-07 11:29:00,33,United Kingdom,247,186.265,0,0,0.08333333333333333,2171.8348178137653,Mid CLV,Low Risk,MONITOR: no action needed yet
13951,176,3,674.45,2011-02-18 15:21:00,38,United Kingdom,294,224.8166666666667,1,1,0.7733333333333333,1067.9187192118227,Low CLV,High Risk,"DO NOT INVEST: low value, unlikely to be saved profitably"
13952,218,2,3251.071,2011-04-15 09:27:00,120,United Kingdom,239,1625.5355,1,1,0.12666666666666668,9794.021422594142,High CLV,Low Risk,REWARD: early access / loyalty perks (already staying)
13953,7,7,3515.68,2010-12-22 10:29:00,8,United Kingdom,353,502.23999999999995,0,0,0.05,7170.792067988667,High CLV,Low Risk,REWARD: early access / loyalty perks (already staying)
13954,2,2,439.92,2011-09-30 10:52:00,24,United Kingdom,71,219.96,0,0,0.0,4461.160563380282,Mid CLV,,MONITOR: no action needed yet
13955,154,2,322.96,2011-02-07 12:24:00,33,United Kingdom,306,161.48,1,1,0.59,643.9880358923232,Low CLV,Medium Risk,MONITOR: no action needed yet
13956,5,5,1026.42,2011-03-13 12:51:00,123,United Kingdom,271,205.28400000000002,0,0,0.023333333333333334,2727.0199261992625,Mid CLV,Low Risk,MONITOR: no action needed yet
13959,79,3,598.2,2010-12-12 13:56:00,79,United Kingdom,362,199.4,0,0,0.11333333333333333,1189.790055248619,Low CLV,Low Risk,MONITOR: no action needed yet
13960,21,2,230.22,2011-09-29 12:39:00,11,United Kingdom,72,115.11,0,0,0.0,2302.2,Mid CLV,,MONITOR: no action needed yet
13962,22,2,169.55,2011-04-08 11:21:00,11,United Kingdom,246,84.775,0,0,0.33,496.24390243902445,Low CLV,Medium Risk,MONITOR: no action needed yet
13963,308,4,664.54,2010-12-07 09:21:00,35,United Kingdom,368,166.135,1,1,0.8,812.6168478260869,Low CLV,High Risk,"DO NOT INVEST: low value, unlikely to be saved profitably"
13967,146,1,80.7,2011-07-17 12:02:00,2,United Kingdom,146,80.7,1,1,0.9966666666666667,199.6518073945114,Low CLV,High Risk,"DO NOT INVEST: low value, unlikely to be saved profitably"
13969,7,18,9053.94,2010-12-09 19:32:00,334,United Kingdom,365,502.99666666666667,0,3,0.006666666666666667,17859.826849315068,High CLV,Low Risk,REWARD: early access / loyalty perks (already staying)
13971,19,8,2758.26,2011-02-27 12:27:00,118,United Kingdom,286,344.7825,0,0,0.006666666666666667,6943.87132867133,High CLV,Low Risk,REWARD: early access / loyalty perks (already staying)
13972,71,2,190.25,2011-05-22 11:34:00,15,United Kingdom,202,95.125,0,0,0.47333333333333333,678.1188118811881,Low CLV,Medium Risk,MONITOR: no action needed yet
13973,287,1,264.7,2011-02-25 15:21:00,11,United Kingdom,287,264.7,1,1,0.9966666666666667,333.1383356834046,Low CLV,High Risk,"DO NOT INVEST: low value, unlikely to be saved profitably"
13974,49,1,413.59000000000003,2011-10-21 14:41:00,28,United Kingdom,49,413.59000000000003,0,0,0.0,6077.240816326532,High CLV,,MONITOR: no action needed yet
13975,31,6,2526.28,2011-03-08 12:19:00,240,United Kingdom,277,421.0466666666667,0,0,0.016666666666666666,6566.503971119135,High CLV,Low Risk,REWARD: early access / loyalty perks (already staying)
13976,207,1,357.98,2011-05-17 09:13:00,10,United Kingdom,207,357.98,1,1,1.0,622.5739130434782,Low CLV,High Risk,"DO NOT INVEST: low value, unlikely to be saved profitably"
13978,15,2,196.79000000000002,2011-10-25 15:04:00,14,United Kingdom,45,98.39500000000001,0,0,0.02,3148.6400000000003,Mid CLV,Low Risk,MONITOR: no action needed yet
13979,73,1,869.87,2011-09-27 13:32:00,54,United Kingdom,73,869.87,0,0,0.01,8579.539726027399,High CLV,Low Risk,REWARD: early access / loyalty perks (already staying)
13980,60,1,200.14,2011-10-10 13:34:00,11,United Kingdom,60,200.14,0,0,0.0033333333333333335,2401.68,Mid CLV,Low Risk,MONITOR: no action needed yet
13982,39,4,1871.81,2010-12-09 13:57:00,72,United Kingdom,365,467.9525,0,0,0.16333333333333333,3692.337534246575,Mid CLV,Low Risk,MONITOR: no action needed yet
13983,30,12,2603.43,2010-12-08 10:38:00,91,United Kingdom,367,216.9525,0,0,0.07666666666666666,5107.54659400545,High CLV,Low Risk,REWARD: early access / loyalty perks (already staying)
13984,27,5,920.51,2010-12-08 15:58:00,14,United Kingdom,366,184.102,0,0,0.08666666666666667,1810.8393442622953,Mid CLV,Low Risk,MONITOR: no action needed yet
13985,4,15,7060.13,2011-03-20 13:48:00,108,United Kingdom,264,470.67533333333336,0,3,0.0033333333333333335,19254.899999999998,High CLV,Low Risk,REWARD: early access / loyalty perks (already staying)
13986,17,1,320.46,2011-11-22 15:00:00,12,United Kingdom,17,320.46,0,0,0.0,7691.039999999999,High CLV,,MONITOR: no action needed yet
13988,20,6,4147.96,2011-03-30 11:48:00,188,United Kingdom,255,691.3266666666667,0,0,0.0033333333333333335,11711.88705882353,High CLV,Low Risk,REWARD: early access / loyalty perks (already staying)
13989,66,2,1266.08,2011-04-14 15:39:00,33,United Kingdom,239,633.04,0,0,0.24333333333333335,3814.1322175732216,Mid CLV,Low Risk,MONITOR: no action needed yet
13990,213,1,311.3,2011-05-10 15:19:00,16,United Kingdom,213,311.3,1,1,0.9933333333333333,529.6719916816336,Low CLV,High Risk,"DO NOT INVEST: low value, unlikely to be saved profitably"
13991,12,6,855.97,2011-07-19 12:58:00,58,United Kingdom,143,142.66166666666666,0,0,0.03666666666666667,4309.779020979021,Mid CLV,Low Risk,MONITOR: no action needed yet
13992,30,1,76.8,2011-11-09 15:23:00,5,United Kingdom,30,76.8,0,0,0.01,1843.1999999999998,Mid CLV,Low Risk,MONITOR: no action needed yet
13993,43,9,3466.36,2011-01-13 10:43:00,66,United Kingdom,331,385.1511111111111,0,0,0.06666666666666667,7540.118429003021,High CLV,Low Risk,REWARD: early access / loyalty perks (already staying)
13994,4,6,2313.14,2011-07-14 18:28:00,122,United Kingdom,148,385.5233333333333,0,0,0.013333333333333334,11253.113513513512,High CLV,Low Risk,REWARD: early access / loyalty perks (already staying)
13995,15,5,1393.69,2011-04-08 08:20:00,55,United Kingdom,246,278.738,0,0,0.07,4079.09268292683,Mid CLV,Low Risk,MONITOR: no action needed yet
13999,10,12,3901.81,2010-12-13 11:23:00,102,United Kingdom,362,325.1508333333333,0,0,0.03,7760.506077348066,High CLV,Low Risk,REWARD: early access / loyalty perks (already staying)
14000,211,1,635.66,2011-05-12 16:50:00,15,United Kingdom,211,635.66,1,1,0.9666666666666667,1121.9362640954405,Low CLV,High Risk,"DO NOT INVEST: low value, unlikely to be saved profitably"
14001,46,3,2043.0800000000002,2010-12-01 12:58:00,34,United Kingdom,373,681.0266666666668,0,0,0.09333333333333334,3943.7469168900807,Mid CLV,Low Risk,MONITOR: no action needed yet
14002,134,2,529.73,2011-07-06 14:59:00,47,United Kingdom,156,264.865,1,0,0.6966666666666667,1754.7184394552814,Mid CLV,High Risk,MONITOR: no action needed yet
14004,43,7,4582.64,2011-02-24 09:28:00,102,United Kingdom,289,654.6628571428572,0,0,0.0,11416.95778546713,High CLV,,MONITOR: no action needed yet
14005,10,5,2874.72,2011-05-08 10:33:00,53,United Kingdom,216,574.944,0,0,0.05,9582.4,High CLV,Low Risk,REWARD: early access / loyalty perks (already staying)
14006,116,3,962.19,2011-01-31 15:11:00,22,United Kingdom,312,320.73,1,0,0.5266666666666666,2108.0111976630965,Mid CLV,Medium Risk,MONITOR: no action needed yet
14009,198,2,695.61,2011-05-18 13:00:00,42,United Kingdom,205,347.805,1,1,0.23666666666666666,2443.1180487804877,Mid CLV,Low Risk,MONITOR: no action needed yet
14012,278,1,328.8,2011-03-07 12:26:00,11,United Kingdom,278,328.8,1,1,1.0,425.78417266187046,Low CLV,High Risk,"DO NOT INVEST: low value, unlikely to be saved profitably"
14013,110,3,473.02,2011-03-09 08:59:00,30,United Kingdom,276,157.67333333333332,1,0,0.78,791.0033444816054,Low CLV,High Risk,"DO NOT INVEST: low value, unlikely to be saved profitably"
14014,77,1,505.18,2011-09-23 13:18:00,39,United Kingdom,77,505.18,0,0,0.0033333333333333335,4723.761038961039,Mid CLV,Low Risk,MONITOR: no action needed yet
14015,53,1,917.34,2011-10-18 10:02:00,20,United Kingdom,53,917.34,0,0,0.01,12461.977358490567,High CLV,Low Risk,REWARD: early access / loyalty perks (already staying)
14016,162,4,4341.21,2010-12-17 14:21:00,154,Other,357,1085.3025,1,1,0.7033333333333334,6224.204866780836,High CLV,High Risk,PRIORITIZE: proactive retention offer
14019,47,3,1421.61,2011-07-24 15:39:00,37,United Kingdom,138,473.86999999999995,0,0,0.03,7417.095652173913,High CLV,Low Risk,REWARD: early access / loyalty perks (already staying)
14020,17,2,642.8,2011-09-12 15:32:00,37,United Kingdom,88,321.4,0,0,0.0033333333333333335,5259.272727272727,High CLV,Low Risk,REWARD: early access / loyalty perks (already staying)
14021,155,3,631.9,2011-03-28 15:10:00,22,United Kingdom,256,210.63333333333333,1,1,0.7633333333333333,1164.1170851528384,Low CLV,High Risk,"DO NOT INVEST: low value, unlikely to be saved profitably"
14022,225,1,440.0,2011-04-28 14:39:00,28,United Kingdom,225,440.0,1,1,0.9766666666666667,720.8191126279863,Low CLV,High Risk,"DO NOT INVEST: low value, unlikely to be saved profitably"
14023,7,2,584.07,2011-04-03 15:50:00,30,United Kingdom,250,292.035,0,0,0.42333333333333334,1682.1216000000002,Mid CLV,Medium Risk,MONITOR: no action needed yet
14024,122,2,327.7,2011-08-07 13:31:00,16,United Kingdom,124,163.85,1,0,0.6533333333333333,1456.2047399605,Low CLV,High Risk,"DO NOT INVEST: low value, unlikely to be saved profitably"
14027,61,1,104.82,2011-10-10 09:01:00,6,United Kingdom,61,104.82,0,0,0.0,1237.2196721311475,Low CLV,,MONITOR: no action needed yet
14029,63,2,467.66,2011-07-18 16:57:00,15,United Kingdom,144,233.83,0,0,0.41333333333333333,2338.3,Mid CLV,Medium Risk,MONITOR: no action needed yet
14030,18,8,2360.09,2010-12-08 16:11:00,210,United Kingdom,366,295.01125,0,0,0.0033333333333333335,4642.8,Mid CLV,Low Risk,MONITOR: no action needed yet
14031,7,19,17286.86,2010-12-02 16:34:00,119,United Kingdom,372,909.8347368421053,0,3,0.01,33458.438709677415,High CLV,Low Risk,REWARD: early access / loyalty perks (already staying)
14032,2,11,2975.59,2010-12-08 10:53:00,53,United Kingdom,367,270.5081818181818,0,0,0.03333333333333333,5837.669754768393,High CLV,Low Risk,REWARD: early access / loyalty perks (already staying)
14034,22,3,651.8199999999999,2011-07-05 13:06:00,82,United Kingdom,157,217.2733333333333,0,0,0.03,2989.2382165605095,Mid CLV,Low Risk,MONITOR: no action needed yet
14035,29,5,1428.02,2011-02-15 12:48:00,41,United Kingdom,298,285.604,0,0,0.06,3450.24966442953,Mid CLV,Low Risk,MONITOR: no action needed yet
14036,285,1,626.65,2011-02-28 09:26:00,38,United Kingdom,285,626.65,1,1,1.0,791.5578947368421,Low CLV,High Risk,"DO NOT INVEST: low value, unlikely to be saved profitably"
14037,176,2,147.20000000000002,2010-12-10 11:39:00,27,United Kingdom,365,73.60000000000001,1,1,0.9266666666666666,156.6729082487435,Low CLV,High Risk,"DO NOT INVEST: low value, unlikely to be saved profitably"
14038,78,3,1560.38,2011-05-16 14:05:00,64,United Kingdom,207,520.1266666666667,0,0,0.03,5427.408695652173,High CLV,Low Risk,REWARD: early access / loyalty perks (already staying)
14039,33,1,152.2,2011-11-06 13:48:00,6,United Kingdom,33,152.2,0,0,0.0,3320.727272727272,Mid CLV,,MONITOR: no action needed yet
14040,41,12,3614.92,2011-01-12 14:57:00,146,United Kingdom,331,301.24333333333334,0,0,0.10333333333333333,7863.270090634442,High CLV,Low Risk,REWARD: early access / loyalty perks (already staying)
14041,266,1,141.41,2011-03-18 13:25:00,21,United Kingdom,266,141.41,1,1,1.0,191.38195488721803,Low CLV,High Risk,"DO NOT INVEST: low value, unlikely to be saved profitably"
14044,27,4,652.82,2011-02-03 11:39:00,165,United Kingdom,310,163.205,0,0,0.08,1516.2270967741936,Low CLV,Low Risk,MONITOR: no action needed yet
14045,109,4,1659.75,2010-12-01 11:32:00,4,United Kingdom,374,414.9375,1,0,0.77,2074.831585526773,Mid CLV,High Risk,MONITOR: no action needed yet
14046,284,1,154.99,2011-02-28 14:48:00,14,United Kingdom,284,154.99,1,1,1.0,196.4661971830986,Low CLV,High Risk,"DO NOT INVEST: low value, unlikely to be saved profitably"
14047,9,5,1308.6100000000001,2010-12-02 10:09:00,22,United Kingdom,373,261.72200000000004,0,0,0.38,2526.003217158177,Mid CLV,Medium Risk,MONITOR: no action needed yet
14048,305,1,409.93,2011-02-07 14:53:00,83,United Kingdom,305,409.93,1,1,0.96,504.0122950819672,Low CLV,High Risk,"DO NOT INVEST: low value, unlikely to be saved profitably"
14049,17,4,5681.72,2011-01-26 11:27:00,348,United Kingdom,318,1420.43,0,0,0.06666666666666667,12864.27169811321,High CLV,Low Risk,REWARD: early access / loyalty perks (already staying)
14050,32,2,746.36,2011-08-25 13:46:00,49,United Kingdom,106,373.18,0,0,0.23,5069.615094339623,High CLV,Low Risk,REWARD: early access / loyalty perks (already staying)
14051,1,23,15610.390000000001,2010-12-08 12:49:00,52,United Kingdom,367,678.7126086956522,0,3,0.0,30625.28828337875,High CLV,,MONITOR: no action needed yet
14052,20,1,225.36,2011-11-20 12:30:00,56,United Kingdom,20,225.36,0,0,0.0033333333333333335,5408.64,High CLV,Low Risk,REWARD: early access / loyalty perks (already staying)
14053,124,2,260.25,2011-07-03 12:21:00,2,United Kingdom,160,130.125,1,0,0.23666666666666666,1171.125,Low CLV,Low Risk,MONITOR: no action needed yet
14054,65,1,92.46,2011-10-05 15:49:00,6,United Kingdom,65,92.46,0,0,0.0,1024.1723076923076,Low CLV,,MONITOR: no action needed yet
14055,106,1,725.6400000000001,2011-08-25 15:04:00,10,United Kingdom,106,725.6400000000001,1,0,0.9066666666666666,2718.1298557158716,Mid CLV,High Risk,MONITOR: no action needed yet
14056,1,23,8214.65,2011-02-28 15:19:00,320,United Kingdom,284,357.1586956521739,0,3,0.0,20825.873239436616,High CLV,,MONITOR: no action needed yet
14057,24,17,6217.96,2010-12-14 12:11:00,179,United Kingdom,361,365.76235294117646,0,3,0.0,12401.471468144044,High CLV,,MONITOR: no action needed yet
14059,267,1,183.6,2011-03-18 10:06:00,8,United Kingdom,267,183.6,1,1,1.0,247.5505617977528,Low CLV,High Risk,"DO NOT INVEST: low value, unlikely to be saved profitably"
14060,5,19,6140.42,2010-12-02 12:11:00,86,United Kingdom,373,323.18,0,3,0.0,11852.82144772118,High CLV,,MONITOR: no action needed yet
14062,10,12,10464.85,2010-12-10 15:56:00,60,United Kingdom,364,872.0708333333333,0,3,0.0033333333333333335,20699.703296703297,High CLV,Low Risk,REWARD: early access / loyalty perks (already staying)
14064,29,5,1353.74,2011-03-10 12:59:00,59,United Kingdom,274,270.748,0,0,0.03333333333333333,3557.27299270073,Mid CLV,Low Risk,MONITOR: no action needed yet
14066,267,1,152.55,2011-03-18 12:21:00,7,United Kingdom,267,152.55,1,1,0.9966666666666667,206.37330427266917,Low CLV,High Risk,"DO NOT INVEST: low value, unlikely to be saved profitably"
14067,64,2,374.7,2011-09-04 12:00:00,51,United Kingdom,97,187.35,0,0,0.04,2781.278350515464,Mid CLV,Low Risk,MONITOR: no action needed yet
14068,320,1,265.85,2011-01-23 16:02:00,22,United Kingdom,320,265.85,1,1,0.9966666666666667,300.08152173913044,Low CLV,High Risk,"DO NOT INVEST: low value, unlikely to be saved profitably"
14071,4,8,1438.82,2011-03-20 11:33:00,271,United Kingdom,265,179.8525,0,0,0.013333333333333334,3909.24679245283,Mid CLV,Low Risk,MONITOR: no action needed yet
14073,32,1,151.04,2011-11-07 15:49:00,13,United Kingdom,32,151.04,0,0,0.006666666666666667,3398.3999999999996,Mid CLV,Low Risk,MONITOR: no action needed yet
14075,5,3,942.26,2011-03-23 16:35:00,33,United Kingdom,261,314.08666666666664,0,0,0.17333333333333334,2599.3379310344826,Mid CLV,Low Risk,MONITOR: no action needed yet
14076,129,1,122.47,2011-08-02 15:19:00,43,United Kingdom,129,122.47,1,0,0.94,363.59228104898574,Low CLV,High Risk,"DO NOT INVEST: low value, unlikely to be saved profitably"
14077,41,5,499.41999999999996,2011-03-10 15:52:00,33,United Kingdom,274,99.88399999999999,0,0,0.2966666666666667,1312.3445255474453,Low CLV,Low Risk,MONITOR: no action needed yet
14078,102,6,1049.37,2010-12-01 12:54:00,46,United Kingdom,373,174.89499999999998,1,0,0.7033333333333334,1439.9954258414546,Low CLV,High Risk,"DO NOT INVEST: low value, unlikely to be saved profitably"
14079,125,1,375.1,2011-08-07 12:10:00,12,United Kingdom,125,375.1,1,0,0.9933333333333333,1087.538255033557,Low CLV,High Risk,"DO NOT INVEST: low value, unlikely to be saved profitably"
14080,33,1,45.599999999999994,2011-11-07 11:09:00,4,United Kingdom,33,45.599999999999994,0,0,0.013333333333333334,994.9090909090908,Low CLV,Low Risk,MONITOR: no action needed yet
14081,302,2,934.52,2010-12-05 15:47:00,126,United Kingdom,369,467.26,1,1,0.7466666666666667,1221.0627177700346,Low CLV,High Risk,"DO NOT INVEST: low value, unlikely to be saved profitably"
14082,365,1,182.25,2010-12-10 11:02:00,28,United Kingdom,365,182.25,1,1,0.9933333333333333,180.9598234807392,Low CLV,High Risk,"DO NOT INVEST: low value, unlikely to be saved profitably"
14083,4,9,1018.43,2010-12-03 12:24:00,162,United Kingdom,372,113.15888888888888,0,0,0.28,1971.1548387096773,Mid CLV,Low Risk,MONITOR: no action needed yet
14085,2,18,4448.54,2010-12-06 12:39:00,272,United Kingdom,369,247.14111111111112,0,3,0.0,8680.078048780488,High CLV,,MONITOR: no action needed yet
14087,3,1,194.42,2011-12-07 12:41:00,61,United Kingdom,3,194.42,0,0,0.006666666666666667,4666.08,Mid CLV,Low Risk,MONITOR: no action needed yet
14088,10,13,50491.81,2011-01-21 13:07:00,379,United Kingdom,322,3883.9853846153846,0,3,0.0033333333333333335,112900.94161490684,High CLV,Low Risk,REWARD: early access / loyalty perks (already staying)
14089,57,1,161.0,2011-10-14 10:38:00,13,United Kingdom,57,161.0,0,0,0.0,2033.6842105263158,Mid CLV,,MONITOR: no action needed yet
14090,325,1,76.32000000000001,2011-01-19 10:51:00,1,United Kingdom,325,76.32000000000001,1,1,1.0,84.53907692307693,Low CLV,High Risk,"DO NOT INVEST: low value, unlikely to be saved profitably"
14092,8,14,4076.91,2010-12-16 15:47:00,117,United Kingdom,358,291.2078571428571,0,0,0.006666666666666667,8199.372067039107,High CLV,Low Risk,REWARD: early access / loyalty perks (already staying)
14093,12,1,442.85,2011-11-27 16:27:00,95,United Kingdom,12,442.85,0,0,0.006666666666666667,10628.400000000001,High CLV,Low Risk,REWARD: early access / loyalty perks (already staying)
14096,4,17,65164.79,2011-08-30 10:49:00,1119,United Kingdom,102,3833.2229411764706,0,3,0.04,459986.7529411765,High CLV,Low Risk,REWARD: early access / loyalty perks (already staying)
14098,37,1,147.35,2011-11-03 10:13:00,21,United Kingdom,37,147.35,0,0,0.013333333333333334,2867.3513513513512,Mid CLV,Low Risk,MONITOR: no action needed yet
14099,16,11,3104.17,2010-12-20 11:14:00,167,United Kingdom,355,282.1972727272727,0,0,0.05333333333333334,6295.781408450704,High CLV,Low Risk,REWARD: early access / loyalty perks (already staying)
14100,138,1,194.9,2011-07-25 11:01:00,24,United Kingdom,138,194.9,1,0,0.98,518.8110026619344,Low CLV,High Risk,"DO NOT INVEST: low value, unlikely to be saved profitably"
14101,74,6,5976.79,2011-01-17 13:09:00,15,United Kingdom,326,996.1316666666667,0,0,0.06,13200.272392638037,High CLV,Low Risk,REWARD: early access / loyalty perks (already staying)
14102,5,5,1360.28,2011-10-26 12:46:00,35,United Kingdom,45,272.056,0,0,0.05,21764.48,High CLV,Low Risk,REWARD: early access / loyalty perks (already staying)
14104,155,2,216.20999999999998,2011-06-27 12:49:00,21,United Kingdom,166,108.10499999999999,1,1,0.2833333333333333,937.7783132530119,Low CLV,Low Risk,MONITOR: no action needed yet
14105,239,1,1266.23,2011-04-14 17:58:00,74,United Kingdom,239,1266.23,1,1,0.98,1946.2163777644948,Mid CLV,High Risk,MONITOR: no action needed yet
14107,52,7,2703.23,2010-12-10 13:29:00,61,United Kingdom,364,386.17571428571426,0,0,0.013333333333333334,5347.048351648352,High CLV,Low Risk,REWARD: early access / loyalty perks (already staying)
14108,31,2,597.91,2011-08-30 11:32:00,33,United Kingdom,102,298.955,0,0,0.12666666666666668,4220.541176470588,Mid CLV,Low Risk,MONITOR: no action needed yet
14109,73,1,144.2,2011-09-28 10:18:00,9,United Kingdom,73,144.2,0,0,0.01,1422.2465753424658,Low CLV,Low Risk,MONITOR: no action needed yet
14110,4,12,5683.15,2011-03-18 09:59:00,94,United Kingdom,267,473.5958333333333,0,0,0.0,15325.348314606741,High CLV,,MONITOR: no action needed yet
14111,14,4,692.85,2011-04-12 11:36:00,10,United Kingdom,242,173.2125,0,0,0.36333333333333334,2061.3719008264466,Mid CLV,Medium Risk,MONITOR: no action needed yet
14112,23,7,2915.15,2011-03-09 11:28:00,117,United Kingdom,276,416.45,0,0,0.013333333333333334,7604.739130434783,High CLV,Low Risk,REWARD: early access / loyalty perks (already staying)
14113,4,4,1840.42,2010-12-20 12:14:00,26,United Kingdom,355,460.105,0,0,0.11666666666666667,3732.6828169014084,Mid CLV,Low Risk,MONITOR: no action needed yet
14114,274,2,386.53,2011-01-13 11:05:00,15,United Kingdom,331,193.265,1,1,0.81,519.0063779791875,Low CLV,High Risk,"DO NOT INVEST: low value, unlikely to be saved profitably"
14116,20,5,1382.74,2011-08-10 12:44:00,61,United Kingdom,122,276.548,0,0,0.01,8160.432786885247,High CLV,Low Risk,REWARD: early access / loyalty perks (already staying)
14117,144,1,90.0,2011-07-19 09:49:00,3,United Kingdom,144,90.0,1,1,0.99,227.27272727272728,Low CLV,High Risk,"DO NOT INVEST: low value, unlikely to be saved profitably"
14121,4,4,2780.15,2011-10-11 10:39:00,148,United Kingdom,60,695.0375,0,0,0.01,33361.8,High CLV,Low Risk,REWARD: early access / loyalty perks (already staying)
14124,84,1,419.58000000000004,2011-09-16 13:32:00,4,United Kingdom,84,419.58000000000004,0,0,0.0033333333333333335,3596.4000000000005,Mid CLV,Low Risk,MONITOR: no action needed yet
14125,11,3,2740.43,2011-09-22 15:40:00,159,United Kingdom,78,913.4766666666666,0,0,0.0,25296.27692307692,High CLV,,MONITOR: no action needed yet
14126,8,3,706.1300000000001,2011-11-29 12:21:00,14,United Kingdom,11,235.3766666666667,0,0,0.013333333333333334,16947.120000000003,High CLV,Low Risk,REWARD: early access / loyalty perks (already staying)
14127,123,3,709.71,2011-02-02 12:26:00,39,United Kingdom,311,236.57000000000002,1,0,0.7333333333333333,1120.2671733411282,Low CLV,High Risk,"DO NOT INVEST: low value, unlikely to be saved profitably"
14128,61,2,637.5,2011-03-29 10:49:00,40,United Kingdom,256,318.75,0,0,0.43333333333333335,1792.96875,Mid CLV,Medium Risk,MONITOR: no action needed yet
14129,2,5,1123.8600000000001,2011-03-24 08:44:00,31,United Kingdom,261,224.77200000000002,0,0,0.15333333333333332,3100.303448275862,Mid CLV,Low Risk,MONITOR: no action needed yet
14130,319,1,483.86,2011-01-24 16:05:00,66,United Kingdom,319,483.86,1,1,0.9733333333333334,561.0091467342295,Low CLV,High Risk,"DO NOT INVEST: low value, unlikely to be saved profitably"
14132,2,11,3586.0299999999997,2011-06-09 12:04:00,100,United Kingdom,184,326.00272727272727,0,0,0.08333333333333333,14032.291304347826,High CLV,Low Risk,REWARD: early access / loyalty perks (already staying)
14133,130,3,605.64,2011-01-28 11:27:00,25,United Kingdom,316,201.88,1,0,0.21,1379.939240506329,Low CLV,Low Risk,MONITOR: no action needed yet
14135,2,15,4690.31,2010-12-02 10:27:00,95,United Kingdom,373,312.68733333333336,0,3,0.0033333333333333335,9053.681501340483,High CLV,Low Risk,REWARD: early access / loyalty perks (already staying)
14138,2,2,982.3800000000001,2011-10-07 09:38:00,40,United Kingdom,64,491.19000000000005,0,0,0.0,11051.775000000001,High CLV,,MONITOR: no action needed yet
14139,46,1,415.82,2011-10-24 13:34:00,26,United Kingdom,46,415.82,0,0,0.0,6508.486956521738,High CLV,,MONITOR: no action needed yet
14140,4,2,935.05,2011-11-08 11:20:00,60,United Kingdom,32,467.525,0,0,0.01,21038.625,High CLV,Low Risk,REWARD: early access / loyalty perks (already staying)
14141,3,4,915.13,2011-08-26 14:40:00,27,United Kingdom,105,228.7825,0,0,0.02,6275.177142857143,High CLV,Low Risk,REWARD: early access / loyalty perks (already staying)
14142,373,1,311.81,2010-12-01 16:33:00,22,United Kingdom,373,311.81,1,1,0.9933333333333333,302.9623765226623,Low CLV,High Risk,"DO NOT INVEST: low value, unlikely to be saved profitably"
14143,134,1,115.8,2011-07-29 09:48:00,7,United Kingdom,134,115.8,1,0,1.0,311.1044776119403,Low CLV,High Risk,"DO NOT INVEST: low value, unlikely to be saved profitably"
14145,47,4,3742.2,2011-05-06 13:01:00,6,United Kingdom,217,935.55,0,0,0.3233333333333333,12416.516129032258,High CLV,Medium Risk,PRIORITIZE: proactive retention offer
14146,9,5,4191.0,2010-12-17 15:52:00,183,United Kingdom,357,838.2,0,0,0.03,8452.436974789915,High CLV,Low Risk,REWARD: early access / loyalty perks (already staying)
14147,78,2,483.4,2011-02-27 11:42:00,4,United Kingdom,286,241.7,0,0,0.22666666666666666,1216.951048951049,Low CLV,Low Risk,MONITOR: no action needed yet
14148,234,1,157.2,2011-04-20 12:02:00,3,United Kingdom,234,157.2,1,1,0.9933333333333333,243.4692823954569,Low CLV,High Risk,"DO NOT INVEST: low value, unlikely to be saved profitably"
14149,221,1,446.62,2011-05-03 09:44:00,28,United Kingdom,221,446.62,1,1,0.9733333333333334,747.4580053306886,Low CLV,High Risk,"DO NOT INVEST: low value, unlikely to be saved profitably"
14150,36,2,658.64,2010-12-15 10:04:00,23,United Kingdom,360,329.32,0,0,0.17666666666666667,1317.28,Low CLV,Low Risk,MONITOR: no action needed yet
14152,75,2,621.29,2011-04-19 15:46:00,47,United Kingdom,234,310.645,0,0,0.25666666666666665,1911.6615384615384,Mid CLV,Low Risk,MONITOR: no action needed yet
14154,239,2,1345.62,2011-04-14 15:58:00,52,United Kingdom,239,672.81,1,1,0.49333333333333335,4053.7506276150625,Mid CLV,Medium Risk,MONITOR: no action needed yet
14155,266,1,118.75,2011-03-18 14:13:00,6,United Kingdom,266,118.75,1,1,1.0,160.71428571428572,Low CLV,High Risk,"DO NOT INVEST: low value, unlikely to be saved profitably"
14156,10,55,117379.63,2010-12-03 11:48:00,714,Other,372,2134.175090909091,0,2,0.0,227186.3806451613,High CLV,,MONITOR: no action needed yet
14157,20,2,432.88,2011-02-27 13:04:00,45,United Kingdom,285,216.44,0,0,0.19333333333333333,1093.5915789473684,Low CLV,Low Risk,MONITOR: no action needed yet
14158,40,1,507.66,2011-10-30 15:08:00,41,United Kingdom,40,507.66,0,0,0.0033333333333333335,9137.880000000001,High CLV,Low Risk,REWARD: early access / loyalty perks (already staying)
14159,20,11,4693.01,2010-12-12 11:17:00,501,United Kingdom,363,426.6372727272728,0,0,0.0,9308.44958677686,High CLV,,MONITOR: no action needed yet
14161,216,3,1110.52,2010-12-05 13:18:00,87,United Kingdom,369,370.17333333333335,1,1,0.25333333333333335,2166.868292682927,Mid CLV,Low Risk,MONITOR: no action needed yet
14162,174,2,289.36,2011-02-20 12:32:00,25,United Kingdom,293,144.68,1,1,0.8133333333333334,437.12415375146867,Low CLV,High Risk,"DO NOT INVEST: low value, unlikely to be saved profitably"
14163,87,4,2445.91,2011-04-14 17:33:00,36,United Kingdom,239,611.4775,0,0,0.06,7368.43179916318,High CLV,Low Risk,REWARD: early access / loyalty perks (already staying)
14164,71,2,1631.77,2011-09-20 12:18:00,28,United Kingdom,81,815.885,0,0,0.03,14504.622222222222,High CLV,Low Risk,REWARD: early access / loyalty perks (already staying)
14165,276,1,122.53999999999999,2011-03-09 12:39:00,23,United Kingdom,276,122.53999999999999,1,1,0.9966666666666667,160.36934709902573,Low CLV,High Risk,"DO NOT INVEST: low value, unlikely to be saved profitably"
14167,39,4,574.84,2011-01-12 15:44:00,27,United Kingdom,331,143.71,0,0,0.7033333333333334,888.915107172005,Low CLV,High Risk,"DO NOT INVEST: low value, unlikely to be saved profitably"
14171,98,1,363.79,2011-09-02 16:43:00,57,United Kingdom,98,363.79,1,0,0.87,1536.059113300493,Mid CLV,High Risk,MONITOR: no action needed yet
14173,11,4,450.84,2011-05-04 14:03:00,28,United Kingdom,219,112.71,0,0,0.37,1482.213698630137,Low CLV,Medium Risk,MONITOR: no action needed yet
14174,33,1,134.46,2011-11-06 13:17:00,26,United Kingdom,33,134.46,0,0,0.006666666666666667,2933.672727272727,Mid CLV,Low Risk,MONITOR: no action needed yet
14175,60,3,3222.3,2011-01-14 12:22:00,139,United Kingdom,330,1074.1000000000001,0,0,0.06333333333333334,7030.472727272727,High CLV,Low Risk,REWARD: early access / loyalty perks (already staying)
14176,297,4,576.9000000000001,2010-12-07 11:45:00,28,United Kingdom,368,144.22500000000002,1,1,0.87,648.6881559220391,Low CLV,High Risk,"DO NOT INVEST: low value, unlikely to be saved profitably"
14177,86,4,559.41,2011-06-13 11:10:00,37,United Kingdom,180,139.8525,0,0,0.09333333333333334,2237.64,Mid CLV,Low Risk,MONITOR: no action needed yet
14178,9,7,1620.93,2011-06-10 12:51:00,191,United Kingdom,182,231.5614285714286,0,0,0.0,6412.47032967033,High CLV,,MONITOR: no action needed yet
14179,41,2,719.78,2011-10-18 14:00:00,135,United Kingdom,52,359.89,0,0,0.006666666666666667,9966.184615384615,High CLV,Low Risk,REWARD: early access / loyalty perks (already staying)
14180,11,25,4748.52,2010-12-02 13:08:00,112,United Kingdom,372,189.94080000000002,0,3,0.013333333333333334,9190.683870967743,High CLV,Low Risk,REWARD: early access / loyalty perks (already staying)
14184,67,1,452.89,2011-10-04 12:43:00,24,United Kingdom,67,452.89,0,0,0.01,4866.877611940298,Mid CLV,Low Risk,MONITOR: no action needed yet
14185,331,1,197.65,2011-01-12 13:52:00,3,United Kingdom,331,197.65,1,1,1.0,214.96676737160124,Low CLV,High Risk,"DO NOT INVEST: low value, unlikely to be saved profitably"
14188,31,6,2054.36,2011-02-02 13:46:00,34,United Kingdom,310,342.3933333333334,0,0,0.02666666666666667,4771.416774193549,Mid CLV,Low Risk,MONITOR: no action needed yet
14189,2,15,4654.08,2010-12-06 11:42:00,176,United Kingdom,369,310.272,0,3,0.0033333333333333335,9081.131707317072,High CLV,Low Risk,REWARD: early access / loyalty perks (already staying)
14191,2,13,4684.76,2011-05-03 10:30:00,145,United Kingdom,221,360.36615384615385,0,0,0.013333333333333334,15262.566515837107,High CLV,Low Risk,REWARD: early access / loyalty perks (already staying)
14193,68,2,853.39,2011-03-15 11:38:00,35,United Kingdom,270,426.695,0,0,0.25666666666666665,2275.7066666666665,Mid CLV,Low Risk,MONITOR: no action needed yet
14194,5,21,11349.52,2011-02-04 14:51:00,269,United Kingdom,308,540.4533333333334,0,3,0.0033333333333333335,26531.345454545455,High CLV,Low Risk,REWARD: early access / loyalty perks (already staying)
14195,202,2,1012.0,2011-04-01 16:50:00,7,United Kingdom,252,506.0,1,1,0.93,1554.531490015361,Mid CLV,High Risk,MONITOR: no action needed yet
14196,107,1,335.52,2011-08-25 10:25:00,6,United Kingdom,107,335.52,1,0,0.99,1140.2548853016142,Low CLV,High Risk,"DO NOT INVEST: low value, unlikely to be saved profitably"
14198,18,4,701.4,2011-04-14 14:54:00,35,United Kingdom,239,175.35,0,0,0.07333333333333333,2113.004184100418,Mid CLV,Low Risk,MONITOR: no action needed yet
14199,218,1,185.39999999999998,2011-05-05 13:44:00,2,United Kingdom,218,185.39999999999998,1,1,0.9933333333333333,308.2199371959855,Low CLV,High Risk,"DO NOT INVEST: low value, unlikely to be saved profitably"
14201,60,7,747.44,2010-12-15 13:25:00,32,United Kingdom,359,106.77714285714286,0,0,0.13333333333333333,1499.0440111420614,Low CLV,Low Risk,MONITOR: no action needed yet
14204,2,1,161.03,2011-12-07 13:38:00,36,United Kingdom,2,161.03,0,0,0.0,3864.7200000000003,Mid CLV,,MONITOR: no action needed yet
14205,17,2,466.7,2011-03-20 15:07:00,23,United Kingdom,264,233.35,0,0,0.27666666666666667,1272.8181818181818,Low CLV,Low Risk,MONITOR: no action needed yet
14206,239,1,328.15999999999997,2011-04-14 16:38:00,20,United Kingdom,239,328.15999999999997,1,1,1.0,494.2995815899581,Low CLV,High Risk,"DO NOT INVEST: low value, unlikely to be saved profitably"
14208,95,1,151.74,2011-09-06 12:48:00,10,United Kingdom,95,151.74,1,0,0.9833333333333333,584.7607493309545,Low CLV,High Risk,"DO NOT INVEST: low value, unlikely to be saved profitably"
14209,11,6,2073.43,2011-01-11 12:56:00,55,United Kingdom,332,345.57166666666666,0,0,0.07333333333333333,4496.595180722891,Mid CLV,Low Risk,MONITOR: no action needed yet
14210,106,6,1905.8400000000001,2010-12-03 12:43:00,66,United Kingdom,372,317.64000000000004,1,0,0.39666666666666667,3688.7225806451615,Mid CLV,Medium Risk,MONITOR: no action needed yet
14211,53,9,2241.1,2011-02-17 15:50:00,87,United Kingdom,295,249.0111111111111,0,0,0.006666666666666667,5469.803389830508,High CLV,Low Risk,REWARD: early access / loyalty perks (already staying)
14212,90,1,1070.48,2011-09-11 12:45:00,9,United Kingdom,90,1070.48,0,0,0.006666666666666667,8563.84,High CLV,Low Risk,REWARD: early access / loyalty perks (already staying)
14214,31,5,1004.38,2011-03-07 12:26:00,64,United Kingdom,278,200.876,0,0,0.006666666666666667,2601.271942446043,Mid CLV,Low Risk,MONITOR: no action needed yet
14215,12,6,1789.72,2010-12-06 15:34:00,98,United Kingdom,368,298.2866666666667,0,0,0.016666666666666666,3501.6260869565217,Mid CLV,Low Risk,MONITOR: no action needed yet
14216,3,4,1839.3,2011-11-02 10:51:00,47,United Kingdom,38,459.825,0,0,0.0,34849.89473684211,High CLV,,MONITOR: no action needed yet
14217,2,17,2004.98,2010-12-08 13:28:00,78,United Kingdom,366,117.94,0,3,0.01,3944.2229508196724,Mid CLV,Low Risk,MONITOR: no action needed yet
14218,43,1,169.48000000000002,2011-10-28 10:00:00,12,United Kingdom,43,169.48000000000002,0,0,0.0,2837.804651162791,Mid CLV,,MONITOR: no action needed yet
14219,4,1,89.94,2011-12-05 16:23:00,7,United Kingdom,4,89.94,0,0,0.0,2158.56,Mid CLV,,MONITOR: no action needed yet
14220,247,2,632.4,2010-12-16 18:18:00,21,United Kingdom,358,316.2,1,1,0.49666666666666665,1271.8659217877093,Low CLV,Medium Risk,MONITOR: no action needed yet
14221,42,9,3432.8,2011-01-04 15:33:00,123,United Kingdom,339,381.4222222222222,0,0,0.04666666666666667,7290.902654867257,High CLV,Low Risk,REWARD: early access / loyalty perks (already staying)
14222,177,1,683.17,2011-06-15 16:42:00,41,United Kingdom,177,683.17,1,1,0.96,1447.39406779661,Low CLV,High Risk,"DO NOT INVEST: low value, unlikely to be saved profitably"
14223,92,3,991.13,2011-03-20 16:02:00,50,United Kingdom,264,330.37666666666667,1,0,0.65,2079.2937062937062,Mid CLV,High Risk,MONITOR: no action needed yet
14224,110,4,1050.12,2011-01-23 13:58:00,105,United Kingdom,320,262.53,1,0,0.20666666666666667,2362.7699999999995,Mid CLV,Low Risk,MONITOR: no action needed yet
14226,29,5,2232.19,2011-03-15 15:36:00,64,United Kingdom,269,446.438,0,0,0.01,5974.634944237918,High CLV,Low Risk,REWARD: early access / loyalty perks (already staying)
14227,26,10,3350.96,2011-02-28 12:27:00,117,United Kingdom,285,335.096,0,0,0.07666666666666666,8465.583157894736,High CLV,Low Risk,REWARD: early access / loyalty perks (already staying)
14229,52,3,1547.2,2011-01-10 12:03:00,29,United Kingdom,334,515.7333333333333,0,0,0.15333333333333332,3335.281437125748,Mid CLV,Low Risk,MONITOR: no action needed yet
14231,184,3,925.71,2011-02-24 11:55:00,47,United Kingdom,289,308.57,1,1,0.79,1459.6627392580262,Low CLV,High Risk,"DO NOT INVEST: low value, unlikely to be saved profitably"
14232,43,5,2048.07,2011-03-20 12:44:00,81,United Kingdom,265,409.61400000000003,0,0,0.043333333333333335,5564.567547169811,High CLV,Low Risk,REWARD: early access / loyalty perks (already staying)
14233,49,4,1462.72,2011-01-26 12:43:00,30,United Kingdom,318,365.68,0,0,0.11666666666666667,3311.8188679245286,Mid CLV,Low Risk,MONITOR: no action needed yet
14234,22,4,775.46,2011-10-13 13:58:00,122,United Kingdom,57,193.865,0,0,0.01,9795.284210526317,High CLV,Low Risk,REWARD: early access / loyalty perks (already staying)
14235,75,5,3144.86,2011-03-24 13:23:00,65,United Kingdom,260,628.972,0,0,0.02666666666666667,8708.843076923078,High CLV,Low Risk,REWARD: early access / loyalty perks (already staying)
14236,81,2,490.86,2010-12-02 18:49:00,15,United Kingdom,372,245.43,0,0,0.20333333333333334,950.0516129032258,Low CLV,Low Risk,MONITOR: no action needed yet
14237,373,1,161.0,2010-12-01 13:20:00,9,United Kingdom,373,161.0,1,1,0.9833333333333333,158.022447403099,Low CLV,High Risk,"DO NOT INVEST: low value, unlikely to be saved profitably"
14238,326,1,146.85,2011-01-17 14:40:00,8,United Kingdom,326,146.85,1,1,0.99,163.80368098159508,Low CLV,High Risk,"DO NOT INVEST: low value, unlikely to be saved profitably"
14239,43,11,2380.85,2011-01-27 14:45:00,83,United Kingdom,316,216.4409090909091,0,0,0.016666666666666666,5424.721518987342,High CLV,Low Risk,REWARD: early access / loyalty perks (already staying)
14240,30,2,890.34,2011-04-28 11:40:00,37,United Kingdom,226,445.17,0,0,0.2,2836.4814159292036,Mid CLV,Low Risk,MONITOR: no action needed yet
14241,184,1,213.70000000000002,2011-06-09 11:46:00,10,United Kingdom,184,213.70000000000002,1,1,0.9966666666666667,419.50705249381997,Low CLV,High Risk,"DO NOT INVEST: low value, unlikely to be saved profitably"
14242,235,2,280.55,2011-01-18 08:53:00,13,United Kingdom,326,140.275,1,1,0.85,364.4821364128473,Low CLV,High Risk,"DO NOT INVEST: low value, unlikely to be saved profitably"
14243,9,10,2588.77,2010-12-09 08:34:00,99,United Kingdom,366,258.877,0,0,0.05,5092.662295081967,High CLV,Low Risk,REWARD: early access / loyalty perks (already staying)
14245,220,2,1693.45,2011-03-21 10:41:00,107,United Kingdom,264,846.725,1,1,0.7966666666666666,2898.640167364017,Mid CLV,High Risk,MONITOR: no action needed yet
14246,111,3,1474.06,2011-04-08 08:25:00,57,United Kingdom,246,491.3533333333333,1,0,0.6566666666666666,3285.0167141265324,Mid CLV,High Risk,MONITOR: no action needed yet
14247,278,1,136.76999999999998,2011-03-06 15:21:00,19,United Kingdom,278,136.76999999999998,1,1,0.99,178.9012426422498,Low CLV,High Risk,"DO NOT INVEST: low value, unlikely to be saved profitably"
14248,318,1,302.58,2011-01-25 14:45:00,8,United Kingdom,318,302.58,1,1,1.0,342.5433962264151,Low CLV,High Risk,"DO NOT INVEST: low value, unlikely to be saved profitably"
14250,7,3,1904.05,2011-09-11 13:44:00,94,United Kingdom,89,634.6833333333333,0,0,0.0,15403.550561797752,High CLV,,MONITOR: no action needed yet
14251,2,5,2879.7000000000003,2011-10-13 12:46:00,37,United Kingdom,58,575.94,0,0,0.0,35748.00000000001,High CLV,,MONITOR: no action needed yet
14256,260,2,969.0600000000001,2010-12-10 11:44:00,51,United Kingdom,365,484.53000000000003,1,1,0.79,1209.854690480319,Low CLV,High Risk,"DO NOT INVEST: low value, unlikely to be saved profitably"
14257,64,5,3099.7200000000003,2011-01-25 10:49:00,88,United Kingdom,319,619.9440000000001,0,0,0.03,6996.233228840127,High CLV,Low Risk,REWARD: early access / loyalty perks (already staying)
14258,9,9,12669.98,2011-01-06 12:18:00,58,United Kingdom,338,1407.7755555555555,0,0,0.08333333333333333,26989.306508875736,High CLV,Low Risk,REWARD: early access / loyalty perks (already staying)
14259,142,1,120.0,2011-07-21 10:44:00,5,United Kingdom,142,120.0,1,0,0.9966666666666667,305.24282820669833,Low CLV,High Risk,"DO NOT INVEST: low value, unlikely to be saved profitably"
14261,51,2,1163.45,2011-09-22 10:47:00,52,United Kingdom,79,581.725,0,0,0.0033333333333333335,10603.594936708861,High CLV,Low Risk,REWARD: early access / loyalty perks (already staying)
14262,8,8,2618.23,2011-04-13 12:23:00,87,United Kingdom,241,327.27875,0,0,0.006666666666666667,7822.097925311204,High CLV,Low Risk,REWARD: early access / loyalty perks (already staying)
14264,155,2,333.97,2011-04-08 12:20:00,15,United Kingdom,246,166.985,1,1,0.8666666666666667,563.9268292682927,Low CLV,High Risk,"DO NOT INVEST: low value, unlikely to be saved profitably"
14265,109,2,530.18,2011-07-14 09:10:00,31,Other,149,265.09,1,0,0.8633333333333333,1483.7511336840196,Low CLV,High Risk,"DO NOT INVEST: low value, unlikely to be saved profitably"
14267,163,3,1516.24,2011-03-24 11:38:00,25,United Kingdom,261,505.41333333333336,1,1,0.8433333333333334,2479.880059970015,Mid CLV,High Risk,MONITOR: no action needed yet
14270,332,1,492.65000000000003,2011-01-12 09:33:00,29,United Kingdom,332,492.65000000000003,1,1,0.9966666666666667,535.9854132248056,Low CLV,High Risk,"DO NOT INVEST: low value, unlikely to be saved profitably"
14271,226,1,112.32,2011-04-28 12:47:00,10,United Kingdom,226,112.32,1,1,0.9966666666666667,179.5151981531358,Low CLV,High Risk,"DO NOT INVEST: low value, unlikely to be saved profitably"
14272,74,2,437.96,2011-03-30 13:57:00,33,United Kingdom,254,218.98,0,0,0.14333333333333334,1241.4614173228347,Low CLV,Low Risk,MONITOR: no action needed yet
14273,51,4,559.97,2011-04-11 13:24:00,22,United Kingdom,242,139.9925,0,0,0.22666666666666666,1666.0264462809919,Mid CLV,Low Risk,MONITOR: no action needed yet
14276,99,3,1119.74,2011-02-23 09:38:00,52,United Kingdom,290,373.24666666666667,1,0,0.29333333333333333,2780.044137931035,Mid CLV,Low Risk,MONITOR: no action needed yet
14277,15,3,4216.2,2011-05-11 13:20:00,195,France,212,1405.3999999999999,0,0,0.043333333333333335,14319.169811320757,High CLV,Low Risk,REWARD: early access / loyalty perks (already staying)
14280,197,1,134.04,2011-05-27 10:37:00,8,United Kingdom,197,134.04,1,1,0.9966666666666667,245.7654109298338,Low CLV,High Risk,"DO NOT INVEST: low value, unlikely to be saved profitably"
14282,3,15,3729.34,2010-12-07 12:21:00,70,United Kingdom,368,248.62266666666667,0,3,0.03,7296.534782608696,High CLV,Low Risk,REWARD: early access / loyalty perks (already staying)
14284,31,2,595.25,2011-09-14 13:04:00,24,United Kingdom,86,297.625,0,0,0.006666666666666667,4983.488372093023,High CLV,Low Risk,REWARD: early access / loyalty perks (already staying)
14285,21,4,1910.01,2011-06-16 12:36:00,18,United Kingdom,177,477.5025,0,0,0.03333333333333333,7769.53220338983,High CLV,Low Risk,REWARD: early access / loyalty perks (already staying)
14286,24,3,4628.75,2011-04-11 08:16:00,220,United Kingdom,243,1542.9166666666667,0,0,0.03,13714.814814814818,High CLV,Low Risk,REWARD: early access / loyalty perks (already staying)
14287,8,3,176.63,2011-05-25 11:41:00,9,United Kingdom,199,58.876666666666665,0,0,0.20333333333333334,639.0633165829146,Low CLV,Low Risk,MONITOR: no action needed yet
14288,213,1,426.6,2011-05-10 13:22:00,16,United Kingdom,213,426.6,1,1,0.9933333333333333,725.853105208432,Low CLV,High Risk,"DO NOT INVEST: low value, unlikely to be saved profitably"
14289,9,6,911.26,2011-02-23 12:33:00,33,United Kingdom,290,151.87666666666667,0,0,0.14,2262.438620689655,Mid CLV,Low Risk,MONITOR: no action needed yet
14290,11,5,2314.65,2010-12-13 10:24:00,89,United Kingdom,362,462.93,0,0,0.043333333333333335,4603.723756906078,Mid CLV,Low Risk,MONITOR: no action needed yet
14291,2,11,3883.25,2011-03-09 15:20:00,145,United Kingdom,275,353.02272727272725,0,0,0.02666666666666667,10167.054545454546,High CLV,Low Risk,REWARD: early access / loyalty perks (already staying)
14292,8,9,4871.93,2011-03-02 08:26:00,64,United Kingdom,283,541.3255555555556,0,0,0.03,12395.016254416962,High CLV,Low Risk,REWARD: early access / loyalty perks (already staying)
14293,3,4,1046.56,2010-12-06 10:18:00,51,United Kingdom,369,261.64,0,0,0.11333333333333333,2042.0682926829268,Mid CLV,Low Risk,MONITOR: no action needed yet
14295,40,1,166.20000000000002,2011-10-30 15:50:00,5,United Kingdom,40,166.20000000000002,0,0,0.0033333333333333335,2991.6000000000004,Mid CLV,Low Risk,MONITOR: no action needed yet
14297,18,4,1305.33,2011-03-10 08:31:00,48,United Kingdom,275,326.3325,0,0,0.29,3417.591272727273,Mid CLV,Low Risk,MONITOR: no action needed yet
14298,8,44,51527.3,2010-12-14 12:59:00,884,United Kingdom,360,1171.075,0,3,0.0033333333333333335,103054.6,High CLV,Low Risk,REWARD: early access / loyalty perks (already staying)
14299,8,9,3965.62,2010-12-09 10:30:00,94,United Kingdom,366,440.6244444444444,0,0,0.02,7801.219672131148,High CLV,Low Risk,REWARD: early access / loyalty perks (already staying)
14300,19,1,43.2,2011-11-21 08:57:00,3,United Kingdom,19,43.2,0,0,0.01,1036.8000000000002,Low CLV,Low Risk,MONITOR: no action needed yet
14301,117,1,640.14,2011-08-14 15:33:00,13,United Kingdom,117,640.14,1,0,0.96,2051.730769230769,Mid CLV,High Risk,MONITOR: no action needed yet
14304,223,1,383.45,2011-05-01 11:50:00,17,United Kingdom,223,383.45,1,1,0.9966666666666667,621.0927306267528,Low CLV,High Risk,"DO NOT INVEST: low value, unlikely to be saved profitably"
14305,71,3,1858.96,2011-07-27 14:14:00,96,United Kingdom,135,619.6533333333333,0,0,0.006666666666666667,9914.453333333333,High CLV,Low Risk,REWARD: early access / loyalty perks (already staying)
14306,51,2,2093.32,2011-09-15 10:31:00,33,United Kingdom,86,1046.66,0,0,0.01,17525.46976744186,High CLV,Low Risk,REWARD: early access / loyalty perks (already staying)
14307,89,6,2995.72,2010-12-01 11:41:00,150,United Kingdom,374,499.28666666666663,0,0,0.20666666666666667,5767.161497326203,High CLV,Low Risk,REWARD: early access / loyalty perks (already staying)
14309,8,9,2352.53,2010-12-16 13:05:00,74,United Kingdom,358,261.39222222222224,0,0,0.016666666666666666,4731.345251396649,Mid CLV,Low Risk,MONITOR: no action needed yet
14311,243,1,310.26,2011-04-11 10:14:00,20,United Kingdom,243,310.26,1,1,0.9966666666666667,461.18171683389073,Low CLV,High Risk,"DO NOT INVEST: low value, unlikely to be saved profitably"
14312,47,6,1611.59,2011-01-06 16:35:00,74,United Kingdom,337,268.5983333333333,0,0,0.07,3443.159643916914,Mid CLV,Low Risk,MONITOR: no action needed yet
14314,107,1,120.0,2011-08-25 10:39:00,8,United Kingdom,107,120.0,1,0,0.9933333333333333,406.44797089631817,Low CLV,High Risk,"DO NOT INVEST: low value, unlikely to be saved profitably"
14315,45,6,2481.13,2011-03-18 12:59:00,64,United Kingdom,266,413.5216666666667,0,0,0.03,6715.84060150376,High CLV,Low Risk,REWARD: early access / loyalty perks (already staying)
14317,65,1,508.58000000000004,2011-10-06 10:44:00,24,United Kingdom,65,508.58000000000004,0,0,0.0,5633.50153846154,High CLV,,MONITOR: no action needed yet
14320,207,2,477.79,2011-01-11 09:12:00,29,United Kingdom,333,238.895,1,1,0.7533333333333333,685.6589332695528,Low CLV,High Risk,"DO NOT INVEST: low value, unlikely to be saved profitably"
14321,11,5,1530.75,2011-01-10 11:35:00,111,United Kingdom,334,306.15,0,0,0.04,3299.820359281437,Mid CLV,Low Risk,MONITOR: no action needed yet
14323,115,2,605.0600000000001,2011-04-15 11:44:00,32,United Kingdom,239,302.53000000000003,1,0,0.41333333333333333,1822.7748953974897,Mid CLV,Medium Risk,MONITOR: no action needed yet
14326,242,1,183.85,2011-04-11 15:04:00,8,United Kingdom,242,183.85,1,1,1.0,273.4958677685951,Low CLV,High Risk,"DO NOT INVEST: low value, unlikely to be saved profitably"
14327,163,1,311.65,2011-06-29 13:58:00,12,United Kingdom,163,311.65,1,1,1.0,688.3067484662577,Low CLV,High Risk,"DO NOT INVEST: low value, unlikely to be saved profitably"
14329,17,7,5014.84,2011-01-14 13:42:00,218,United Kingdom,329,716.4057142857143,0,0,0.0,10974.725835866262,High CLV,,MONITOR: no action needed yet
14331,124,2,462.65999999999997,2011-07-27 15:14:00,27,United Kingdom,135,231.32999999999998,1,0,0.75,1645.0133333333333,Mid CLV,High Risk,MONITOR: no action needed yet
14332,23,3,866.31,2011-07-15 10:33:00,22,United Kingdom,148,288.77,0,0,0.2966666666666667,4214.48108108108,Mid CLV,Low Risk,MONITOR: no action needed yet
14333,68,1,415.2,2011-10-03 10:38:00,15,United Kingdom,68,415.2,0,0,0.0,4396.235294117647,Mid CLV,,MONITOR: no action needed yet
14334,17,8,2552.21,2010-12-16 17:37:00,98,United Kingdom,358,319.02625,0,0,0.0033333333333333335,5132.936312849162,High CLV,Low Risk,REWARD: early access / loyalty perks (already staying)
14335,16,2,468.26,2011-09-04 13:07:00,55,Germany,96,234.13,0,0,0.05,3511.95,Mid CLV,Low Risk,MONITOR: no action needed yet
14336,17,4,1614.91,2011-03-08 16:48:00,77,United Kingdom,276,403.7275,0,0,0.13666666666666666,4212.808695652175,Mid CLV,Low Risk,MONITOR: no action needed yet
14338,161,2,588.22,2011-05-27 13:30:00,30,United Kingdom,196,294.11,1,1,0.8766666666666667,1232.400093117095,Low CLV,High Risk,"DO NOT INVEST: low value, unlikely to be saved profitably"
14339,243,1,309.52,2011-04-11 11:06:00,14,United Kingdom,243,309.52,1,1,0.9966666666666667,460.0817539947974,Low CLV,High Risk,"DO NOT INVEST: low value, unlikely to be saved profitably"
14340,219,1,134.7,2011-05-05 09:44:00,6,United Kingdom,219,134.7,1,1,1.0,221.42465753424653,Low CLV,High Risk,"DO NOT INVEST: low value, unlikely to be saved profitably"
14341,45,8,2182.28,2011-01-25 13:55:00,109,United Kingdom,318,272.785,0,0,0.006666666666666667,4941.011320754718,High CLV,Low Risk,REWARD: early access / loyalty perks (already staying)
14342,21,4,668.5600000000001,2011-05-13 13:50:00,18,United Kingdom,210,167.14000000000001,0,0,0.08,2292.2057142857147,Mid CLV,Low Risk,MONITOR: no action needed yet
14344,127,8,889.9300000000001,2010-12-06 11:58:00,56,United Kingdom,369,111.24125000000001,1,0,0.6433333333333333,1349.5715910526983,Low CLV,High Risk,"DO NOT INVEST: low value, unlikely to be saved profitably"
14345,39,1,108.97999999999999,2011-11-01 09:51:00,6,United Kingdom,39,108.97999999999999,0,0,0.0033333333333333335,2011.9384615384613,Mid CLV,Low Risk,MONITOR: no action needed yet
14346,121,2,1021.58,2011-02-15 13:52:00,55,United Kingdom,297,510.79,1,0,0.8733333333333333,1417.876474670368,Low CLV,High Risk,"DO NOT INVEST: low value, unlikely to be saved profitably"
14348,260,1,409.57,2011-03-24 16:23:00,18,United Kingdom,260,409.57,1,1,0.99,572.8251748251748,Low CLV,High Risk,"DO NOT INVEST: low value, unlikely to be saved profitably"
14349,10,1,133.5,2011-11-29 15:39:00,31,United Kingdom,10,133.5,0,0,0.013333333333333334,3204.0,Mid CLV,Low Risk,MONITOR: no action needed yet
14350,274,1,282.93,2011-03-10 14:14:00,18,United Kingdom,274,282.93,1,1,1.0,371.7328467153285,Low CLV,High Risk,"DO NOT INVEST: low value, unlikely to be saved profitably"
14351,165,1,51.0,2011-06-28 11:56:00,1,United Kingdom,165,51.0,1,1,0.9933333333333333,112.01952410006103,Low CLV,High Risk,"DO NOT INVEST: low value, unlikely to be saved profitably"
14352,157,4,1078.96,2011-03-11 14:58:00,44,United Kingdom,273,269.74,1,1,0.7433333333333333,1914.0866308579314,Mid CLV,High Risk,MONITOR: no action needed yet
14353,215,1,90.6,2011-05-08 16:06:00,6,United Kingdom,215,90.6,1,1,0.9966666666666667,152.20969121879128,Low CLV,High Risk,"DO NOT INVEST: low value, unlikely to be saved profitably"
14354,6,2,163.62,2011-11-09 15:36:00,9,United Kingdom,30,81.81,0,0,0.02,3926.88,Mid CLV,Low Risk,MONITOR: no action needed yet
14355,366,1,174.4,2010-12-09 12:16:00,11,United Kingdom,366,174.4,1,1,0.9933333333333333,172.69226537572894,Low CLV,High Risk,"DO NOT INVEST: low value, unlikely to be saved profitably"
14356,80,2,701.23,2011-09-19 14:43:00,33,United Kingdom,81,350.615,0,0,0.0033333333333333335,6233.155555555555,High CLV,Low Risk,REWARD: early access / loyalty perks (already staying)
14357,43,1,225.77,2011-10-27 16:23:00,39,United Kingdom,43,225.77,0,0,0.0033333333333333335,3780.3348837209305,Mid CLV,Low Risk,MONITOR: no action needed yet
14359,19,3,912.18,2011-09-13 09:03:00,44,United Kingdom,88,304.06,0,0,0.016666666666666666,7463.29090909091,High CLV,Low Risk,REWARD: early access / loyalty perks (already staying)
14360,32,4,2128.23,2011-09-06 11:58:00,104,United Kingdom,95,532.0575,0,0,0.04666666666666667,16129.743157894736,High CLV,Low Risk,REWARD: early access / loyalty perks (already staying)
14362,22,1,161.2,2011-11-17 15:08:00,37,United Kingdom,22,161.2,0,0,0.0,3868.7999999999997,Mid CLV,,MONITOR: no action needed yet
14364,109,8,3717.35,2011-05-12 12:56:00,61,United Kingdom,211,464.66875,1,0,0.6333333333333333,10014.31279620853,High CLV,High Risk,PRIORITIZE: proactive retention offer
14367,8,16,9261.52,2011-03-08 14:12:00,270,United Kingdom,276,578.845,0,3,0.0,24160.48695652174,High CLV,,MONITOR: no action needed yet
14368,320,1,155.0,2011-01-24 09:52:00,8,United Kingdom,320,155.0,1,1,1.0,174.375,Low CLV,High Risk,"DO NOT INVEST: low value, unlikely to be saved profitably"
14371,295,1,100.5,2011-02-17 16:35:00,4,United Kingdom,295,100.5,1,1,0.9933333333333333,123.4671823455807,Low CLV,High Risk,"DO NOT INVEST: low value, unlikely to be saved profitably"
14373,358,1,76.55,2010-12-16 15:40:00,4,United Kingdom,358,76.55,1,1,0.9966666666666667,77.23510397787783,Low CLV,High Risk,"DO NOT INVEST: low value, unlikely to be saved profitably"
14375,185,1,257.68,2011-06-07 13:44:00,57,United Kingdom,185,257.68,1,1,0.96,522.3243243243244,Low CLV,High Risk,"DO NOT INVEST: low value, unlikely to be saved profitably"
14377,191,2,617.05,2011-03-22 13:38:00,11,United Kingdom,262,308.525,1,1,0.6066666666666667,1397.5631238990018,Low CLV,High Risk,"DO NOT INVEST: low value, unlikely to be saved profitably"
14379,44,2,348.1,2011-02-17 15:03:00,39,United Kingdom,295,174.05,0,0,0.17333333333333334,849.5999999999999,Low CLV,Low Risk,MONITOR: no action needed yet
14381,52,1,202.68,2011-10-18 17:10:00,56,United Kingdom,52,202.68,0,0,0.013333333333333334,2806.3384615384616,Mid CLV,Low Risk,MONITOR: no action needed yet
14382,26,1,626.0699999999999,2011-11-13 16:18:00,121,United Kingdom,26,626.0699999999999,0,0,0.016666666666666666,15025.679999999998,High CLV,Low Risk,REWARD: early access / loyalty perks (already staying)
14383,38,3,1247.69,2011-06-29 10:18:00,49,United Kingdom,164,415.8966666666667,0,0,0.013333333333333334,5477.663414634147,High CLV,Low Risk,REWARD: early access / loyalty perks (already staying)
14385,9,3,202.11,2011-11-16 11:55:00,13,United Kingdom,24,67.37,0,0,0.016666666666666666,4850.64,Mid CLV,Low Risk,MONITOR: no action needed yet
14386,297,1,142.4,2011-02-16 09:45:00,7,United Kingdom,297,142.4,1,1,1.0,172.60606060606062,Low CLV,High Risk,"DO NOT INVEST: low value, unlikely to be saved profitably"
14387,33,3,1770.56,2011-08-22 14:13:00,125,United Kingdom,109,590.1866666666666,0,0,0.016666666666666666,11695.442201834861,High CLV,Low Risk,REWARD: early access / loyalty perks (already staying)
14388,10,8,3212.84,2010-12-02 11:02:00,124,United Kingdom,373,401.605,0,0,0.02,6201.728686327078,High CLV,Low Risk,REWARD: early access / loyalty perks (already staying)
14389,65,2,1043.46,2011-06-02 12:04:00,33,United Kingdom,191,521.73,0,0,0.17333333333333334,3933.4617801047125,Mid CLV,Low Risk,MONITOR: no action needed yet
14390,10,9,4652.82,2010-12-02 11:57:00,135,United Kingdom,373,516.98,0,0,0.07666666666666666,8981.31474530831,High CLV,Low Risk,REWARD: early access / loyalty perks (already staying)
14393,218,1,67.95,2011-05-05 18:16:00,5,United Kingdom,218,67.95,1,1,1.0,112.21100917431193,Low CLV,High Risk,"DO NOT INVEST: low value, unlikely to be saved profitably"
14395,2,9,3507.71,2010-12-02 18:15:00,181,United Kingdom,372,389.74555555555554,0,0,0.0033333333333333335,6789.116129032258,High CLV,Low Risk,REWARD: early access / loyalty perks (already staying)
14396,65,2,487.99,2010-12-03 15:19:00,71,United Kingdom,371,243.995,0,0,0.11,947.0425876010781,Low CLV,Low Risk,MONITOR: no action needed yet
14397,3,19,2612.96,2011-05-10 12:25:00,18,United Kingdom,214,137.52421052631578,0,3,0.05333333333333334,8791.267289719624,High CLV,Low Risk,REWARD: early access / loyalty perks (already staying)
14400,149,1,574.7,2011-07-13 15:50:00,25,United Kingdom,149,574.7,1,1,0.9933333333333333,1397.8559524345753,Low CLV,High Risk,"DO NOT INVEST: low value, unlikely to be saved profitably"
14401,4,13,4051.48,2010-12-15 09:07:00,113,United Kingdom,360,311.6523076923077,0,0,0.04666666666666667,8102.96,High CLV,Low Risk,REWARD: early access / loyalty perks (already staying)
14403,130,4,1475.81,2011-04-06 14:23:00,17,United Kingdom,247,368.9525,1,0,0.72,2987.4696356275304,Mid CLV,High Risk,MONITOR: no action needed yet
14404,34,6,1474.32,2010-12-05 16:00:00,70,United Kingdom,369,245.72,0,0,0.1,2876.7219512195115,Mid CLV,Low Risk,MONITOR: no action needed yet
14406,119,1,156.75,2011-08-12 16:54:00,8,United Kingdom,119,156.75,1,0,0.9966666666666667,475.7876394705039,Low CLV,High Risk,"DO NOT INVEST: low value, unlikely to be saved profitably"
14407,107,6,2157.73,2011-03-08 11:59:00,67,United Kingdom,277,359.62166666666667,1,0,0.6633333333333333,4227.542767991583,Mid CLV,High Risk,MONITOR: no action needed yet
14408,11,7,2606.53,2011-03-20 14:41:00,60,United Kingdom,264,372.3614285714286,0,0,0.006666666666666667,7108.718181818182,High CLV,Low Risk,REWARD: early access / loyalty perks (already staying)
14409,71,6,2059.4500000000003,2010-12-06 15:03:00,40,United Kingdom,368,343.24166666666673,0,0,0.013333333333333334,4029.3586956521744,Mid CLV,Low Risk,MONITOR: no action needed yet
14410,92,9,1105.07,2011-02-07 09:36:00,153,United Kingdom,306,122.78555555555555,1,0,0.6233333333333333,2085.6936143441335,Mid CLV,High Risk,MONITOR: no action needed yet
14411,311,1,1063.0,2011-02-02 10:56:00,14,United Kingdom,311,1063.0,1,1,0.98,1255.5941990944286,Low CLV,High Risk,"DO NOT INVEST: low value, unlikely to be saved profitably"
14412,43,2,770.03,2011-09-28 08:48:00,43,United Kingdom,73,385.015,0,0,0.0,7594.816438356165,High CLV,,MONITOR: no action needed yet
14413,362,1,122.7,2010-12-12 13:37:00,22,United Kingdom,362,122.7,1,1,0.99,123.25464590657961,Low CLV,High Risk,"DO NOT INVEST: low value, unlikely to be saved profitably"
14414,92,7,1496.98,2010-12-16 11:11:00,79,United Kingdom,359,213.8542857142857,1,0,0.6533333333333333,2297.6783582513785,Mid CLV,High Risk,MONITOR: no action needed yet
14415,1,13,5900.28,2010-12-14 13:31:00,283,United Kingdom,360,453.86769230769227,0,0,0.0,11800.56,High CLV,,MONITOR: no action needed yet
14416,22,2,490.22,2011-10-28 15:10:00,13,United Kingdom,42,245.11,0,0,0.0,8403.77142857143,High CLV,,MONITOR: no action needed yet
14418,4,3,1937.25,2011-08-23 17:18:00,114,United Kingdom,108,645.75,0,0,0.03,12915.0,High CLV,Low Risk,REWARD: early access / loyalty perks (already staying)
14419,11,6,1058.06,2010-12-10 10:56:00,112,United Kingdom,365,176.34333333333333,0,0,0.03666666666666667,2087.1320547945206,Mid CLV,Low Risk,MONITOR: no action needed yet
14420,99,1,387.52,2011-09-01 18:07:00,29,United Kingdom,99,387.52,1,0,0.9133333333333333,1542.879893828799,Mid CLV,High Risk,MONITOR: no action needed yet
14421,57,2,813.11,2011-05-12 10:49:00,25,United Kingdom,212,406.555,0,0,0.20333333333333334,2761.5056603773587,Mid CLV,Low Risk,MONITOR: no action needed yet
14422,1,6,4263.64,2011-03-17 17:26:00,189,United Kingdom,267,710.6066666666667,0,0,0.0033333333333333335,11497.456179775281,High CLV,Low Risk,REWARD: early access / loyalty perks (already staying)
14423,218,1,265.2,2011-05-05 15:12:00,3,United Kingdom,218,265.2,1,1,0.9966666666666667,439.40965297167924,Low CLV,High Risk,"DO NOT INVEST: low value, unlikely to be saved profitably"
14424,18,1,322.08,2011-11-22 11:48:00,1,United Kingdom,18,322.08,0,0,0.013333333333333334,7729.92,High CLV,Low Risk,REWARD: early access / loyalty perks (already staying)
14426,24,10,4481.67,2011-01-31 09:51:00,183,United Kingdom,313,448.16700000000003,0,0,0.0033333333333333335,10309.272843450479,High CLV,Low Risk,REWARD: early access / loyalty perks (already staying)
14427,50,2,363.34000000000003,2011-10-07 09:10:00,16,United Kingdom,64,181.67000000000002,0,0,0.013333333333333334,4087.5750000000003,Mid CLV,Low Risk,MONITOR: no action needed yet
14428,7,5,1244.83,2011-01-18 16:39:00,108,United Kingdom,325,248.96599999999998,0,0,0.0033333333333333335,2757.7772307692303,Mid CLV,Low Risk,MONITOR: no action needed yet
14431,303,1,470.36,2011-02-10 10:40:00,17,United Kingdom,303,470.36,1,1,0.9966666666666667,560.7126063776946,Low CLV,High Risk,"DO NOT INVEST: low value, unlikely to be saved profitably"
14432,10,6,2255.51,2011-09-11 14:09:00,256,United Kingdom,89,375.91833333333335,0,0,0.0033333333333333335,18246.822471910113,High CLV,Low Risk,REWARD: early access / loyalty perks (already staying)
14434,22,6,1372.8,2011-09-28 15:31:00,3,United Kingdom,72,228.79999999999998,0,0,0.016666666666666666,13728.0,High CLV,Low Risk,REWARD: early access / loyalty perks (already staying)
14436,99,1,89.06,2011-09-02 10:13:00,9,United Kingdom,99,89.06,1,0,1.0,323.8545454545455,Low CLV,High Risk,"DO NOT INVEST: low value, unlikely to be saved profitably"
14437,366,1,63.0,2010-12-09 09:27:00,5,United Kingdom,366,63.0,1,1,0.9833333333333333,63.0175048624618,Low CLV,High Risk,"DO NOT INVEST: low value, unlikely to be saved profitably"
14438,306,1,131.9,2011-02-06 14:56:00,9,United Kingdom,306,131.9,1,1,1.0,155.1764705882353,Low CLV,High Risk,"DO NOT INVEST: low value, unlikely to be saved profitably"
14439,320,1,2661.24,2011-01-24 11:39:00,32,Other,320,2661.24,1,1,0.9433333333333334,3173.740282685512,Mid CLV,High Risk,MONITOR: no action needed yet
14440,8,5,2357.6800000000003,2010-12-09 12:49:00,33,United Kingdom,366,471.53600000000006,0,0,0.06,4638.059016393444,Mid CLV,Low Risk,MONITOR: no action needed yet
14441,1,4,1712.89,2011-03-29 12:01:00,43,United Kingdom,256,428.2225,0,0,0.08,4817.503125,Mid CLV,Low Risk,MONITOR: no action needed yet
14442,205,2,1589.82,2011-01-27 09:33:00,58,Other,317,794.91,1,1,0.85,2124.0868435702355,Mid CLV,High Risk,MONITOR: no action needed yet
14443,54,4,1420.2,2010-12-06 11:03:00,84,United Kingdom,369,355.05,0,0,0.10666666666666667,2771.121951219512,Mid CLV,Low Risk,MONITOR: no action needed yet
14446,1,4,1039.58,2011-04-07 12:10:00,233,United Kingdom,247,259.895,0,0,0.22,3030.354655870445,Mid CLV,Low Risk,MONITOR: no action needed yet
14447,19,5,1163.23,2011-03-04 10:49:00,54,United Kingdom,281,232.64600000000002,0,0,0.14666666666666667,2980.518149466192,Mid CLV,Low Risk,MONITOR: no action needed yet
14448,9,2,375.35,2010-12-10 17:26:00,20,United Kingdom,364,187.675,0,0,0.24,742.4505494505495,Low CLV,Low Risk,MONITOR: no action needed yet
14449,19,4,907.1,2010-12-02 14:09:00,201,United Kingdom,372,226.775,0,0,0.08333333333333333,1755.6774193548388,Mid CLV,Low Risk,MONITOR: no action needed yet
14450,181,3,483.25,2011-01-23 11:53:00,32,United Kingdom,321,161.08333333333334,1,1,0.8333333333333334,650.355140186916,Low CLV,High Risk,"DO NOT INVEST: low value, unlikely to be saved profitably"
14451,60,2,662.59,2011-05-29 12:35:00,86,United Kingdom,195,331.295,0,0,0.38333333333333336,2446.4861538461537,Mid CLV,Medium Risk,MONITOR: no action needed yet
14452,11,2,264.44,2011-09-07 11:32:00,55,United Kingdom,94,132.22,0,0,0.09,2025.4978723404256,Mid CLV,Low Risk,MONITOR: no action needed yet
14453,190,1,119.93,2011-06-02 14:15:00,22,United Kingdom,190,119.93,1,1,1.0,227.23578947368424,Low CLV,High Risk,"DO NOT INVEST: low value, unlikely to be saved profitably"
14456,5,9,3062.4,2011-07-20 13:06:00,580,United Kingdom,142,340.26666666666665,0,0,0.05,15527.661971830985,High CLV,Low Risk,REWARD: early access / loyalty perks (already staying)
14457,311,1,113.64,2011-02-02 09:39:00,4,United Kingdom,311,113.64,1,1,0.9966666666666667,131.98464334491175,Low CLV,High Risk,"DO NOT INVEST: low value, unlikely to be saved profitably"
14459,155,1,1837.92,2011-07-07 13:35:00,37,United Kingdom,155,1837.92,1,1,0.92,4639.910238429173,Mid CLV,High Risk,MONITOR: no action needed yet
14460,110,3,434.34,2011-02-02 11:55:00,14,United Kingdom,311,144.78,1,0,0.9366666666666666,536.7683171035918,Low CLV,High Risk,"DO NOT INVEST: low value, unlikely to be saved profitably"
14461,148,3,2103.06,2011-03-23 12:15:00,173,United Kingdom,262,701.02,1,1,0.67,4312.986213968326,Mid CLV,High Risk,MONITOR: no action needed yet
14462,66,11,2004.02,2011-01-04 12:45:00,150,United Kingdom,340,182.18363636363637,0,0,0.05,4243.80705882353,Mid CLV,Low Risk,MONITOR: no action needed yet
14463,98,3,529.62,2011-05-18 14:42:00,6,United Kingdom,205,176.54,1,0,0.8066666666666666,1152.9723845998792,Low CLV,High Risk,"DO NOT INVEST: low value, unlikely to be saved profitably"
14465,247,3,1058.6200000000001,2011-02-10 12:13:00,107,United Kingdom,303,352.8733333333334,1,1,0.7566666666666667,1662.2462598682775,Mid CLV,High Risk,MONITOR: no action needed yet
14466,29,7,2272.4,2010-12-02 13:36:00,35,United Kingdom,372,324.62857142857143,0,0,0.03333333333333333,4398.193548387097,Mid CLV,Low Risk,MONITOR: no action needed yet
14467,18,4,598.76,2011-01-31 12:35:00,67,United Kingdom,313,149.69,0,0,0.14333333333333334,1377.3392971246005,Low CLV,Low Risk,MONITOR: no action needed yet
14470,12,2,461.19,2011-02-25 11:56:00,43,United Kingdom,288,230.595,0,0,0.13,1152.975,Low CLV,Low Risk,MONITOR: no action needed yet
14472,104,8,1936.84,2010-12-19 14:03:00,153,United Kingdom,355,242.105,1,0,0.6666666666666666,2946.179154929577,Mid CLV,High Risk,MONITOR: no action needed yet
14473,74,2,234.34000000000003,2011-03-02 13:56:00,7,United Kingdom,282,117.17000000000002,0,0,0.27666666666666667,598.3148936170214,Low CLV,Low Risk,MONITOR: no action needed yet
14474,46,1,547.66,2011-10-24 13:26:00,29,United Kingdom,46,547.66,0,0,0.0,8572.06956521739,High CLV,,MONITOR: no action needed yet
14475,72,3,925.85,2011-02-08 10:12:00,35,United Kingdom,305,308.6166666666667,0,0,0.7066666666666667,1546.424373646768,Mid CLV,High Risk,MONITOR: no action needed yet
14476,257,1,215.7,2011-03-27 15:39:00,17,United Kingdom,257,215.7,1,1,0.9966666666666667,303.1583878817849,Low CLV,High Risk,"DO NOT INVEST: low value, unlikely to be saved profitably"
14477,20,4,1309.6,2011-02-15 15:44:00,7,United Kingdom,297,327.4,0,0,0.056666666666666664,3174.787878787878,Mid CLV,Low Risk,MONITOR: no action needed yet
14479,254,2,316.25,2010-12-09 12:59:00,18,United Kingdom,365,158.125,1,1,0.8766666666666667,355.79978123860616,Low CLV,High Risk,"DO NOT INVEST: low value, unlikely to be saved profitably"
14480,11,1,279.05,2011-11-28 16:35:00,13,United Kingdom,11,279.05,0,0,0.0,6697.200000000001,High CLV,,MONITOR: no action needed yet
14481,165,2,636.51,2011-02-25 13:53:00,25,United Kingdom,287,318.255,1,1,0.81,985.6910569105689,Low CLV,High Risk,"DO NOT INVEST: low value, unlikely to be saved profitably"
14482,18,6,2068.15,2011-04-14 16:41:00,110,United Kingdom,239,344.69166666666666,0,0,0.06666666666666667,6230.410041841005,High CLV,Low Risk,REWARD: early access / loyalty perks (already staying)
14483,282,1,137.1,2011-03-03 10:26:00,9,United Kingdom,282,137.1,1,1,1.0,175.02127659574467,Low CLV,High Risk,"DO NOT INVEST: low value, unlikely to be saved profitably"
14484,50,1,321.92,2011-10-20 14:11:00,14,United Kingdom,50,321.92,0,0,0.006666666666666667,4635.647999999999,Mid CLV,Low Risk,MONITOR: no action needed yet
14485,39,1,165.75,2011-11-01 12:25:00,44,United Kingdom,39,165.75,0,0,0.0,3060.0,Mid CLV,,MONITOR: no action needed yet
14487,27,6,1196.33,2010-12-06 13:22:00,112,United Kingdom,368,199.38833333333332,0,0,0.03333333333333333,2340.645652173913,Mid CLV,Low Risk,MONITOR: no action needed yet
14488,68,1,1064.28,2011-10-03 09:30:00,46,United Kingdom,68,1064.28,0,0,0.0033333333333333335,11268.84705882353,High CLV,Low Risk,REWARD: early access / loyalty perks (already staying)
14489,207,1,463.38,2011-05-16 14:51:00,30,United Kingdom,207,463.38,1,1,0.9933333333333333,811.2868398015758,Low CLV,High Risk,"DO NOT INVEST: low value, unlikely to be saved profitably"
14491,175,2,340.93,2010-12-02 12:10:00,17,United Kingdom,373,170.465,1,1,0.9733333333333334,338.0627272393404,Low CLV,High Risk,"DO NOT INVEST: low value, unlikely to be saved profitably"
14493,7,5,2383.2400000000002,2011-07-07 16:59:00,95,United Kingdom,155,476.648,0,0,0.006666666666666667,11070.534193548388,High CLV,Low Risk,REWARD: early access / loyalty perks (already staying)
14494,26,1,139.56,2011-11-14 09:21:00,7,United Kingdom,26,139.56,0,0,0.0033333333333333335,3349.44,Mid CLV,Low Risk,MONITOR: no action needed yet
14495,51,2,123.8,2011-08-10 14:13:00,6,United Kingdom,121,61.9,0,0,0.68,541.6626154594069,Low CLV,High Risk,"DO NOT INVEST: low value, unlikely to be saved profitably"
14496,312,2,538.8100000000001,2010-12-01 15:35:00,16,United Kingdom,373,269.40500000000003,1,1,0.71,732.4381678812824,Low CLV,High Risk,"DO NOT INVEST: low value, unlikely to be saved profitably"
14497,309,1,475.37,2011-02-03 17:01:00,29,United Kingdom,309,475.37,1,1,1.0,553.8291262135922,Low CLV,High Risk,"DO NOT INVEST: low value, unlikely to be saved profitably"
14498,43,5,1957.32,2010-12-13 11:29:00,162,United Kingdom,362,391.464,0,0,0.06,3893.0121546961327,Mid CLV,Low Risk,MONITOR: no action needed yet
14499,26,3,815.32,2011-03-06 11:55:00,146,United Kingdom,279,271.77333333333337,0,0,0.09,2104.0516129032258,Mid CLV,Low Risk,MONITOR: no action needed yet
14500,88,3,356.85,2011-06-03 10:08:00,6,United Kingdom,190,118.95,0,0,0.15,1352.2736842105264,Low CLV,Low Risk,MONITOR: no action needed yet
14501,184,2,251.21,2011-01-24 10:43:00,9,United Kingdom,320,125.605,1,1,0.8933333333333333,316.3558768656717,Low CLV,High Risk,"DO NOT INVEST: low value, unlikely to be saved profitably"
14502,20,11,2470.67,2011-01-30 15:52:00,368,United Kingdom,313,224.60636363636365,0,0,0.0033333333333333335,5683.330351437699,High CLV,Low Risk,REWARD: early access / loyalty perks (already staying)
14503,3,6,3543.26,2011-06-14 10:00:00,113,United Kingdom,179,590.5433333333334,0,0,0.013333333333333334,14252.218994413408,High CLV,Low Risk,REWARD: early access / loyalty perks (already staying)
14504,47,4,673.26,2011-03-06 14:38:00,85,United Kingdom,278,168.315,0,0,0.03666666666666667,1743.6949640287767,Mid CLV,Low Risk,MONITOR: no action needed yet
14505,17,8,5905.64,2010-12-12 16:14:00,540,United Kingdom,362,738.205,0,0,0.0033333333333333335,11746.024309392265,High CLV,Low Risk,REWARD: early access / loyalty perks (already staying)
14506,17,5,2012.17,2010-12-05 14:25:00,204,United Kingdom,369,402.434,0,0,0.07666666666666666,3926.1853658536584,Mid CLV,Low Risk,MONITOR: no action needed yet
14507,24,6,1383.18,2011-03-08 17:23:00,79,United Kingdom,276,230.53,0,0,0.05,3608.2956521739134,Mid CLV,Low Risk,MONITOR: no action needed yet
14508,22,2,276.42,2011-09-11 11:29:00,52,United Kingdom,90,138.21,0,0,0.0033333333333333335,2211.36,Mid CLV,Low Risk,MONITOR: no action needed yet
14511,11,5,1314.81,2011-07-29 12:13:00,53,United Kingdom,134,262.962,0,0,0.023333333333333334,7064.650746268656,High CLV,Low Risk,REWARD: early access / loyalty perks (already staying)
14512,188,2,275.28,2011-04-21 19:05:00,19,United Kingdom,232,137.64,1,1,0.92,464.30284857571206,Low CLV,High Risk,"DO NOT INVEST: low value, unlikely to be saved profitably"
14513,101,3,455.59000000000003,2011-02-24 09:36:00,11,United Kingdom,289,151.86333333333334,1,0,0.8366666666666667,678.307117550559,Low CLV,High Risk,"DO NOT INVEST: low value, unlikely to be saved profitably"
14514,61,3,1055.35,2011-01-12 15:22:00,65,United Kingdom,331,351.7833333333333,0,0,0.07,2295.625377643504,Mid CLV,Low Risk,MONITOR: no action needed yet
14515,18,6,2102.09,2011-05-05 12:13:00,68,United Kingdom,219,350.34833333333336,0,0,0.24,6910.980821917809,High CLV,Low Risk,REWARD: early access / loyalty perks (already staying)
14517,33,2,330.45,2011-07-21 11:42:00,17,United Kingdom,142,165.225,0,0,0.15333333333333332,1675.5211267605634,Mid CLV,Low Risk,MONITOR: no action needed yet
14518,64,1,174.37,2011-10-06 14:43:00,16,United Kingdom,64,174.37,0,0,0.0,1961.6625000000001,Mid CLV,,MONITOR: no action needed yet
14520,2,2,270.6,2011-02-22 09:15:00,3,United Kingdom,291,135.3,0,0,0.2,669.5257731958764,Low CLV,Low Risk,MONITOR: no action needed yet
14522,24,4,974.54,2011-05-25 16:01:00,15,United Kingdom,198,243.635,0,0,0.06,3543.7818181818184,Mid CLV,Low Risk,MONITOR: no action needed yet
14523,108,1,241.09,2011-08-23 13:13:00,12,United Kingdom,108,241.09,1,0,0.99,811.7508417508418,Low CLV,High Risk,"DO NOT INVEST: low value, unlikely to be saved profitably"
14524,32,9,1867.68,2010-12-14 11:01:00,161,United Kingdom,361,207.52,0,0,0.013333333333333334,3725.0127423822714,Mid CLV,Low Risk,MONITOR: no action needed yet
14525,20,9,4332.2,2010-12-13 17:40:00,217,United Kingdom,361,481.35555555555555,0,0,0.0,8640.398891966759,High CLV,,MONITOR: no action needed yet
14527,3,55,8508.82,2010-12-05 13:17:00,330,United Kingdom,369,154.7058181818182,0,3,0.0,16602.575609756095,High CLV,,MONITOR: no action needed yet
14528,37,1,364.21999999999997,2011-11-02 17:09:00,18,United Kingdom,37,364.21999999999997,0,0,0.0033333333333333335,7087.524324324324,High CLV,Low Risk,REWARD: early access / loyalty perks (already staying)
14529,60,3,620.04,2011-08-21 14:10:00,177,United Kingdom,110,206.67999999999998,0,0,0.08,4058.443636363636,Mid CLV,Low Risk,MONITOR: no action needed yet
14530,26,6,2925.91,2011-02-16 10:47:00,140,United Kingdom,297,487.65166666666664,0,0,0.02,7093.115151515151,High CLV,Low Risk,REWARD: early access / loyalty perks (already staying)
14532,236,4,932.85,2010-12-22 13:48:00,45,United Kingdom,352,233.2125,1,1,0.6733333333333333,1416.9076282628266,Low CLV,High Risk,"DO NOT INVEST: low value, unlikely to be saved profitably"
14533,25,7,1949.72,2010-12-22 11:07:00,53,United Kingdom,353,278.5314285714286,0,0,0.13,3976.7660056657223,Mid CLV,Low Risk,MONITOR: no action needed yet
14534,3,18,4447.05,2011-01-25 12:33:00,331,United Kingdom,319,247.05833333333334,0,3,0.0,10037.228840125394,High CLV,,MONITOR: no action needed yet
14535,60,3,2864.19,2011-04-05 12:50:00,280,United Kingdom,249,954.73,0,0,0.05333333333333334,8281.99518072289,High CLV,Low Risk,REWARD: early access / loyalty perks (already staying)
14536,260,1,171.8,2011-03-25 12:21:00,18,United Kingdom,260,171.8,1,1,0.98,242.7315541601256,Low CLV,High Risk,"DO NOT INVEST: low value, unlikely to be saved profitably"
14537,58,1,355.56,2011-10-13 10:54:00,10,United Kingdom,58,355.56,0,0,0.006666666666666667,4413.848275862069,Mid CLV,Low Risk,MONITOR: no action needed yet
14538,65,2,388.25,2011-03-28 14:57:00,19,United Kingdom,256,194.125,0,0,0.5566666666666666,980.7962200598803,Low CLV,Medium Risk,MONITOR: no action needed yet
14539,16,2,537.48,2011-10-26 12:03:00,31,United Kingdom,45,268.74,0,0,0.0033333333333333335,8599.68,High CLV,Low Risk,REWARD: early access / loyalty perks (already staying)
14540,10,3,996.26,2011-02-03 15:02:00,64,United Kingdom,309,332.08666666666664,0,0,0.13333333333333333,2321.3825242718444,Mid CLV,Low Risk,MONITOR: no action needed yet
14541,59,8,1461.65,2011-01-24 14:16:00,71,United Kingdom,319,182.70625,0,0,0.02666666666666667,3299.021943573668,Mid CLV,Low Risk,MONITOR: no action needed yet
14542,186,1,103.25,2011-06-07 08:19:00,5,United Kingdom,186,103.25,1,1,1.0,199.83870967741933,Low CLV,High Risk,"DO NOT INVEST: low value, unlikely to be saved profitably"
14543,29,16,3630.33,2010-12-10 11:51:00,43,United Kingdom,365,226.895625,0,3,0.02666666666666667,7161.198904109589,High CLV,Low Risk,REWARD: early access / loyalty perks (already staying)
14544,24,2,2024.45,2010-12-13 12:50:00,97,United Kingdom,362,1012.225,0,0,0.19,4026.530386740332,Mid CLV,Low Risk,MONITOR: no action needed yet
14546,5,5,2578.09,2011-04-05 12:37:00,250,United Kingdom,249,515.618,0,0,0.023333333333333334,7454.718072289156,High CLV,Low Risk,REWARD: early access / loyalty perks (already staying)
14547,4,8,4007.54,2011-10-16 14:35:00,198,United Kingdom,54,500.9425,0,0,0.0033333333333333335,53433.86666666667,High CLV,Low Risk,REWARD: early access / loyalty perks (already staying)
14548,151,2,652.8,2011-01-26 08:38:00,2,United Kingdom,318,326.4,1,1,0.82,901.2425218591809,Low CLV,High Risk,"DO NOT INVEST: low value, unlikely to be saved profitably"
14549,311,1,289.24,2011-02-01 13:47:00,56,United Kingdom,311,289.24,1,1,0.9933333333333333,337.0586331168131,Low CLV,High Risk,"DO NOT INVEST: low value, unlikely to be saved profitably"
14550,11,2,765.62,2011-10-26 12:14:00,38,United Kingdom,45,382.81,0,0,0.0033333333333333335,12249.92,High CLV,Low Risk,REWARD: early access / loyalty perks (already staying)
14551,18,2,186.23,2011-05-19 18:21:00,9,United Kingdom,204,93.115,0,0,0.13666666666666666,657.2823529411764,Low CLV,Low Risk,MONITOR: no action needed yet
14552,152,1,165.07,2011-07-11 12:49:00,57,United Kingdom,152,165.07,1,1,0.8566666666666667,456.3680114683596,Low CLV,High Risk,"DO NOT INVEST: low value, unlikely to be saved profitably"
14553,19,5,859.27,2011-01-04 15:40:00,103,United Kingdom,339,171.85399999999998,0,0,0.056666666666666664,1824.9982300884953,Mid CLV,Low Risk,MONITOR: no action needed yet
14554,10,4,2381.04,2011-10-18 13:04:00,147,United Kingdom,52,595.26,0,0,0.03666666666666667,32968.24615384615,High CLV,Low Risk,REWARD: early access / loyalty perks (already staying)
14555,57,2,324.14,2011-02-10 17:19:00,18,United Kingdom,302,162.07,0,0,0.2633333333333333,772.7841059602649,Low CLV,Low Risk,MONITOR: no action needed yet
14557,85,1,788.38,2011-09-15 15:48:00,16,United Kingdom,85,788.38,0,0,0.006666666666666667,6678.042352941176,High CLV,Low Risk,REWARD: early access / loyalty perks (already staying)
14560,7,22,2237.77,2010-12-17 09:22:00,39,United Kingdom,358,101.71681818181818,0,3,0.03,4500.543016759777,Mid CLV,Low Risk,MONITOR: no action needed yet
14561,76,3,1080.76,2011-06-08 13:26:00,67,United Kingdom,184,360.25333333333333,0,0,0.06333333333333334,4229.060869565217,Mid CLV,Low Risk,MONITOR: no action needed yet
14562,4,18,5074.77,2011-02-08 14:45:00,187,United Kingdom,304,281.9316666666667,0,3,0.01,12019.192105263159,High CLV,Low Risk,REWARD: early access / loyalty perks (already staying)
14565,96,4,3099.12,2010-12-13 13:25:00,111,United Kingdom,361,774.78,1,0,0.42333333333333334,6181.0703601108025,High CLV,Medium Risk,PRIORITIZE: proactive retention offer
14566,111,1,1432.0,2011-08-21 11:05:00,4,Other,111,1432.0,1,0,0.9333333333333333,4976.061776061776,High CLV,High Risk,PRIORITIZE: proactive retention offer
14567,57,2,1530.3600000000001,2011-08-01 13:48:00,33,United Kingdom,130,765.1800000000001,0,0,0.19,8475.840000000002,High CLV,Low Risk,REWARD: early access / loyalty perks (already staying)
14569,1,1,227.39,2011-12-08 14:58:00,10,United Kingdom,1,227.39,0,0,0.0,5457.36,High CLV,,MONITOR: no action needed yet
14570,281,2,218.06,2011-03-04 10:39:00,29,United Kingdom,281,109.03,1,1,0.38333333333333336,558.7302491103203,Low CLV,Medium Risk,MONITOR: no action needed yet
14572,3,7,2832.84,2011-01-19 17:23:00,190,United Kingdom,324,404.6914285714286,0,0,0.03333333333333333,6295.200000000001,High CLV,Low Risk,REWARD: early access / loyalty perks (already staying)
14573,180,9,1653.42,2010-12-02 19:59:00,127,United Kingdom,372,183.71333333333334,1,1,0.10333333333333333,3200.1677419354837,Mid CLV,Low Risk,MONITOR: no action needed yet
14576,372,1,35.400000000000006,2010-12-02 17:51:00,1,United Kingdom,372,35.400000000000006,1,1,0.94,36.44474948524366,Low CLV,High Risk,"DO NOT INVEST: low value, unlikely to be saved profitably"
14577,13,4,859.71,2010-12-12 11:26:00,86,United Kingdom,363,214.9275,0,0,0.03,1705.209917355372,Mid CLV,Low Risk,MONITOR: no action needed yet
14578,3,1,168.63,2011-12-06 17:18:00,24,United Kingdom,3,168.63,0,0,0.006666666666666667,4047.12,Mid CLV,Low Risk,MONITOR: no action needed yet
14581,17,1,138.6,2011-11-23 12:39:00,16,United Kingdom,17,138.6,0,0,0.006666666666666667,3326.3999999999996,Mid CLV,Low Risk,MONITOR: no action needed yet
14582,41,1,114.11,2011-10-30 11:56:00,6,United Kingdom,41,114.11,0,0,0.0033333333333333335,2003.8829268292684,Mid CLV,Low Risk,MONITOR: no action needed yet
14583,6,5,1052.55,2011-05-18 11:28:00,243,United Kingdom,206,210.51,0,0,0.01,3678.8155339805826,Mid CLV,Low Risk,MONITOR: no action needed yet
14584,169,4,1042.26,2011-05-25 17:31:00,68,United Kingdom,198,260.565,1,1,0.6633333333333333,2856.8113293741435,Mid CLV,High Risk,MONITOR: no action needed yet
14585,50,1,157.05,2011-10-20 14:33:00,29,United Kingdom,50,157.05,0,0,0.02,2261.52,Mid CLV,Low Risk,MONITOR: no action needed yet
14586,277,1,237.36,2011-03-08 10:04:00,19,United Kingdom,277,237.36,1,1,0.9966666666666667,309.51402388225495,Low CLV,High Risk,"DO NOT INVEST: low value, unlikely to be saved profitably"
14587,19,9,1601.14,2011-01-12 13:16:00,170,United Kingdom,331,177.90444444444447,0,0,0.02,3482.842296072508,Mid CLV,Low Risk,MONITOR: no action needed yet
14589,372,1,39.75,2010-12-03 11:42:00,3,United Kingdom,372,39.75,1,1,0.9833333333333333,39.11973756150902,Low CLV,High Risk,"DO NOT INVEST: low value, unlikely to be saved profitably"
14591,15,4,1447.14,2011-05-10 14:09:00,138,United Kingdom,213,361.785,0,0,0.02,4891.740845070422,Mid CLV,Low Risk,MONITOR: no action needed yet
14592,35,3,570.46,2011-10-06 18:08:00,132,United Kingdom,64,190.15333333333334,0,0,0.013333333333333334,6417.675000000001,High CLV,Low Risk,REWARD: early access / loyalty perks (already staying)
14593,22,3,617.99,2011-05-25 11:14:00,127,United Kingdom,199,205.99666666666667,0,0,0.04,2235.9437185929646,Mid CLV,Low Risk,MONITOR: no action needed yet
14594,7,2,379.83,2010-12-01 13:54:00,48,United Kingdom,373,189.915,0,0,0.23666666666666666,733.1839142091153,Low CLV,Low Risk,MONITOR: no action needed yet
14595,20,6,1740.6,2011-01-30 13:36:00,94,United Kingdom,313,290.09999999999997,0,0,0.0033333333333333335,4003.936102236422,Mid CLV,Low Risk,MONITOR: no action needed yet
14597,11,2,883.15,2011-06-01 12:33:00,45,United Kingdom,192,441.575,0,0,0.10666666666666667,3311.8125,Mid CLV,Low Risk,MONITOR: no action needed yet
14598,44,1,221.97,2011-10-26 13:19:00,49,United Kingdom,44,221.97,0,0,0.01,3632.2363636363634,Mid CLV,Low Risk,MONITOR: no action needed yet
14600,306,1,393.33000000000004,2011-02-07 09:48:00,25,United Kingdom,306,393.33000000000004,1,1,0.9933333333333333,465.84682195025675,Low CLV,High Risk,"DO NOT INVEST: low value, unlikely to be saved profitably"
14601,11,1,213.96,2011-11-29 09:48:00,7,United Kingdom,11,213.96,0,0,0.0,5135.04,High CLV,,MONITOR: no action needed yet
14603,275,1,660.0,2011-03-10 10:27:00,2,United Kingdom,275,660.0,1,1,0.95,909.4736842105264,Low CLV,High Risk,"DO NOT INVEST: low value, unlikely to be saved profitably"
14606,1,93,12156.65,2010-12-01 16:57:00,819,United Kingdom,373,130.71666666666667,0,3,0.006666666666666667,23465.919571045575,High CLV,Low Risk,REWARD: early access / loyalty perks (already staying)
14607,16,14,16569.5,2011-03-23 15:22:00,38,United Kingdom,261,1183.5357142857142,0,3,0.023333333333333334,45708.965517241384,High CLV,Low Risk,REWARD: early access / loyalty perks (already staying)
14608,4,4,1785.15,2010-12-12 14:49:00,8,United Kingdom,362,446.2875,0,0,0.11333333333333333,3550.574585635359,Mid CLV,Low Risk,MONITOR: no action needed yet
14609,72,4,601.56,2011-02-16 12:10:00,2,United Kingdom,297,150.39,0,0,0.17333333333333334,1458.3272727272727,Low CLV,Low Risk,MONITOR: no action needed yet
14616,243,3,406.08000000000004,2011-01-26 12:42:00,2,United Kingdom,318,135.36,1,1,0.81,567.5471698113208,Low CLV,High Risk,"DO NOT INVEST: low value, unlikely to be saved profitably"
14618,9,3,553.44,2011-01-06 11:59:00,10,United Kingdom,338,184.48000000000002,0,0,0.14333333333333334,1178.9254437869822,Low CLV,Low Risk,MONITOR: no action needed yet
14619,246,1,394.44,2011-04-08 07:37:00,20,United Kingdom,246,394.44,1,1,0.9866666666666667,585.0296638101516,Low CLV,High Risk,"DO NOT INVEST: low value, unlikely to be saved profitably"
14620,206,2,412.78000000000003,2011-03-01 08:30:00,26,United Kingdom,284,206.39000000000001,1,1,0.5366666666666666,974.9855655673172,Low CLV,Medium Risk,MONITOR: no action needed yet
14621,1,5,1788.3600000000001,2010-12-16 13:00:00,80,United Kingdom,358,357.672,0,0,0.04666666666666667,3596.701675977654,Mid CLV,Low Risk,MONITOR: no action needed yet
14622,185,1,320.58000000000004,2011-06-08 12:42:00,21,United Kingdom,185,320.58000000000004,1,1,0.99,630.1326781326782,Low CLV,High Risk,"DO NOT INVEST: low value, unlikely to be saved profitably"
14623,32,5,889.25,2011-04-18 13:54:00,108,United Kingdom,235,177.85,0,0,0.03333333333333333,2724.5106382978724,Mid CLV,Low Risk,MONITOR: no action needed yet
14624,57,2,225.85,2011-10-11 14:39:00,13,United Kingdom,59,112.925,0,0,0.0,2756.135593220339,Mid CLV,,MONITOR: no action needed yet
14625,196,2,899.63,2010-12-13 15:36:00,51,United Kingdom,361,449.815,1,1,0.75,1196.1839335180055,Low CLV,High Risk,"DO NOT INVEST: low value, unlikely to be saved profitably"
14626,24,4,2791.27,2011-04-20 13:18:00,108,United Kingdom,233,697.8175,0,0,0.08666666666666667,8625.383690987124,High CLV,Low Risk,REWARD: early access / loyalty perks (already staying)
14628,91,2,671.96,2011-04-11 14:43:00,22,United Kingdom,242,335.98,1,0,0.8566666666666667,1166.8598257066599,Low CLV,High Risk,"DO NOT INVEST: low value, unlikely to be saved profitably"
14629,4,2,959.01,2011-10-23 16:13:00,133,United Kingdom,47,479.505,0,0,0.0033333333333333335,14691.217021276596,High CLV,Low Risk,REWARD: early access / loyalty perks (already staying)
14631,51,3,1006.98,2011-02-14 09:31:00,38,United Kingdom,299,335.66,0,0,0.23666666666666666,2424.8347826086956,Mid CLV,Low Risk,MONITOR: no action needed yet
14632,263,1,114.56,2011-03-22 08:49:00,8,United Kingdom,263,114.56,1,1,0.99,158.39612858624264,Low CLV,High Risk,"DO NOT INVEST: low value, unlikely to be saved profitably"
14633,266,1,344.90000000000003,2011-03-18 17:07:00,20,United Kingdom,266,344.90000000000003,1,1,0.99,471.49692412850305,Low CLV,High Risk,"DO NOT INVEST: low value, unlikely to be saved profitably"
14636,36,2,609.85,2011-03-16 09:52:00,27,United Kingdom,269,304.925,0,0,0.2866666666666667,1632.3122676579924,Mid CLV,Low Risk,MONITOR: no action needed yet
14638,51,1,443.6,2011-10-20 10:10:00,16,United Kingdom,51,443.6,0,0,0.0,6262.588235294117,High CLV,,MONITOR: no action needed yet
14639,52,6,2984.49,2010-12-13 13:50:00,138,United Kingdom,361,497.41499999999996,0,0,0.013333333333333334,5952.4454293628805,High CLV,Low Risk,REWARD: early access / loyalty perks (already staying)
14640,24,6,2125.08,2011-04-26 12:31:00,87,United Kingdom,228,354.18,0,0,0.11333333333333333,6710.7789473684215,High CLV,Low Risk,REWARD: early access / loyalty perks (already staying)
14641,22,1,110.46,2011-11-18 10:42:00,7,United Kingdom,22,110.46,0,0,0.0,2651.04,Mid CLV,,MONITOR: no action needed yet
14642,59,1,96.12,2011-10-12 11:08:00,2,United Kingdom,59,96.12,0,0,0.0,1172.9898305084748,Low CLV,,MONITOR: no action needed yet
14643,170,2,693.8100000000001,2010-12-16 17:53:00,30,United Kingdom,358,346.90500000000003,1,1,0.8233333333333334,847.391943546016,Low CLV,High Risk,"DO NOT INVEST: low value, unlikely to be saved profitably"
14644,68,2,830.76,2011-02-14 14:14:00,26,United Kingdom,298,415.38,0,0,0.24666666666666667,2007.2053691275166,Mid CLV,Low Risk,MONITOR: no action needed yet
14645,157,2,597.09,2011-03-09 09:52:00,28,United Kingdom,276,298.545,1,1,0.7433333333333333,1047.7305517644768,Low CLV,High Risk,"DO NOT INVEST: low value, unlikely to be saved profitably"
14646,2,73,280206.02,2010-12-20 10:09:00,700,Other,355,3838.4386301369864,0,2,0.013333333333333334,568305.1673239437,High CLV,Low Risk,REWARD: early access / loyalty perks (already staying)
14647,201,1,243.22,2011-05-22 13:40:00,24,United Kingdom,201,243.22,1,1,0.99,440.0180913613749,Low CLV,High Risk,"DO NOT INVEST: low value, unlikely to be saved profitably"
14649,5,4,1417.29,2011-05-11 14:37:00,148,United Kingdom,212,354.3225,0,0,0.013333333333333334,4813.4377358490565,Mid CLV,Low Risk,MONITOR: no action needed yet
14651,67,2,654.6,2011-05-12 16:29:00,95,United Kingdom,211,327.3,0,0,0.12,2233.706161137441,Mid CLV,Low Risk,MONITOR: no action needed yet
14652,77,1,114.18,2011-09-23 14:21:00,29,United Kingdom,77,114.18,0,0,0.0033333333333333335,1067.6571428571428,Low CLV,Low Risk,MONITOR: no action needed yet
14653,1,7,1947.55,2011-01-05 13:40:00,154,United Kingdom,338,278.2214285714286,0,0,0.09,4148.627218934911,Mid CLV,Low Risk,MONITOR: no action needed yet
14655,8,4,1932.23,2011-05-01 14:59:00,35,United Kingdom,222,483.0575,0,0,0.06666666666666667,6266.691891891893,High CLV,Low Risk,REWARD: early access / loyalty perks (already staying)
14656,169,2,291.05,2011-03-01 13:19:00,73,United Kingdom,283,145.525,1,1,0.6833333333333333,541.8150478324571,Low CLV,High Risk,"DO NOT INVEST: low value, unlikely to be saved profitably"
14657,18,4,848.22,2011-01-17 15:19:00,103,United Kingdom,326,212.055,0,0,0.02,1873.3693251533743,Mid CLV,Low Risk,MONITOR: no action needed yet
14658,5,2,247.15,2011-08-14 15:42:00,27,United Kingdom,117,123.575,0,0,0.07666666666666666,1520.9230769230771,Low CLV,Low Risk,MONITOR: no action needed yet
14659,9,9,2529.93,2011-01-28 12:43:00,147,United Kingdom,316,281.1033333333333,0,0,0.03333333333333333,5764.397468354429,High CLV,Low Risk,REWARD: early access / loyalty perks (already staying)
14660,87,2,285.74,2011-08-31 10:40:00,24,United Kingdom,101,142.87,0,0,0.016666666666666666,2036.9584158415842,Mid CLV,Low Risk,MONITOR: no action needed yet
14661,27,1,107.95,2011-11-13 11:51:00,4,United Kingdom,27,107.95,0,0,0.0,2590.8,Mid CLV,,MONITOR: no action needed yet
14662,29,4,771.17,2011-01-27 17:41:00,143,United Kingdom,316,192.7925,0,0,0.12333333333333334,1757.0962025316458,Mid CLV,Low Risk,MONITOR: no action needed yet
14664,20,2,637.89,2011-11-06 14:56:00,78,United Kingdom,33,318.945,0,0,0.0,13917.599999999999,High CLV,,MONITOR: no action needed yet
14665,61,5,1835.7,2011-02-02 09:08:00,63,United Kingdom,311,367.14,0,0,0.03333333333333333,4249.852090032155,Mid CLV,Low Risk,MONITOR: no action needed yet
14666,24,1,195.25,2011-11-15 12:57:00,14,United Kingdom,24,195.25,0,0,0.0,4686.0,Mid CLV,,MONITOR: no action needed yet
14667,11,25,9241.2,2010-12-06 13:13:00,354,United Kingdom,368,369.648,0,3,0.0,18080.608695652172,High CLV,,MONITOR: no action needed yet
14669,242,3,1269.99,2011-01-11 12:30:00,158,United Kingdom,333,423.33,1,1,0.21333333333333335,2745.9243243243245,Mid CLV,Low Risk,MONITOR: no action needed yet
14670,280,2,411.53,2011-03-04 13:58:00,107,United Kingdom,280,205.765,1,1,0.32,1058.2199999999998,Low CLV,Medium Risk,MONITOR: no action needed yet
14672,235,2,765.55,2011-01-07 15:48:00,58,United Kingdom,336,382.775,1,1,0.54,1518.9484126984123,Low CLV,Medium Risk,MONITOR: no action needed yet
14673,3,5,1736.4,2010-12-07 12:49:00,39,United Kingdom,368,347.28000000000003,0,0,0.08333333333333333,3397.304347826087,Mid CLV,Low Risk,MONITOR: no action needed yet
14675,16,1,604.75,2011-11-23 12:58:00,93,United Kingdom,16,604.75,0,0,0.02,14514.0,High CLV,Low Risk,REWARD: early access / loyalty perks (already staying)
14676,31,6,2548.2400000000002,2011-03-01 14:26:00,29,United Kingdom,283,424.7066666666667,0,0,0.016666666666666666,6483.154770318021,High CLV,Low Risk,REWARD: early access / loyalty perks (already staying)
14680,25,16,28754.11,2010-12-03 12:05:00,73,United Kingdom,372,1797.131875,0,3,0.016666666666666666,55653.11612903225,High CLV,Low Risk,REWARD: early access / loyalty perks (already staying)
14681,71,3,498.95,2011-05-12 10:45:00,6,United Kingdom,212,166.31666666666666,0,0,0.5666666666666667,1495.188679245283,Low CLV,Medium Risk,MONITOR: no action needed yet
14682,188,2,52.0,2011-05-22 12:51:00,1,United Kingdom,201,26.0,1,1,0.39,186.26865671641792,Low CLV,Medium Risk,MONITOR: no action needed yet
14684,26,5,1236.28,2010-12-12 12:44:00,231,United Kingdom,363,247.256,0,0,0.07,2452.1256198347105,Mid CLV,Low Risk,MONITOR: no action needed yet
14687,107,1,628.38,2011-08-25 11:59:00,15,United Kingdom,107,628.38,1,0,0.9666666666666667,2187.0783113116336,Mid CLV,High Risk,MONITOR: no action needed yet
14688,8,21,5630.87,2010-12-01 09:37:00,148,United Kingdom,374,268.13666666666666,0,3,0.043333333333333335,10840.177540106952,High CLV,Low Risk,REWARD: early access / loyalty perks (already staying)
14689,209,1,112.8,2011-05-15 11:22:00,13,United Kingdom,209,112.8,1,1,0.9933333333333333,195.60065508493625,Low CLV,High Risk,"DO NOT INVEST: low value, unlikely to be saved profitably"
14690,44,2,371.7,2011-07-11 11:58:00,40,United Kingdom,152,185.85,0,0,0.1,1760.6842105263158,Mid CLV,Low Risk,MONITOR: no action needed yet
14691,31,5,2114.33,2011-05-11 09:55:00,50,United Kingdom,213,422.866,0,0,0.01,7147.030985915493,High CLV,Low Risk,REWARD: early access / loyalty perks (already staying)
14692,137,4,591.55,2011-01-21 13:47:00,53,United Kingdom,322,147.8875,1,0,0.43666666666666665,1322.72049689441,Low CLV,Medium Risk,MONITOR: no action needed yet
14693,265,1,172.9,2011-03-20 12:50:00,8,United Kingdom,265,172.9,1,1,0.9966666666666667,235.6685808039376,Low CLV,High Risk,"DO NOT INVEST: low value, unlikely to be saved profitably"
14696,4,7,2078.95,2010-12-01 15:37:00,117,United Kingdom,373,296.99285714285713,0,0,0.09333333333333334,4012.986595174262,Mid CLV,Low Risk,MONITOR: no action needed yet
14697,218,2,188.60999999999999,2011-05-05 15:29:00,22,United Kingdom,218,94.30499999999999,1,1,0.8033333333333333,387.71708096996457,Low CLV,High Risk,"DO NOT INVEST: low value, unlikely to be saved profitably"
14698,2,5,1250.76,2011-10-19 12:54:00,148,United Kingdom,51,250.152,0,0,0.01,17657.788235294116,High CLV,Low Risk,REWARD: early access / loyalty perks (already staying)
14699,214,1,109.13000000000001,2011-05-09 14:54:00,8,United Kingdom,214,109.13000000000001,1,1,1.0,183.58317757009345,Low CLV,High Risk,"DO NOT INVEST: low value, unlikely to be saved profitably"
14700,32,3,2235.3,2011-04-15 13:16:00,80,United Kingdom,238,745.1,0,0,0.15333333333333332,6762.252100840336,High CLV,Low Risk,REWARD: early access / loyalty perks (already staying)
14701,11,9,2549.37,2011-01-27 12:40:00,268,United Kingdom,317,283.2633333333333,0,0,0.02666666666666667,5790.367192429022,High CLV,Low Risk,REWARD: early access / loyalty perks (already staying)
14702,1,17,3292.14,2010-12-09 19:23:00,196,United Kingdom,365,193.65529411764706,0,3,0.0033333333333333335,6494.084383561643,High CLV,Low Risk,REWARD: early access / loyalty perks (already staying)
14703,15,1,318.17,2011-11-25 09:23:00,22,United Kingdom,15,318.17,0,0,0.0,7636.08,High CLV,,MONITOR: no action needed yet
14704,11,9,1546.91,2011-06-12 13:59:00,288,United Kingdom,180,171.8788888888889,0,0,0.006666666666666667,6187.639999999999,High CLV,Low Risk,REWARD: early access / loyalty perks (already staying)
14705,199,1,179.0,2011-05-25 12:39:00,1,United Kingdom,199,179.0,1,1,1.0,323.8190954773869,Low CLV,High Risk,"DO NOT INVEST: low value, unlikely to be saved profitably"
14708,3,3,1126.37,2010-12-06 12:23:00,25,United Kingdom,369,375.45666666666665,0,0,0.10333333333333333,2197.7951219512192,Mid CLV,Low Risk,MONITOR: no action needed yet
14709,15,13,4921.04,2010-12-16 13:43:00,71,United Kingdom,358,378.54153846153844,0,0,0.006666666666666667,9897.063687150838,High CLV,Low Risk,REWARD: early access / loyalty perks (already staying)
14710,14,4,606.13,2011-10-11 13:49:00,124,United Kingdom,59,151.5325,0,0,0.01,7396.840677966103,High CLV,Low Risk,REWARD: early access / loyalty perks (already staying)
14711,10,11,2868.8,2011-03-22 13:32:00,221,United Kingdom,262,260.8,0,0,0.016666666666666666,7883.725190839697,High CLV,Low Risk,REWARD: early access / loyalty perks (already staying)
14712,29,3,917.07,2011-08-19 13:33:00,21,United Kingdom,112,305.69,0,0,0.24666666666666667,5895.450000000001,High CLV,Low Risk,REWARD: early access / loyalty perks (already staying)
14713,9,11,2666.36,2010-12-09 18:58:00,146,United Kingdom,365,242.39636363636365,0,0,0.16666666666666666,5259.669041095891,High CLV,Low Risk,REWARD: early access / loyalty perks (already staying)
14714,24,1,160.19,2011-11-15 13:07:00,10,United Kingdom,24,160.19,0,0,0.0,3844.56,Mid CLV,,MONITOR: no action needed yet
14715,25,4,867.38,2011-01-12 13:27:00,60,United Kingdom,331,216.845,0,0,0.07,1886.7480362537763,Mid CLV,Low Risk,MONITOR: no action needed yet
14716,43,2,329.68,2011-07-14 12:42:00,46,United Kingdom,149,164.84,0,0,0.12,1593.0845637583893,Mid CLV,Low Risk,MONITOR: no action needed yet
14719,2,5,1602.13,2011-04-04 14:17:00,177,United Kingdom,249,320.42600000000004,0,0,0.02,4632.665060240964,Mid CLV,Low Risk,MONITOR: no action needed yet
14720,6,3,663.81,2011-08-05 12:06:00,34,United Kingdom,127,221.26999999999998,0,0,0.03666666666666667,3763.332283464567,Mid CLV,Low Risk,MONITOR: no action needed yet
14722,147,1,187.92000000000002,2011-07-15 14:58:00,28,United Kingdom,147,187.92000000000002,1,1,0.9766666666666667,471.2070766873302,Low CLV,High Risk,"DO NOT INVEST: low value, unlikely to be saved profitably"
14723,10,6,1158.3,2010-12-03 14:18:00,193,United Kingdom,371,193.04999999999998,0,0,0.17333333333333334,2247.9137466307275,Mid CLV,Low Risk,MONITOR: no action needed yet
14725,25,1,718.08,2011-11-15 12:42:00,45,United Kingdom,25,718.08,0,0,0.0,17233.920000000002,High CLV,,MONITOR: no action needed yet
14727,274,1,268.58,2011-03-10 14:45:00,10,United Kingdom,274,268.58,1,1,0.9966666666666667,354.0590288797207,Low CLV,High Risk,"DO NOT INVEST: low value, unlikely to be saved profitably"
14729,374,1,313.49,2010-12-01 12:43:00,69,United Kingdom,374,313.49,1,1,0.9866666666666667,305.8328515681457,Low CLV,High Risk,"DO NOT INVEST: low value, unlikely to be saved profitably"
14730,1,8,2005.06,2011-03-08 12:49:00,317,United Kingdom,277,250.6325,0,0,0.013333333333333334,5211.708303249097,High CLV,Low Risk,REWARD: early access / loyalty perks (already staying)
14731,47,3,380.02,2011-05-11 13:06:00,38,United Kingdom,212,126.67333333333333,0,0,0.17,1290.6339622641508,Low CLV,Low Risk,MONITOR: no action needed yet
14732,8,8,2702.4900000000002,2011-01-04 14:40:00,105,United Kingdom,339,337.81125000000003,0,0,0.04666666666666667,5739.801769911504,High CLV,Low Risk,REWARD: early access / loyalty perks (already staying)
14733,16,12,9585.91,2010-12-07 11:30:00,102,United Kingdom,368,798.8258333333333,0,3,0.023333333333333334,18755.041304347826,High CLV,Low Risk,REWARD: early access / loyalty perks (already staying)
14735,4,32,6065.69,2010-12-16 16:05:00,99,United Kingdom,358,189.5528125,0,3,0.01,12199.153072625697,High CLV,Low Risk,REWARD: early access / loyalty perks (already staying)
14737,4,3,1164.55,2010-12-21 13:49:00,15,United Kingdom,353,388.18333333333334,0,0,0.07666666666666666,2375.2861189801697,Mid CLV,Low Risk,MONITOR: no action needed yet
14738,43,7,1314.45,2011-01-27 14:10:00,39,United Kingdom,316,187.77857142857144,0,0,0.0033333333333333335,2994.9493670886077,Mid CLV,Low Risk,MONITOR: no action needed yet
14739,4,7,3902.28,2010-12-07 14:58:00,47,United Kingdom,367,557.4685714285714,0,0,0.02666666666666667,7655.699182561308,High CLV,Low Risk,REWARD: early access / loyalty perks (already staying)
14740,197,3,1448.21,2011-03-01 08:35:00,85,United Kingdom,284,482.7366666666667,1,1,0.6533333333333333,2809.8354412187414,Mid CLV,High Risk,MONITOR: no action needed yet
14741,12,6,1400.34,2010-12-02 08:43:00,35,United Kingdom,373,233.39,0,0,0.38666666666666666,2703.0691689008045,Mid CLV,Medium Risk,MONITOR: no action needed yet
14744,16,7,1099.98,2010-12-08 10:21:00,21,United Kingdom,367,157.14000000000001,0,0,0.05333333333333334,2157.9989100817443,Mid CLV,Low Risk,MONITOR: no action needed yet
14745,113,5,1220.26,2011-02-27 15:25:00,46,United Kingdom,285,244.052,1,0,0.08666666666666667,3082.7621052631575,Mid CLV,Low Risk,MONITOR: no action needed yet
14747,249,1,328.2,2011-04-04 14:09:00,18,United Kingdom,249,328.2,1,1,1.0,474.50602409638554,Low CLV,High Risk,"DO NOT INVEST: low value, unlikely to be saved profitably"
14748,29,5,1415.75,2010-12-06 10:19:00,87,United Kingdom,369,283.15,0,0,0.07666666666666666,2762.4390243902435,Mid CLV,Low Risk,MONITOR: no action needed yet
14752,44,1,389.64,2011-10-27 11:55:00,5,United Kingdom,44,389.64,0,0,0.006666666666666667,6375.927272727273,High CLV,Low Risk,REWARD: early access / loyalty perks (already staying)
14753,87,1,563.15,2011-09-13 14:50:00,30,United Kingdom,87,563.15,0,0,0.013333333333333334,4660.551724137931,Mid CLV,Low Risk,MONITOR: no action needed yet
14754,45,2,638.05,2011-02-17 12:21:00,38,United Kingdom,296,319.025,0,0,0.30666666666666664,1552.0135135135133,Mid CLV,Medium Risk,MONITOR: no action needed yet
14755,10,11,5010.28,2011-01-09 14:02:00,128,United Kingdom,334,455.47999999999996,0,0,0.0,10800.60359281437,High CLV,,MONITOR: no action needed yet
14756,15,1,738.96,2011-11-24 18:13:00,38,United Kingdom,15,738.96,0,0,0.0033333333333333335,17735.04,High CLV,Low Risk,REWARD: early access / loyalty perks (already staying)
14757,75,1,420.5,2011-09-25 14:36:00,19,United Kingdom,75,420.5,0,0,0.0033333333333333335,4036.7999999999997,Mid CLV,Low Risk,MONITOR: no action needed yet
14758,145,4,1484.06,2011-03-25 12:10:00,54,United Kingdom,260,371.015,1,0,0.69,2978.0468227424753,Mid CLV,High Risk,MONITOR: no action needed yet
14759,5,3,1625.97,2011-04-21 10:55:00,92,United Kingdom,233,541.99,0,0,0.043333333333333335,5024.456652360515,High CLV,Low Risk,REWARD: early access / loyalty perks (already staying)
14760,297,1,89.2,2011-02-15 16:27:00,5,United Kingdom,297,89.2,1,1,1.0,108.12121212121212,Low CLV,High Risk,"DO NOT INVEST: low value, unlikely to be saved profitably"
14761,59,2,255.9,2011-01-09 12:03:00,11,United Kingdom,335,127.95,0,0,0.2966666666666667,549.9940298507463,Low CLV,Low Risk,MONITOR: no action needed yet
14762,264,1,300.52,2011-03-21 08:20:00,21,United Kingdom,264,300.52,1,1,1.0,409.79999999999995,Low CLV,High Risk,"DO NOT INVEST: low value, unlikely to be saved profitably"
14764,47,1,278.3,2011-10-24 11:54:00,6,United Kingdom,47,278.3,0,0,0.0033333333333333335,4263.319148936171,Mid CLV,Low Risk,MONITOR: no action needed yet
14765,29,3,254.11,2011-06-16 19:49:00,38,United Kingdom,176,84.70333333333333,0,0,0.33666666666666667,1039.5409090909093,Low CLV,Medium Risk,MONITOR: no action needed yet
14766,8,6,2473.37,2010-12-08 15:33:00,111,United Kingdom,366,412.2283333333333,0,0,0.02666666666666667,4865.645901639345,Mid CLV,Low Risk,MONITOR: no action needed yet
14768,17,2,192.60000000000002,2011-08-04 13:25:00,4,United Kingdom,127,96.30000000000001,0,0,0.20666666666666667,1091.9055118110239,Low CLV,Low Risk,MONITOR: no action needed yet
14769,3,8,10674.75,2010-12-17 11:40:00,718,United Kingdom,358,1334.34375,0,0,0.02,21468.77094972067,High CLV,Low Risk,REWARD: early access / loyalty perks (already staying)
14770,232,2,876.42,2011-01-20 15:00:00,49,United Kingdom,323,438.21,1,1,0.78,1252.326744462967,Low CLV,High Risk,"DO NOT INVEST: low value, unlikely to be saved profitably"
14772,112,1,139.26,2011-08-19 15:04:00,9,United Kingdom,112,139.26,1,0,0.9966666666666667,449.1184902054467,Low CLV,High Risk,"DO NOT INVEST: low value, unlikely to be saved profitably"
14775,58,3,1011.9,2010-12-02 16:38:00,57,United Kingdom,372,337.3,0,0,0.12333333333333334,1958.5161290322578,Mid CLV,Low Risk,MONITOR: no action needed yet
14776,51,11,2538.3,2011-01-31 13:17:00,44,United Kingdom,312,230.75454545454548,0,0,0.013333333333333334,5857.615384615385,High CLV,Low Risk,REWARD: early access / loyalty perks (already staying)
14778,127,2,730.86,2011-02-04 11:43:00,34,United Kingdom,309,365.43,1,0,0.9,946.0970873786408,Low CLV,High Risk,"DO NOT INVEST: low value, unlikely to be saved profitably"
14779,281,3,386.15,2011-01-20 12:04:00,40,United Kingdom,324,128.71666666666667,1,1,0.7066666666666667,607.1540880503144,Low CLV,High Risk,"DO NOT INVEST: low value, unlikely to be saved profitably"
14780,55,2,447.68,2011-09-21 15:15:00,26,United Kingdom,79,223.84,0,0,0.006666666666666667,4080.121518987342,Mid CLV,Low Risk,MONITOR: no action needed yet
14782,320,1,200.10000000000002,2011-01-24 11:12:00,6,United Kingdom,320,200.10000000000002,1,1,0.9966666666666667,225.8653846153846,Low CLV,High Risk,"DO NOT INVEST: low value, unlikely to be saved profitably"
14784,26,2,289.99,2011-01-20 09:25:00,15,United Kingdom,324,144.995,0,0,0.9066666666666666,355.37990196078425,Low CLV,High Risk,"DO NOT INVEST: low value, unlikely to be saved profitably"
14785,10,2,77.4,2011-11-24 13:40:00,2,United Kingdom,15,38.7,0,0,0.0033333333333333335,1857.6000000000001,Mid CLV,Low Risk,MONITOR: no action needed yet
14788,7,2,679.4399999999999,2011-11-13 15:52:00,26,United Kingdom,26,339.71999999999997,0,0,0.0033333333333333335,16306.559999999998,High CLV,Low Risk,REWARD: early access / loyalty perks (already staying)
14789,29,1,197.64,2011-11-11 08:59:00,6,United Kingdom,29,197.64,0,0,0.0,4743.36,Mid CLV,,MONITOR: no action needed yet
14790,17,4,745.06,2011-03-31 11:49:00,30,United Kingdom,254,186.265,0,0,0.08333333333333333,2111.9811023622046,Mid CLV,Low Risk,MONITOR: no action needed yet
14792,64,1,6.2,2011-10-07 09:19:00,2,United Kingdom,64,6.2,0,0,0.01,69.75,Low CLV,Low Risk,MONITOR: no action needed yet
14793,21,1,228.99,2011-11-18 14:50:00,14,United Kingdom,21,228.99,0,0,0.0,5495.76,High CLV,,MONITOR: no action needed yet
14794,3,7,1319.91,2011-01-09 16:11:00,68,United Kingdom,334,188.55857142857144,0,0,0.006666666666666667,2845.3149700598806,Mid CLV,Low Risk,MONITOR: no action needed yet
14795,166,1,131.45000000000002,2011-06-26 13:04:00,6,United Kingdom,166,131.45000000000002,1,1,1.0,285.07228915662654,Low CLV,High Risk,"DO NOT INVEST: low value, unlikely to be saved profitably"
14796,1,17,8022.49,2010-12-08 10:40:00,403,United Kingdom,367,471.9111764705882,0,3,0.0,15738.944959128065,High CLV,,MONITOR: no action needed yet
14798,53,3,173.74,2011-02-02 15:26:00,11,United Kingdom,310,57.913333333333334,0,0,0.20666666666666667,403.52516129032256,Low CLV,Low Risk,MONITOR: no action needed yet
14799,51,1,157.7,2011-10-19 16:16:00,13,United Kingdom,51,157.7,0,0,0.01,2226.3529411764707,Mid CLV,Low Risk,MONITOR: no action needed yet
14800,48,12,4339.74,2010-12-05 11:10:00,246,United Kingdom,370,361.645,0,0,0.0,8444.899459459459,High CLV,,MONITOR: no action needed yet
14801,61,1,193.14,2011-10-09 15:24:00,56,United Kingdom,61,193.14,0,0,0.0,2279.685245901639,Mid CLV,,MONITOR: no action needed yet
14803,162,3,845.55,2011-02-20 13:21:00,35,United Kingdom,292,281.84999999999997,1,1,0.77,1353.842732609856,Low CLV,High Risk,"DO NOT INVEST: low value, unlikely to be saved profitably"
14804,9,1,353.27,2011-12-01 11:20:00,12,United Kingdom,9,353.27,0,0,0.0,8478.48,High CLV,,MONITOR: no action needed yet
14805,15,4,554.65,2011-01-30 10:43:00,30,United Kingdom,314,138.6625,0,0,0.5166666666666667,1230.7828230943085,Low CLV,Medium Risk,MONITOR: no action needed yet
14806,75,1,193.39000000000001,2011-09-25 15:32:00,11,United Kingdom,75,193.39000000000001,0,0,0.0,1856.5440000000003,Mid CLV,,MONITOR: no action needed yet
14808,40,8,2741.17,2011-06-20 12:53:00,176,United Kingdom,172,342.64625,0,0,0.013333333333333334,11474.66511627907,High CLV,Low Risk,REWARD: early access / loyalty perks (already staying)
14810,41,11,2087.88,2010-12-05 12:08:00,106,United Kingdom,370,189.80727272727273,0,0,0.043333333333333335,4062.901621621622,Mid CLV,Low Risk,MONITOR: no action needed yet
14813,370,2,155.43,2010-12-05 11:54:00,25,United Kingdom,370,77.715,1,1,0.9266666666666666,163.1969667509236,Low CLV,High Risk,"DO NOT INVEST: low value, unlikely to be saved profitably"
14815,37,2,778.5,2011-10-03 11:36:00,53,United Kingdom,68,389.25,0,0,0.0,8242.941176470587,High CLV,,MONITOR: no action needed yet
14816,197,1,271.85,2011-05-26 13:16:00,4,United Kingdom,197,271.85,1,1,1.0,496.7817258883249,Low CLV,High Risk,"DO NOT INVEST: low value, unlikely to be saved profitably"
14817,200,2,1110.34,2011-03-07 13:51:00,52,United Kingdom,277,555.17,1,1,0.6,2405.0685920577616,Mid CLV,Medium Risk,MONITOR: no action needed yet
14818,74,3,657.8,2011-03-31 12:28:00,41,United Kingdom,254,219.26666666666665,0,0,0.14333333333333334,1864.6299212598424,Mid CLV,Low Risk,MONITOR: no action needed yet
14819,64,2,272.07,2011-05-31 13:50:00,13,United Kingdom,192,136.035,0,0,0.023333333333333334,1020.2624999999999,Low CLV,Low Risk,MONITOR: no action needed yet
14820,21,4,507.29,2011-06-19 14:56:00,24,United Kingdom,173,126.8225,0,0,0.07,2111.264739884393,Mid CLV,Low Risk,MONITOR: no action needed yet
14821,367,1,48.800000000000004,2010-12-08 08:43:00,2,United Kingdom,367,48.800000000000004,1,1,0.9966666666666667,48.02930750093409,Low CLV,High Risk,"DO NOT INVEST: low value, unlikely to be saved profitably"
14823,180,3,321.43,2011-05-29 12:48:00,56,United Kingdom,195,107.14333333333333,1,1,0.76,780.8016194331984,Low CLV,High Risk,"DO NOT INVEST: low value, unlikely to be saved profitably"
14824,10,4,1127.71,2011-09-09 14:12:00,19,United Kingdom,91,281.9275,0,0,0.006666666666666667,8922.540659340659,High CLV,Low Risk,REWARD: early access / loyalty perks (already staying)
14825,4,12,2226.91,2010-12-06 12:30:00,82,United Kingdom,369,185.57583333333332,0,0,0.1,4345.190243902439,Mid CLV,Low Risk,MONITOR: no action needed yet
14828,197,3,2139.76,2011-01-07 09:50:00,17,United Kingdom,337,713.2533333333334,1,1,0.21333333333333335,4571.5940652819,Mid CLV,Low Risk,MONITOR: no action needed yet
14829,29,4,697.55,2010-12-02 16:12:00,39,United Kingdom,372,174.3875,0,0,0.2866666666666667,1350.0967741935483,Low CLV,Low Risk,MONITOR: no action needed yet
14830,53,1,197.13,2011-10-17 14:29:00,39,United Kingdom,53,197.13,0,0,0.013333333333333334,2677.9924528301885,Mid CLV,Low Risk,MONITOR: no action needed yet
14834,18,6,1720.3,2011-04-13 15:00:00,43,United Kingdom,240,286.71666666666664,0,0,0.06333333333333334,5160.9,High CLV,Low Risk,REWARD: early access / loyalty perks (already staying)
14836,10,3,102.44999999999999,2011-11-09 13:26:00,5,United Kingdom,30,34.15,0,0,0.023333333333333334,2458.7999999999997,Mid CLV,Low Risk,MONITOR: no action needed yet
14837,90,4,1649.5,2011-05-22 12:49:00,96,United Kingdom,202,412.375,0,0,0.03,5879.405940594059,High CLV,Low Risk,REWARD: early access / loyalty perks (already staying)
14840,268,1,62.85,2011-03-17 12:00:00,4,United Kingdom,268,62.85,1,1,0.9966666666666667,84.70773224180103,Low CLV,High Risk,"DO NOT INVEST: low value, unlikely to be saved profitably"
14841,53,6,3295.76,2010-12-16 10:28:00,103,United Kingdom,359,549.2933333333334,0,0,0.043333333333333335,6609.880779944289,High CLV,Low Risk,REWARD: early access / loyalty perks (already staying)
14842,44,4,2824.69,2011-02-04 15:32:00,128,United Kingdom,308,706.1725,0,0,0.02,6603.171428571429,High CLV,Low Risk,REWARD: early access / loyalty perks (already staying)
14844,64,4,3189.81,2011-04-12 13:10:00,87,United Kingdom,241,797.4525,0,0,0.08,9529.722821576763,High CLV,Low Risk,REWARD: early access / loyalty perks (already staying)
14847,149,1,309.4,2011-07-14 10:52:00,13,United Kingdom,149,309.4,1,1,1.0,747.5436241610737,Low CLV,High Risk,"DO NOT INVEST: low value, unlikely to be saved profitably"
14849,22,25,7930.54,2010-12-01 12:22:00,159,United Kingdom,374,317.2216,0,3,0.006666666666666667,15267.349732620321,High CLV,Low Risk,REWARD: early access / loyalty perks (already staying)
14850,312,1,325.75,2011-02-01 11:21:00,21,United Kingdom,312,325.75,1,1,1.0,375.8653846153846,Low CLV,High Risk,"DO NOT INVEST: low value, unlikely to be saved profitably"
14851,23,2,511.35,2011-03-28 14:59:00,28,United Kingdom,256,255.675,0,0,0.64,1123.57177734375,Low CLV,High Risk,"DO NOT INVEST: low value, unlikely to be saved profitably"
14852,58,6,2836.69,2011-04-01 13:22:00,96,United Kingdom,252,472.7816666666667,0,0,0.013333333333333334,8104.82857142857,High CLV,Low Risk,REWARD: early access / loyalty perks (already staying)
14853,24,2,475.8,2011-05-12 15:17:00,8,United Kingdom,211,237.9,0,0,0.16666666666666666,1623.5829383886257,Mid CLV,Low Risk,MONITOR: no action needed yet
14854,78,7,2759.83,2011-03-10 12:22:00,110,United Kingdom,275,394.26142857142855,0,0,0.0,7225.736727272728,High CLV,,MONITOR: no action needed yet
14855,119,2,645.65,2011-07-28 12:06:00,13,United Kingdom,135,322.825,1,0,0.82,2099.6747967479673,Mid CLV,High Risk,MONITOR: no action needed yet
14856,36,3,1311.3799999999999,2011-10-14 09:35:00,65,United Kingdom,57,437.1266666666666,0,0,0.0,16564.8,High CLV,,MONITOR: no action needed yet
14857,60,2,1173.12,2011-07-14 15:03:00,58,United Kingdom,148,586.56,0,0,0.12,5707.070270270269,High CLV,Low Risk,REWARD: early access / loyalty perks (already staying)
14859,13,4,1353.74,2011-05-19 14:42:00,47,United Kingdom,204,338.435,0,0,0.056666666666666664,4777.905882352941,Mid CLV,Low Risk,MONITOR: no action needed yet
14860,19,1,170.32,2011-11-20 14:17:00,11,United Kingdom,19,170.32,0,0,0.0,4087.68,Mid CLV,,MONITOR: no action needed yet
14861,52,1,125.79,2011-10-18 12:54:00,6,United Kingdom,52,125.79,0,0,0.0,1741.7076923076925,Mid CLV,,MONITOR: no action needed yet
14862,26,2,841.1999999999999,2011-07-14 11:20:00,47,United Kingdom,149,420.59999999999997,0,0,0.08666666666666667,4064.8590604026845,Mid CLV,Low Risk,MONITOR: no action needed yet
14863,29,1,266.76,2011-11-10 15:04:00,11,United Kingdom,29,266.76,0,0,0.0,6402.24,High CLV,,MONITOR: no action needed yet
14865,7,2,52.2,2010-12-02 18:23:00,4,United Kingdom,372,26.1,0,0,0.21666666666666667,101.03225806451613,Low CLV,Low Risk,MONITOR: no action needed yet
14866,11,12,14389.9,2010-12-08 14:58:00,30,United Kingdom,366,1199.1583333333333,0,3,0.01,28308.0,High CLV,Low Risk,REWARD: early access / loyalty perks (already staying)
14867,186,3,710.28,2011-01-07 16:34:00,31,United Kingdom,336,236.76,1,1,0.8733333333333333,871.3904034896402,Low CLV,High Risk,"DO NOT INVEST: low value, unlikely to be saved profitably"
14868,3,8,2953.59,2011-04-20 13:36:00,96,United Kingdom,233,369.19875,0,0,0.0033333333333333335,9126.973390557941,High CLV,Low Risk,REWARD: early access / loyalty perks (already staying)
14869,9,2,725.7,2011-08-28 16:09:00,66,United Kingdom,103,362.85,0,0,0.25333333333333335,5072.8543689320395,High CLV,Low Risk,REWARD: early access / loyalty perks (already staying)
14870,262,1,327.25,2011-03-23 10:51:00,13,United Kingdom,262,327.25,1,1,1.0,449.6564885496184,Low CLV,High Risk,"DO NOT INVEST: low value, unlikely to be saved profitably"
14871,3,4,522.38,2010-12-14 12:18:00,68,United Kingdom,361,130.595,0,0,0.23333333333333334,1041.8659279778394,Low CLV,Low Risk,MONITOR: no action needed yet
14873,210,1,519.68,2011-05-13 13:52:00,28,United Kingdom,210,519.68,1,1,0.99,899.8787878787878,Low CLV,High Risk,"DO NOT INVEST: low value, unlikely to be saved profitably"
14875,108,2,1465.3200000000002,2011-03-22 11:53:00,46,United Kingdom,263,732.6600000000001,1,0,0.51,3932.865130843212,Mid CLV,Medium Risk,MONITOR: no action needed yet
14878,13,9,1485.54,2010-12-16 12:11:00,62,United Kingdom,359,165.06,0,0,0.10333333333333333,2979.3559888579384,Mid CLV,Low Risk,MONITOR: no action needed yet
14880,77,3,706.19,2011-02-24 12:27:00,45,United Kingdom,289,235.39666666666668,0,0,0.12666666666666668,1759.3660899653983,Mid CLV,Low Risk,MONITOR: no action needed yet
14881,20,1,255.4,2011-11-20 11:06:00,17,United Kingdom,20,255.4,0,0,0.0,6129.6,High CLV,,MONITOR: no action needed yet
14882,27,2,589.7,2011-11-06 10:15:00,6,United Kingdom,34,294.85,0,0,0.03333333333333333,12487.764705882353,High CLV,Low Risk,REWARD: early access / loyalty perks (already staying)
14883,19,6,761.59,2011-05-12 09:49:00,39,United Kingdom,212,126.93166666666667,0,0,0.043333333333333335,2586.5320754716986,Mid CLV,Low Risk,MONITOR: no action needed yet
14885,132,1,765.3199999999999,2011-07-31 12:05:00,15,United Kingdom,132,765.3199999999999,1,0,0.9433333333333334,2212.6180533247666,Mid CLV,High Risk,MONITOR: no action needed yet
14886,253,1,364.8,2011-04-01 08:56:00,18,United Kingdom,253,364.8,1,1,0.9933333333333333,522.5667825025864,Low CLV,High Risk,"DO NOT INVEST: low value, unlikely to be saved profitably"
14887,79,1,1862.0,2011-09-21 15:32:00,6,United Kingdom,79,1862.0,0,0,0.013333333333333334,16970.12658227848,High CLV,Low Risk,REWARD: early access / loyalty perks (already staying)
14888,207,1,369.2,2011-05-16 14:58:00,20,United Kingdom,207,369.2,1,1,0.9933333333333333,646.3962649547709,Low CLV,High Risk,"DO NOT INVEST: low value, unlikely to be saved profitably"
14889,336,1,135.9,2011-01-07 15:19:00,10,United Kingdom,336,135.9,1,1,1.0,145.6071428571429,Low CLV,High Risk,"DO NOT INVEST: low value, unlikely to be saved profitably"
14890,254,1,125.65,2011-03-31 11:57:00,7,United Kingdom,254,125.65,1,1,0.9833333333333333,181.1050313626051,Low CLV,High Risk,"DO NOT INVEST: low value, unlikely to be saved profitably"
14891,148,2,554.38,2011-06-05 10:58:00,30,United Kingdom,188,277.19,1,1,0.8266666666666667,1284.1678105696635,Low CLV,High Risk,"DO NOT INVEST: low value, unlikely to be saved profitably"
14893,10,2,1237.8500000000001,2011-11-28 10:49:00,72,United Kingdom,12,618.9250000000001,0,0,0.0,29708.4,High CLV,,MONITOR: no action needed yet
14894,85,1,655.75,2011-09-15 13:51:00,23,United Kingdom,85,655.75,0,0,0.01,5554.588235294117,High CLV,Low Risk,REWARD: early access / loyalty perks (already staying)
14895,8,20,11138.710000000001,2011-02-22 13:08:00,273,United Kingdom,290,556.9355,0,3,0.0,27654.72827586207,High CLV,,MONITOR: no action needed yet
14896,205,2,468.77000000000004,2010-12-09 12:24:00,43,United Kingdom,366,234.38500000000002,1,1,0.45,922.1704918032788,Low CLV,Medium Risk,MONITOR: no action needed yet
14897,8,4,1366.38,2011-02-16 08:37:00,43,United Kingdom,297,341.595,0,0,0.05333333333333334,3312.436363636364,Mid CLV,Low Risk,MONITOR: no action needed yet
14898,23,6,1303.52,2010-12-03 15:25:00,86,United Kingdom,371,217.25333333333333,0,0,0.2633333333333333,2529.742318059299,Mid CLV,Low Risk,MONITOR: no action needed yet
14901,11,9,1421.29,2010-12-02 11:20:00,73,United Kingdom,373,157.92111111111112,0,0,0.06666666666666667,2743.5088471849867,Mid CLV,Low Risk,MONITOR: no action needed yet
14902,26,1,332.66,2011-11-14 10:34:00,20,United Kingdom,26,332.66,0,0,0.013333333333333334,7983.84,High CLV,Low Risk,REWARD: early access / loyalty perks (already staying)
14903,21,5,2810.63,2011-03-06 11:50:00,227,United Kingdom,279,562.126,0,0,0.013333333333333334,7253.238709677418,High CLV,Low Risk,REWARD: early access / loyalty perks (already staying)
14904,2,2,1025.44,2011-11-14 09:13:00,66,United Kingdom,26,512.72,0,0,0.006666666666666667,24610.56,High CLV,Low Risk,REWARD: early access / loyalty perks (already staying)
14905,158,2,616.15,2011-04-20 10:48:00,14,United Kingdom,234,308.075,1,1,0.78,1215.2859960552266,Low CLV,High Risk,"DO NOT INVEST: low value, unlikely to be saved profitably"
14907,3,7,3501.1,2010-12-07 10:14:00,125,United Kingdom,368,500.15714285714284,0,0,0.013333333333333334,6849.978260869564,High CLV,Low Risk,REWARD: early access / loyalty perks (already staying)
14908,74,1,277.8,2011-09-26 12:56:00,9,United Kingdom,74,277.8,0,0,0.0,2702.9189189189187,Mid CLV,,MONITOR: no action needed yet
14910,3,4,434.35,2011-10-16 11:06:00,25,United Kingdom,55,108.5875,0,0,0.023333333333333334,5686.036363636364,High CLV,Low Risk,REWARD: early access / loyalty perks (already staying)
14911,1,201,143825.06,2010-12-01 14:05:00,1787,Other,373,715.5475621890547,0,2,0.0,277624.7806970509,High CLV,,MONITOR: no action needed yet
14912,17,2,867.85,2011-04-07 11:06:00,21,Italy,247,433.925,0,0,0.15666666666666668,2529.7651821862355,Mid CLV,Low Risk,MONITOR: no action needed yet
14913,36,4,1227.43,2010-12-15 14:35:00,76,United Kingdom,359,306.8575,0,0,0.09333333333333334,2461.698050139276,Mid CLV,Low Risk,MONITOR: no action needed yet
14915,91,2,307.48,2011-03-07 09:39:00,12,United Kingdom,278,153.74,1,0,0.9333333333333333,426.6166495375128,Low CLV,High Risk,"DO NOT INVEST: low value, unlikely to be saved profitably"
14916,71,4,1268.98,2011-01-19 15:30:00,72,United Kingdom,324,317.245,0,0,0.1,2819.9555555555553,Mid CLV,Low Risk,MONITOR: no action needed yet
14918,116,2,1610.15,2011-07-08 12:50:00,39,United Kingdom,155,805.075,1,0,0.7766666666666666,4815.068531081268,Mid CLV,High Risk,MONITOR: no action needed yet
14920,213,2,977.77,2011-05-11 10:31:00,57,United Kingdom,213,488.885,1,1,0.8966666666666666,1843.013770354469,Mid CLV,High Risk,MONITOR: no action needed yet
14921,30,2,1316.07,2011-05-22 12:51:00,78,United Kingdom,201,658.035,0,0,0.4066666666666667,4714.280597014926,Mid CLV,Medium Risk,MONITOR: no action needed yet
14923,51,1,749.1,2011-10-20 11:51:00,44,United Kingdom,51,749.1,0,0,0.0033333333333333335,10575.529411764706,High CLV,Low Risk,REWARD: early access / loyalty perks (already staying)
14924,246,1,310.05,2011-04-08 09:25:00,10,United Kingdom,246,310.05,1,1,1.0,453.7317073170732,Low CLV,High Risk,"DO NOT INVEST: low value, unlikely to be saved profitably"
14929,32,1,223.88,2011-11-07 17:21:00,11,United Kingdom,32,223.88,0,0,0.0,5037.299999999999,High CLV,,MONITOR: no action needed yet
14930,109,3,2372.86,2011-03-10 14:42:00,116,Other,274,790.9533333333334,1,0,0.7233333333333334,4310.082411113727,Mid CLV,High Risk,MONITOR: no action needed yet
14931,5,5,1257.68,2011-04-13 09:32:00,30,Other,241,251.536,0,0,0.11333333333333333,3757.384232365145,Mid CLV,Low Risk,MONITOR: no action needed yet
14932,366,1,363.53,2010-12-09 11:48:00,17,Other,366,363.53,1,1,0.9933333333333333,359.97029376168996,Low CLV,High Risk,"DO NOT INVEST: low value, unlikely to be saved profitably"
14934,82,2,1890.94,2011-03-02 11:48:00,68,Other,283,945.47,0,0,0.2866666666666667,4810.872084805654,Mid CLV,Low Risk,MONITOR: no action needed yet
14935,297,1,1784.71,2011-02-15 14:44:00,10,Other,297,1784.71,1,1,0.9933333333333333,2177.803538743136,Mid CLV,High Risk,MONITOR: no action needed yet
14936,34,8,8137.02,2011-03-09 11:53:00,210,Other,276,1017.1275,0,0,0.05,21227.008695652177,High CLV,Low Risk,REWARD: early access / loyalty perks (already staying)
14937,57,3,1621.88,2011-08-01 14:16:00,33,Other,130,540.6266666666667,0,0,0.10333333333333333,8982.720000000001,High CLV,Low Risk,REWARD: early access / loyalty perks (already staying)
14944,30,12,5900.25,2011-02-16 12:47:00,101,United Kingdom,297,491.6875,0,0,0.0,14303.636363636364,High CLV,,MONITOR: no action needed yet
14946,14,1,100.9,2011-11-25 13:33:00,3,United Kingdom,14,100.9,0,0,0.0,2421.6000000000004,Mid CLV,,MONITOR: no action needed yet
14947,72,2,290.82,2011-08-01 09:31:00,14,United Kingdom,131,145.41,0,0,0.05,1598.4,Mid CLV,Low Risk,MONITOR: no action needed yet
14948,23,6,1101.97,2011-05-04 14:52:00,56,United Kingdom,219,183.66166666666666,0,0,0.016666666666666666,3622.915068493151,Mid CLV,Low Risk,MONITOR: no action needed yet
14950,19,1,371.2,2011-11-20 13:48:00,19,United Kingdom,19,371.2,0,0,0.0033333333333333335,8908.8,High CLV,Low Risk,REWARD: early access / loyalty perks (already staying)
14951,79,1,311.69,2011-09-21 15:15:00,20,United Kingdom,79,311.69,0,0,0.01,2840.718987341772,Mid CLV,Low Risk,MONITOR: no action needed yet
14952,60,11,8099.49,2010-12-10 12:48:00,117,United Kingdom,365,736.3172727272727,0,0,0.013333333333333334,15977.076164383563,High CLV,Low Risk,REWARD: early access / loyalty perks (already staying)
14953,25,1,289.82,2011-11-14 14:59:00,54,United Kingdom,25,289.82,0,0,0.0033333333333333335,6955.68,High CLV,Low Risk,REWARD: early access / loyalty perks (already staying)
14954,12,1,336.17,2011-11-27 14:30:00,75,United Kingdom,12,336.17,0,0,0.0033333333333333335,8068.08,High CLV,Low Risk,REWARD: early access / loyalty perks (already staying)
14957,253,1,58.49,2011-03-31 17:59:00,12,United Kingdom,253,58.49,1,1,0.9833333333333333,84.63750251222616,Low CLV,High Risk,"DO NOT INVEST: low value, unlikely to be saved profitably"
14958,147,3,499.68,2011-04-08 11:28:00,33,United Kingdom,246,166.56,1,1,0.7633333333333333,957.955053786346,Low CLV,High Risk,"DO NOT INVEST: low value, unlikely to be saved profitably"
14959,64,4,695.42,2011-02-16 13:00:00,37,United Kingdom,296,173.855,0,0,0.09666666666666666,1691.5621621621622,Mid CLV,Low Risk,MONITOR: no action needed yet
14960,8,2,221.27,2011-06-21 13:38:00,23,United Kingdom,171,110.635,0,0,0.10666666666666667,931.6631578947369,Low CLV,Low Risk,MONITOR: no action needed yet
14961,11,9,7044.68,2010-12-14 11:38:00,193,United Kingdom,361,782.7422222222223,0,0,0.013333333333333334,14050.331301939059,High CLV,Low Risk,REWARD: early access / loyalty perks (already staying)
14962,271,1,126.7,2011-03-14 09:42:00,5,United Kingdom,271,126.7,1,1,0.9933333333333333,169.4395601674138,Low CLV,High Risk,"DO NOT INVEST: low value, unlikely to be saved profitably"
14963,10,5,1487.8,2011-06-09 12:30:00,149,United Kingdom,184,297.56,0,0,0.0033333333333333335,5821.826086956521,High CLV,Low Risk,REWARD: early access / loyalty perks (already staying)
14964,247,1,206.21,2011-04-06 14:13:00,13,United Kingdom,247,206.21,1,1,1.0,300.54898785425104,Low CLV,High Risk,"DO NOT INVEST: low value, unlikely to be saved profitably"
14965,96,2,599.0,2011-09-04 13:15:00,80,United Kingdom,96,299.5,1,0,0.23666666666666666,4492.5,Mid CLV,Low Risk,MONITOR: no action needed yet
14966,15,1,191.32,2011-11-25 12:20:00,35,United Kingdom,15,191.32,0,0,0.01,4591.68,Mid CLV,Low Risk,MONITOR: no action needed yet
14967,50,1,463.8,2011-10-21 11:06:00,6,United Kingdom,50,463.8,0,0,0.006666666666666667,6678.719999999999,High CLV,Low Risk,REWARD: early access / loyalty perks (already staying)
14968,30,1,147.59,2011-11-09 13:58:00,37,United Kingdom,30,147.59,0,0,0.01,3542.16,Mid CLV,Low Risk,MONITOR: no action needed yet
14970,68,4,1592.06,2011-01-27 12:23:00,24,United Kingdom,317,398.015,0,0,0.13,3616.0353312302836,Mid CLV,Low Risk,MONITOR: no action needed yet
14971,35,3,1116.57,2011-10-27 13:33:00,144,United Kingdom,43,372.19,0,0,0.0,18696.055813953488,High CLV,,MONITOR: no action needed yet
14972,128,1,114.77,2011-08-03 14:54:00,18,United Kingdom,128,114.77,1,0,0.98,329.3781887755102,Low CLV,High Risk,"DO NOT INVEST: low value, unlikely to be saved profitably"
14973,107,3,1314.45,2011-04-28 12:22:00,29,United Kingdom,226,438.15000000000003,1,0,0.6966666666666667,3005.47486979718,Mid CLV,High Risk,MONITOR: no action needed yet
14974,37,1,114.39,2011-11-02 13:01:00,17,United Kingdom,37,114.39,0,0,0.0,2225.967567567567,Mid CLV,,MONITOR: no action needed yet
14975,57,1,279.94,2011-10-13 14:08:00,11,United Kingdom,57,279.94,0,0,0.0,3536.0842105263164,Mid CLV,,MONITOR: no action needed yet
14976,57,7,790.86,2011-01-17 11:09:00,47,United Kingdom,327,112.98,0,0,0.08,1741.343119266055,Mid CLV,Low Risk,MONITOR: no action needed yet
14978,72,5,1931.42,2011-01-13 12:03:00,136,United Kingdom,331,386.284,0,0,0.03,4201.276132930514,Mid CLV,Low Risk,MONITOR: no action needed yet
14981,246,1,102.12,2011-04-07 13:45:00,8,United Kingdom,246,102.12,1,1,0.9966666666666667,149.9437148217636,Low CLV,High Risk,"DO NOT INVEST: low value, unlikely to be saved profitably"
14984,19,2,213.27,2011-06-12 11:04:00,37,United Kingdom,181,106.635,0,0,0.2633333333333333,848.3668508287293,Low CLV,Low Risk,MONITOR: no action needed yet
14985,198,2,296.75,2010-12-16 19:51:00,78,United Kingdom,358,148.375,1,1,0.6933333333333334,430.3958960034379,Low CLV,High Risk,"DO NOT INVEST: low value, unlikely to be saved profitably"
14987,16,2,326.4,2010-12-09 12:13:00,2,United Kingdom,366,163.2,0,0,0.33666666666666667,642.0983606557377,Low CLV,Medium Risk,MONITOR: no action needed yet
14988,212,1,334.54,2011-05-12 12:05:00,40,United Kingdom,212,334.54,1,1,0.9833333333333333,577.7153821554206,Low CLV,High Risk,"DO NOT INVEST: low value, unlikely to be saved profitably"
14995,39,2,233.23000000000002,2011-03-04 13:14:00,53,United Kingdom,280,116.61500000000001,0,0,0.056666666666666664,599.7342857142858,Low CLV,Low Risk,MONITOR: no action needed yet
14997,46,3,546.1999999999999,2011-06-14 16:52:00,25,United Kingdom,178,182.06666666666663,0,0,0.09,2209.348314606741,Mid CLV,Low Risk,MONITOR: no action needed yet
14998,170,2,429.87,2011-04-12 16:28:00,70,United Kingdom,241,214.935,1,1,0.5333333333333333,1203.9927385892117,Low CLV,Medium Risk,MONITOR: no action needed yet
15000,48,1,490.52,2011-10-23 11:42:00,76,United Kingdom,48,490.52,0,0,0.006666666666666667,7357.799999999999,High CLV,Low Risk,REWARD: early access / loyalty perks (already staying)
15002,116,4,1641.76,2010-12-07 13:16:00,93,United Kingdom,367,410.44,1,0,0.32,3220.891553133515,Mid CLV,Medium Risk,MONITOR: no action needed yet
15004,147,1,1246.32,2011-07-15 14:05:00,154,United Kingdom,147,1246.32,1,1,0.9366666666666666,3258.5895853003117,Mid CLV,High Risk,MONITOR: no action needed yet
15005,16,28,6316.57,2010-12-08 14:36:00,360,United Kingdom,366,225.5917857142857,0,3,0.0033333333333333335,12426.039344262295,High CLV,Low Risk,REWARD: early access / loyalty perks (already staying)
15006,51,1,502.09,2011-10-19 15:08:00,121,United Kingdom,51,502.09,0,0,0.023333333333333334,7088.329411764706,High CLV,Low Risk,REWARD: early access / loyalty perks (already staying)
15007,159,1,156.91,2011-07-03 16:00:00,12,United Kingdom,159,156.91,1,1,1.0,355.2679245283019,Low CLV,High Risk,"DO NOT INVEST: low value, unlikely to be saved profitably"
15009,12,3,1261.78,2011-11-14 17:40:00,148,United Kingdom,25,420.5933333333333,0,0,0.006666666666666667,30282.72,High CLV,Low Risk,REWARD: early access / loyalty perks (already staying)
15010,36,1,308.94,2011-11-04 12:42:00,20,United Kingdom,36,308.94,0,0,0.0,6178.799999999999,High CLV,,MONITOR: no action needed yet
15012,54,2,423.04,2010-12-01 12:49:00,110,United Kingdom,374,211.52,0,0,0.5,814.4085561497327,Low CLV,Medium Risk,MONITOR: no action needed yet
15014,43,2,260.17,2011-06-16 19:40:00,29,United Kingdom,176,130.085,0,0,0.08,1064.3318181818183,Low CLV,Low Risk,MONITOR: no action needed yet
15016,173,1,170.04,2011-06-20 12:06:00,20,United Kingdom,173,170.04,1,1,0.9933333333333333,356.2152306319587,Low CLV,High Risk,"DO NOT INVEST: low value, unlikely to be saved profitably"
15017,34,1,125.58,2011-11-06 10:33:00,20,United Kingdom,34,125.58,0,0,0.0033333333333333335,2659.3411764705884,Mid CLV,Low Risk,MONITOR: no action needed yet
15018,39,3,496.21000000000004,2010-12-07 10:47:00,30,United Kingdom,368,165.40333333333334,0,0,0.2833333333333333,970.845652173913,Low CLV,Low Risk,MONITOR: no action needed yet
15019,267,1,266.0,2011-03-18 12:35:00,64,United Kingdom,267,266.0,1,1,0.9966666666666667,359.85118935778434,Low CLV,High Risk,"DO NOT INVEST: low value, unlikely to be saved profitably"
15021,9,9,1914.82,2010-12-08 12:17:00,287,United Kingdom,367,212.75777777777776,0,0,0.0033333333333333335,3756.5950953678475,Mid CLV,Low Risk,MONITOR: no action needed yet
15022,12,4,905.04,2011-10-23 15:47:00,96,United Kingdom,47,226.26,0,0,0.0,13864.44255319149,High CLV,,MONITOR: no action needed yet
15023,3,11,6802.76,2010-12-05 13:49:00,347,United Kingdom,369,618.4327272727273,0,0,0.0,13273.678048780486,High CLV,,MONITOR: no action needed yet
15024,10,10,1661.33,2010-12-07 13:20:00,105,United Kingdom,367,166.13299999999998,0,0,0.006666666666666667,3259.2850136239786,Mid CLV,Low Risk,MONITOR: no action needed yet
15025,33,1,377.01,2011-11-06 15:20:00,66,United Kingdom,33,377.01,0,0,0.0033333333333333335,8225.672727272726,High CLV,Low Risk,REWARD: early access / loyalty perks (already staying)
15026,80,3,469.0,2011-03-07 13:45:00,57,United Kingdom,277,156.33333333333334,0,0,0.11,1219.0613718411553,Low CLV,Low Risk,MONITOR: no action needed yet
15027,31,4,1066.1499999999999,2011-04-15 14:14:00,30,United Kingdom,238,266.53749999999997,0,0,0.1,3225.327731092437,Mid CLV,Low Risk,MONITOR: no action needed yet
15028,8,4,627.13,2010-12-06 12:47:00,35,United Kingdom,369,156.7825,0,0,0.24333333333333335,1223.6682926829267,Low CLV,Low Risk,MONITOR: no action needed yet
15030,72,2,518.28,2011-03-16 15:34:00,7,United Kingdom,268,259.14,0,0,0.56,1243.2089552238804,Low CLV,Medium Risk,MONITOR: no action needed yet
15031,4,4,668.14,2011-03-02 14:46:00,74,United Kingdom,282,167.035,0,0,0.11666666666666667,1705.8893617021276,Mid CLV,Low Risk,MONITOR: no action needed yet
15032,256,3,4959.1,2010-12-08 12:57:00,29,United Kingdom,366,1653.0333333333335,1,1,0.18333333333333332,9755.60655737705,High CLV,Low Risk,REWARD: early access / loyalty perks (already staying)
15033,5,10,2586.67,2011-01-14 13:28:00,315,United Kingdom,329,258.66700000000003,0,0,0.006666666666666667,5660.797568389058,High CLV,Low Risk,REWARD: early access / loyalty perks (already staying)
15034,16,8,4308.61,2010-12-21 09:47:00,299,United Kingdom,354,538.57625,0,0,0.02,8763.274576271186,High CLV,Low Risk,REWARD: early access / loyalty perks (already staying)
15035,90,1,252.73000000000002,2011-09-11 11:08:00,26,United Kingdom,90,252.73000000000002,0,0,0.006666666666666667,2021.8400000000001,Mid CLV,Low Risk,MONITOR: no action needed yet
15036,72,3,465.55,2011-06-13 12:19:00,107,United Kingdom,180,155.18333333333334,0,0,0.02666666666666667,1862.2,Mid CLV,Low Risk,MONITOR: no action needed yet
15038,59,6,705.49,2010-12-05 10:54:00,105,United Kingdom,370,117.58166666666666,0,0,0.13666666666666666,1372.8454054054055,Low CLV,Low Risk,MONITOR: no action needed yet
15039,10,47,19914.44,2010-12-06 11:26:00,408,United Kingdom,369,423.7114893617021,0,3,0.0,38857.443902439016,High CLV,,MONITOR: no action needed yet
15041,170,1,180.35,2011-06-22 16:16:00,66,United Kingdom,170,180.35,1,1,0.88,433.99732620320856,Low CLV,High Risk,"DO NOT INVEST: low value, unlikely to be saved profitably"
15042,199,1,135.93,2011-05-24 16:25:00,5,United Kingdom,199,135.93,1,1,0.9966666666666667,246.72593737920366,Low CLV,High Risk,"DO NOT INVEST: low value, unlikely to be saved profitably"
15043,31,1,537.0,2011-11-08 14:26:00,3,United Kingdom,31,537.0,0,0,0.0,12472.258064516129,High CLV,,MONITOR: no action needed yet
15044,19,17,7700.2300000000005,2010-12-12 14:27:00,233,United Kingdom,362,452.954705882353,0,3,0.0,15315.374585635362,High CLV,,MONITOR: no action needed yet
15045,152,2,735.66,2011-03-27 11:44:00,11,United Kingdom,258,367.83,1,1,0.8366666666666667,1226.8952098582413,Low CLV,High Risk,"DO NOT INVEST: low value, unlikely to be saved profitably"
15046,9,15,5213.7699999999995,2011-01-05 15:30:00,147,United Kingdom,338,347.58466666666664,0,3,0.0,11106.255621301774,High CLV,,MONITOR: no action needed yet
15047,270,1,343.62,2011-03-15 10:49:00,22,United Kingdom,270,343.62,1,1,0.98,467.51020408163265,Low CLV,High Risk,"DO NOT INVEST: low value, unlikely to be saved profitably"
15048,65,4,384.05,2010-12-06 12:15:00,86,United Kingdom,369,96.0125,0,0,0.1,749.3658536585366,Low CLV,Low Risk,MONITOR: no action needed yet
15049,274,1,121.17000000000002,2011-03-11 12:13:00,3,United Kingdom,274,121.17000000000002,1,1,0.99,160.80955540809558,Low CLV,High Risk,"DO NOT INVEST: low value, unlikely to be saved profitably"
15050,25,3,1782.09,2011-09-29 13:22:00,68,United Kingdom,71,594.03,0,0,0.02,18071.898591549296,High CLV,Low Risk,REWARD: early access / loyalty perks (already staying)
15051,23,3,1391.61,2011-07-12 15:29:00,130,United Kingdom,150,463.86999999999995,0,0,0.02666666666666667,6679.728,High CLV,Low Risk,REWARD: early access / loyalty perks (already staying)
15052,319,1,215.78,2011-01-24 15:52:00,27,United Kingdom,319,215.78,1,1,0.9866666666666667,246.80420232144368,Low CLV,High Risk,"DO NOT INVEST: low value, unlikely to be saved profitably"
15053,5,3,697.79,2011-03-03 12:06:00,49,United Kingdom,282,232.59666666666666,0,0,0.08333333333333333,1781.5914893617019,Mid CLV,Low Risk,MONITOR: no action needed yet
15054,12,2,302.1,2011-10-30 14:33:00,105,United Kingdom,40,151.05,0,0,0.023333333333333334,5437.8,High CLV,Low Risk,REWARD: early access / loyalty perks (already staying)
15057,275,2,1489.5,2011-01-28 09:09:00,25,United Kingdom,316,744.75,1,1,0.8933333333333333,1899.5135084073304,Mid CLV,High Risk,MONITOR: no action needed yet
15058,25,11,2124.9900000000002,2011-01-31 15:35:00,199,United Kingdom,312,193.18090909090913,0,0,0.0,4903.823076923077,Mid CLV,,MONITOR: no action needed yet
15059,41,9,1337.72,2011-01-09 11:54:00,161,United Kingdom,335,148.63555555555556,0,0,0.06333333333333334,2875.0997014925374,Mid CLV,Low Risk,MONITOR: no action needed yet
15060,8,4,303.09,2011-11-30 14:03:00,81,United Kingdom,9,75.7725,0,0,0.03333333333333333,7274.16,High CLV,Low Risk,REWARD: early access / loyalty perks (already staying)
15061,4,48,54534.14,2010-12-02 15:19:00,70,United Kingdom,372,1136.1279166666666,0,3,0.016666666666666666,105549.94838709675,High CLV,Low Risk,REWARD: early access / loyalty perks (already staying)
15062,71,4,987.86,2010-12-15 15:37:00,47,United Kingdom,359,246.965,0,0,0.06666666666666667,1981.2233983286908,Mid CLV,Low Risk,MONITOR: no action needed yet
15063,213,1,370.79999999999995,2011-05-10 13:25:00,5,United Kingdom,213,370.79999999999995,1,1,0.99,633.03457106274,Low CLV,High Risk,"DO NOT INVEST: low value, unlikely to be saved profitably"
15065,38,4,3158.13,2011-02-21 12:54:00,148,United Kingdom,291,789.5325,0,0,0.06666666666666667,7813.929896907217,High CLV,Low Risk,REWARD: early access / loyalty perks (already staying)
15066,53,1,893.59,2011-10-17 13:25:00,42,United Kingdom,53,893.59,0,0,0.0,12139.335849056606,High CLV,,MONITOR: no action needed yet
15067,78,3,1744.76,2011-03-02 12:10:00,82,United Kingdom,283,581.5866666666667,0,0,0.14333333333333334,4438.965371024735,Mid CLV,Low Risk,MONITOR: no action needed yet
15068,46,2,553.36,2011-03-28 14:27:00,96,United Kingdom,256,276.68,0,0,0.16333333333333333,1556.3249999999998,Mid CLV,Low Risk,MONITOR: no action needed yet
15069,179,1,1109.53,2011-06-13 14:16:00,70,United Kingdom,179,1109.53,1,1,0.96,2324.4343575418993,Mid CLV,High Risk,MONITOR: no action needed yet
15070,373,1,106.2,2010-12-02 11:23:00,1,United Kingdom,373,106.2,1,1,0.9933333333333333,103.1865699839862,Low CLV,High Risk,"DO NOT INVEST: low value, unlikely to be saved profitably"
15071,94,2,982.07,2011-03-09 10:19:00,25,United Kingdom,276,491.035,1,0,0.8166666666666667,1568.5235137533277,Mid CLV,High Risk,MONITOR: no action needed yet
15073,10,3,1043.41,2011-06-06 09:59:00,31,United Kingdom,187,347.80333333333334,0,0,0.043333333333333335,4017.4074866310166,Mid CLV,Low Risk,MONITOR: no action needed yet
15074,105,1,748.87,2011-08-26 14:45:00,41,United Kingdom,105,748.87,1,0,0.9333333333333333,2750.9510204081635,Mid CLV,High Risk,MONITOR: no action needed yet
15075,78,1,773.03,2011-09-23 12:27:00,27,United Kingdom,78,773.03,0,0,0.0033333333333333335,7135.661538461538,High CLV,Low Risk,REWARD: early access / loyalty perks (already staying)
15076,173,1,880.85,2011-06-20 08:23:00,49,United Kingdom,173,880.85,1,1,0.9766666666666667,1876.7740535421888,Mid CLV,High Risk,MONITOR: no action needed yet
15078,7,32,9743.11,2010-12-06 12:38:00,97,United Kingdom,369,304.4721875,0,3,0.0033333333333333335,19010.946341463416,High CLV,Low Risk,REWARD: early access / loyalty perks (already staying)
15079,213,4,895.61,2010-12-09 09:25:00,46,United Kingdom,366,223.9025,1,1,0.14333333333333334,1761.8557377049183,Mid CLV,Low Risk,MONITOR: no action needed yet
15081,22,5,504.8,2010-12-07 16:20:00,26,United Kingdom,367,100.96000000000001,0,0,0.30333333333333334,990.3433242506813,Low CLV,Medium Risk,MONITOR: no action needed yet
15083,257,1,88.2,2011-03-28 12:18:00,5,United Kingdom,257,88.2,1,1,1.0,123.54863813229574,Low CLV,High Risk,"DO NOT INVEST: low value, unlikely to be saved profitably"
15087,282,1,306.94,2011-03-03 10:34:00,15,United Kingdom,282,306.94,1,1,0.9966666666666667,393.14879385184656,Low CLV,High Risk,"DO NOT INVEST: low value, unlikely to be saved profitably"
15088,21,2,1160.07,2011-10-03 14:05:00,53,United Kingdom,67,580.035,0,0,0.0033333333333333335,12466.423880597013,High CLV,Low Risk,REWARD: early access / loyalty perks (already staying)
15089,10,6,2420.84,2011-08-03 14:14:00,139,United Kingdom,128,403.47333333333336,0,0,0.01,13617.225000000002,High CLV,Low Risk,REWARD: early access / loyalty perks (already staying)
15090,308,1,381.32,2011-02-04 14:03:00,23,United Kingdom,308,381.32,1,1,0.9966666666666667,447.1893324067236,Low CLV,High Risk,"DO NOT INVEST: low value, unlikely to be saved profitably"
15091,68,1,480.71,2011-10-03 12:47:00,30,United Kingdom,68,480.71,0,0,0.006666666666666667,5089.870588235293,High CLV,Low Risk,REWARD: early access / loyalty perks (already staying)
15092,215,2,457.81,2011-03-01 12:24:00,23,United Kingdom,284,228.905,1,1,0.75,773.7633802816902,Low CLV,High Risk,"DO NOT INVEST: low value, unlikely to be saved profitably"
15093,18,6,4597.02,2010-12-02 18:25:00,52,United Kingdom,372,766.1700000000001,0,0,0.04666666666666667,8897.45806451613,High CLV,Low Risk,REWARD: early access / loyalty perks (already staying)
15095,104,4,1370.6,2011-05-20 14:27:00,30,United Kingdom,203,342.65,1,0,0.6566666666666666,3701.452826886049,Mid CLV,High Risk,MONITOR: no action needed yet
15096,43,1,219.39000000000001,2011-10-28 10:27:00,11,United Kingdom,43,219.39000000000001,0,0,0.0,3673.506976744186,Mid CLV,,MONITOR: no action needed yet
15097,4,1,248.08,2011-12-05 14:03:00,25,United Kingdom,4,248.08,0,0,0.0033333333333333335,5953.92,High CLV,Low Risk,REWARD: early access / loyalty perks (already staying)
15098,182,3,39916.5,2011-06-10 15:22:00,1,United Kingdom,182,13305.5,1,3,0.6666666666666666,118433.57142857143,High CLV,High Risk,PRIORITIZE: proactive retention offer
15099,84,1,410.48,2011-09-16 13:13:00,23,United Kingdom,84,410.48,0,0,0.006666666666666667,3518.4000000000005,Mid CLV,Low Risk,MONITOR: no action needed yet
15100,334,3,876.0,2010-12-01 09:09:00,1,United Kingdom,374,292.0,1,1,0.8266666666666667,1020.0103501811282,Low CLV,High Risk,"DO NOT INVEST: low value, unlikely to be saved profitably"
15101,9,2,317.53,2010-12-15 12:54:00,8,United Kingdom,359,158.765,0,0,0.7933333333333333,401.3627958147047,Low CLV,High Risk,"DO NOT INVEST: low value, unlikely to be saved profitably"
15103,31,2,703.36,2011-09-14 13:54:00,35,United Kingdom,86,351.68,0,0,0.0033333333333333335,5888.595348837209,High CLV,Low Risk,REWARD: early access / loyalty perks (already staying)
15104,197,2,1027.44,2011-03-02 14:16:00,66,United Kingdom,282,513.72,1,1,0.71,1847.3599041054838,Mid CLV,High Risk,MONITOR: no action needed yet
15105,18,7,2298.93,2011-07-28 10:09:00,90,United Kingdom,135,328.4185714285714,0,0,0.01,12260.96,High CLV,Low Risk,REWARD: early access / loyalty perks (already staying)
15106,18,5,1422.52,2011-03-15 12:52:00,90,United Kingdom,269,284.504,0,0,0.0033333333333333335,3807.4884758364315,Mid CLV,Low Risk,MONITOR: no action needed yet
15107,311,6,319.5,2010-12-02 13:45:00,12,United Kingdom,372,53.25,1,1,0.74,417.8291194420227,Low CLV,High Risk,"DO NOT INVEST: low value, unlikely to be saved profitably"
15108,142,4,1300.25,2011-04-26 10:54:00,50,Other,228,325.0625,1,0,0.6966666666666667,2946.9277260135987,Mid CLV,High Risk,MONITOR: no action needed yet
15109,246,1,484.95,2011-04-08 09:58:00,28,United Kingdom,246,484.95,1,1,0.9933333333333333,714.445899492552,Low CLV,High Risk,"DO NOT INVEST: low value, unlikely to be saved profitably"
15110,24,4,996.1,2011-01-25 11:41:00,17,United Kingdom,319,249.025,0,0,0.06333333333333334,2248.25078369906,Mid CLV,Low Risk,MONITOR: no action needed yet
15111,29,3,1567.48,2010-12-02 11:45:00,70,United Kingdom,373,522.4933333333333,0,0,0.52,2909.325634151371,Mid CLV,Medium Risk,MONITOR: no action needed yet
15113,10,3,3609.33,2011-10-16 15:27:00,77,United Kingdom,54,1203.11,0,0,0.04666666666666667,48124.399999999994,High CLV,Low Risk,REWARD: early access / loyalty perks (already staying)
15114,30,10,2760.56,2011-02-11 08:45:00,136,United Kingdom,302,276.056,0,0,0.013333333333333334,6581.467549668874,High CLV,Low Risk,REWARD: early access / loyalty perks (already staying)
15115,18,1,340.11,2011-11-21 14:59:00,21,United Kingdom,18,340.11,0,0,0.0,8162.64,High CLV,,MONITOR: no action needed yet
15116,18,4,1352.75,2011-05-19 08:50:00,37,United Kingdom,205,338.1875,0,0,0.09666666666666666,4751.121951219512,Mid CLV,Low Risk,MONITOR: no action needed yet
15117,15,5,1551.78,2011-05-08 12:38:00,63,United Kingdom,216,310.356,0,0,0.02,5172.599999999999,High CLV,Low Risk,REWARD: early access / loyalty perks (already staying)
15118,134,1,244.8,2011-07-28 14:54:00,1,United Kingdom,134,244.8,1,0,1.0,657.6716417910447,Low CLV,High Risk,"DO NOT INVEST: low value, unlikely to be saved profitably"
15119,246,1,266.4,2011-04-08 09:08:00,14,United Kingdom,246,266.4,1,1,0.9966666666666667,391.1575169263398,Low CLV,High Risk,"DO NOT INVEST: low value, unlikely to be saved profitably"
15120,134,1,358.82,2011-07-29 09:48:00,21,United Kingdom,134,358.82,1,0,0.99,973.7313432835821,Low CLV,High Risk,"DO NOT INVEST: low value, unlikely to be saved profitably"
15121,50,2,457.72,2011-02-24 12:41:00,28,United Kingdom,289,228.86,0,0,0.21,1140.3404844290658,Low CLV,Low Risk,MONITOR: no action needed yet
15122,114,3,1633.78,2011-02-15 09:59:00,65,United Kingdom,298,544.5933333333334,1,0,0.7766666666666666,2541.2368580234465,Mid CLV,High Risk,MONITOR: no action needed yet
15123,7,2,2199.31,2011-05-17 14:57:00,93,United Kingdom,206,1099.655,0,0,0.21666666666666667,7686.908737864078,High CLV,Low Risk,REWARD: early access / loyalty perks (already staying)
15124,23,2,184.19,2011-06-01 09:06:00,14,United Kingdom,192,92.095,0,0,0.15,690.7125,Low CLV,Low Risk,MONITOR: no action needed yet
15125,25,15,11528.48,2011-03-14 09:59:00,102,United Kingdom,271,768.5653333333333,0,3,0.03,30629.171955719557,High CLV,Low Risk,REWARD: early access / loyalty perks (already staying)
15127,66,1,406.53,2011-10-05 10:30:00,16,United Kingdom,66,406.53,0,0,0.006666666666666667,4434.8727272727265,Mid CLV,Low Risk,MONITOR: no action needed yet
15128,60,4,1471.0,2011-05-04 12:32:00,74,United Kingdom,220,367.75,0,0,0.05333333333333334,4814.181818181818,Mid CLV,Low Risk,MONITOR: no action needed yet
15129,50,11,3447.4,2011-02-21 09:09:00,54,United Kingdom,292,313.40000000000003,0,0,0.06,8500.438356164384,High CLV,Low Risk,REWARD: early access / loyalty perks (already staying)
15130,170,1,330.11,2011-06-23 10:15:00,22,United Kingdom,170,330.11,1,1,1.0,699.0564705882354,Low CLV,High Risk,"DO NOT INVEST: low value, unlikely to be saved profitably"
15132,18,5,977.9300000000001,2011-03-22 12:02:00,49,United Kingdom,263,195.586,0,0,0.03333333333333333,2677.2228136882127,Mid CLV,Low Risk,MONITOR: no action needed yet
15133,128,3,982.42,2011-02-11 10:38:00,27,United Kingdom,302,327.4733333333333,1,0,0.43333333333333335,2342.193377483444,Mid CLV,Medium Risk,MONITOR: no action needed yet
15134,15,8,1387.99,2011-04-13 11:05:00,44,United Kingdom,241,173.49875,0,0,0.09,4146.692116182572,Mid CLV,Low Risk,MONITOR: no action needed yet
15135,239,1,139.05,2011-04-14 19:16:00,9,United Kingdom,239,139.05,1,1,0.9966666666666667,210.14819272050488,Low CLV,High Risk,"DO NOT INVEST: low value, unlikely to be saved profitably"
15136,3,4,1286.7,2011-09-04 16:05:00,61,United Kingdom,96,321.675,0,0,0.0033333333333333335,9650.25,High CLV,Low Risk,REWARD: early access / loyalty perks (already staying)
15139,240,2,178.96,2011-01-07 12:44:00,13,United Kingdom,337,89.48,1,1,0.86,222.2952177213443,Low CLV,High Risk,"DO NOT INVEST: low value, unlikely to be saved profitably"
15140,52,7,2354.25,2011-03-20 14:37:00,74,United Kingdom,264,336.32142857142856,0,0,0.02666666666666667,6420.681818181818,High CLV,Low Risk,REWARD: early access / loyalty perks (already staying)
15142,46,1,498.74,2011-10-24 12:51:00,26,United Kingdom,46,498.74,0,0,0.0,7806.365217391303,High CLV,,MONITOR: no action needed yet
15143,226,1,259.45,2011-04-28 12:03:00,14,United Kingdom,226,259.45,1,1,0.9933333333333333,416.05689849735705,Low CLV,High Risk,"DO NOT INVEST: low value, unlikely to be saved profitably"
15144,8,17,6580.44,2011-01-31 13:17:00,132,United Kingdom,312,387.0847058823529,0,3,0.006666666666666667,15185.63076923077,High CLV,Low Risk,REWARD: early access / loyalty perks (already staying)
15145,4,4,1194.73,2011-04-05 15:20:00,54,United Kingdom,248,298.6825,0,0,0.07666666666666666,3468.570967741935,Mid CLV,Low Risk,MONITOR: no action needed yet
15146,165,2,1327.16,2011-02-21 13:07:00,90,United Kingdom,291,663.58,1,1,0.8533333333333334,1924.0399484536085,Mid CLV,High Risk,MONITOR: no action needed yet
15147,240,1,623.5,2011-04-13 15:57:00,28,United Kingdom,240,623.5,1,1,0.9933333333333333,941.526845637584,Low CLV,High Risk,"DO NOT INVEST: low value, unlikely to be saved profitably"
15148,11,1,301.29,2011-11-29 08:21:00,20,United Kingdom,11,301.29,0,0,0.0,7230.960000000001,High CLV,,MONITOR: no action needed yet
15149,134,1,520.8000000000001,2011-07-29 10:58:00,23,United Kingdom,134,520.8000000000001,1,0,0.9966666666666667,1403.8436579643587,Low CLV,High Risk,"DO NOT INVEST: low value, unlikely to be saved profitably"
15150,17,10,5314.47,2011-03-15 14:21:00,282,United Kingdom,269,531.447,0,0,0.0,14224.60371747212,High CLV,,MONITOR: no action needed yet
15152,10,13,4745.69,2011-06-05 15:36:00,196,United Kingdom,187,365.0530769230769,0,0,0.006666666666666667,18272.175401069515,High CLV,Low Risk,REWARD: early access / loyalty perks (already staying)
15153,31,1,329.25,2011-11-08 17:09:00,22,United Kingdom,31,329.25,0,0,0.0,7647.096774193548,High CLV,,MONITOR: no action needed yet
15154,75,1,296.42,2011-09-25 16:05:00,66,United Kingdom,75,296.42,0,0,0.006666666666666667,2845.6320000000005,Mid CLV,Low Risk,MONITOR: no action needed yet
15156,1,3,961.49,2011-11-06 12:41:00,51,United Kingdom,34,320.49666666666667,0,0,0.0033333333333333335,20360.964705882354,High CLV,Low Risk,REWARD: early access / loyalty perks (already staying)
15157,4,3,1936.07,2010-12-16 13:44:00,125,United Kingdom,358,645.3566666666667,0,0,0.17333333333333334,3893.7720670391063,Mid CLV,Low Risk,MONITOR: no action needed yet
15158,45,1,401.40000000000003,2011-10-25 13:53:00,7,United Kingdom,45,401.40000000000003,0,0,0.0,6422.400000000001,High CLV,,MONITOR: no action needed yet
15159,2,30,18641.010000000002,2010-12-13 15:44:00,363,United Kingdom,361,621.3670000000001,0,3,0.0,37178.74570637119,High CLV,,MONITOR: no action needed yet
15160,357,1,158.16,2010-12-17 14:15:00,4,United Kingdom,357,158.16,1,1,0.9933333333333333,160.55947211099206,Low CLV,High Risk,"DO NOT INVEST: low value, unlikely to be saved profitably"
15163,18,2,304.47,2011-05-31 15:22:00,29,United Kingdom,192,152.235,0,0,0.13333333333333333,1141.7625,Low CLV,Low Risk,MONITOR: no action needed yet
15164,69,3,843.05,2011-01-04 14:21:00,79,United Kingdom,339,281.01666666666665,0,0,0.04666666666666667,1790.5486725663716,Mid CLV,Low Risk,MONITOR: no action needed yet
15165,373,1,487.75,2010-12-01 14:03:00,27,United Kingdom,373,487.75,1,1,0.9866666666666667,477.112165785088,Low CLV,High Risk,"DO NOT INVEST: low value, unlikely to be saved profitably"
15167,321,1,163.0,2011-01-23 12:41:00,39,United Kingdom,321,163.0,1,1,0.9766666666666667,187.1710631239833,Low CLV,High Risk,"DO NOT INVEST: low value, unlikely to be saved profitably"
15168,26,1,106.56,2011-11-14 11:26:00,5,United Kingdom,26,106.56,0,0,0.0,2557.44,Mid CLV,,MONITOR: no action needed yet
15171,331,1,1289.5,2011-01-12 15:36:00,5,United Kingdom,331,1289.5,1,1,0.98,1431.099327948702,Low CLV,High Risk,"DO NOT INVEST: low value, unlikely to be saved profitably"
15172,9,5,1624.05,2011-04-17 11:56:00,106,United Kingdom,237,324.81,0,0,0.02,4933.822784810126,Mid CLV,Low Risk,MONITOR: no action needed yet
15174,323,1,135.75,2011-01-21 09:06:00,11,United Kingdom,323,135.75,1,1,0.9933333333333333,152.31574791696968,Low CLV,High Risk,"DO NOT INVEST: low value, unlikely to be saved profitably"
15175,72,1,224.14,2011-09-29 11:31:00,23,United Kingdom,72,224.14,0,0,0.0033333333333333335,2241.4,Mid CLV,Low Risk,MONITOR: no action needed yet
15178,260,1,40.5,2011-03-24 15:12:00,3,United Kingdom,260,40.5,1,1,0.9866666666666667,56.83471933471933,Low CLV,High Risk,"DO NOT INVEST: low value, unlikely to be saved profitably"
15179,18,5,2206.95,2011-01-24 13:48:00,91,United Kingdom,319,441.39,0,0,0.03666666666666667,4981.203761755486,High CLV,Low Risk,REWARD: early access / loyalty perks (already staying)
15180,367,1,87.5,2010-12-07 14:57:00,6,United Kingdom,367,87.5,1,1,0.9966666666666667,86.11812308056828,Low CLV,High Risk,"DO NOT INVEST: low value, unlikely to be saved profitably"
15181,66,3,689.4799999999999,2011-03-15 12:03:00,11,United Kingdom,270,229.82666666666663,0,0,0.36666666666666664,1838.6133333333332,Mid CLV,Medium Risk,MONITOR: no action needed yet
15182,154,2,622.85,2011-03-16 12:42:00,24,United Kingdom,269,311.425,1,1,0.8833333333333333,943.645928315915,Low CLV,High Risk,"DO NOT INVEST: low value, unlikely to be saved profitably"
15184,29,2,406.76,2011-06-02 12:06:00,59,United Kingdom,191,203.38,0,0,0.17,1533.3361256544504,Mid CLV,Low Risk,MONITOR: no action needed yet
15185,70,1,310.62,2011-09-30 14:06:00,21,United Kingdom,70,310.62,0,0,0.01,3194.948571428571,Mid CLV,Low Risk,MONITOR: no action needed yet
15186,14,2,411.41,2011-06-24 14:54:00,17,United Kingdom,168,205.705,0,0,0.13666666666666666,1763.1857142857145,Mid CLV,Low Risk,MONITOR: no action needed yet
15187,2,16,4777.18,2011-05-11 13:49:00,61,United Kingdom,212,298.57375,0,3,0.06,16224.384905660378,High CLV,Low Risk,REWARD: early access / loyalty perks (already staying)
15189,1,41,16225.39,2011-01-11 12:29:00,80,United Kingdom,333,395.74121951219513,0,3,0.0033333333333333335,35081.924324324325,High CLV,Low Risk,REWARD: early access / loyalty perks (already staying)
15192,120,3,1044.32,2010-12-09 14:56:00,36,United Kingdom,365,348.1066666666666,1,0,0.7166666666666667,1437.2291812679196,Low CLV,High Risk,"DO NOT INVEST: low value, unlikely to be saved profitably"
15193,61,1,499.32,2011-10-10 08:23:00,19,United Kingdom,61,499.32,0,0,0.0033333333333333335,5893.613114754098,High CLV,Low Risk,REWARD: early access / loyalty perks (already staying)
15194,3,15,7616.53,2010-12-06 15:00:00,209,United Kingdom,368,507.76866666666666,0,3,0.0,14901.906521739129,High CLV,,MONITOR: no action needed yet
15195,3,1,3861.0,2011-12-07 12:20:00,1,United Kingdom,3,3861.0,0,0,0.03666666666666667,92664.0,High CLV,Low Risk,REWARD: early access / loyalty perks (already staying)
15197,11,3,1079.6100000000001,2010-12-16 18:01:00,30,United Kingdom,358,359.87000000000006,0,0,0.14333333333333334,2171.282681564246,Mid CLV,Low Risk,MONITOR: no action needed yet
15198,92,2,193.64,2011-08-07 15:16:00,10,United Kingdom,124,96.82,1,0,0.7033333333333334,799.3089741629718,Low CLV,High Risk,"DO NOT INVEST: low value, unlikely to be saved profitably"
15199,59,4,1268.7,2011-02-04 14:04:00,5,United Kingdom,308,317.175,0,0,0.09666666666666666,2965.7922077922076,Mid CLV,Low Risk,MONITOR: no action needed yet
15201,87,5,1236.54,2011-04-06 14:02:00,35,United Kingdom,247,247.308,0,0,0.06666666666666667,3604.489068825911,Mid CLV,Low Risk,MONITOR: no action needed yet
15203,26,6,1827.8,2011-02-01 12:29:00,82,United Kingdom,312,304.6333333333333,0,0,0.04666666666666667,4218.0,Mid CLV,Low Risk,MONITOR: no action needed yet
15204,357,1,316.58,2010-12-17 13:49:00,9,United Kingdom,357,316.58,1,1,1.0,319.24033613445374,Low CLV,High Risk,"DO NOT INVEST: low value, unlikely to be saved profitably"
15205,85,2,653.24,2011-08-04 16:07:00,37,United Kingdom,127,326.62,0,0,0.13666666666666666,3703.4078740157483,Mid CLV,Low Risk,MONITOR: no action needed yet
15206,10,4,420.29999999999995,2011-03-09 08:59:00,3,United Kingdom,276,105.07499999999999,0,0,0.18666666666666668,1096.4347826086955,Low CLV,Low Risk,MONITOR: no action needed yet
15208,1,5,870.12,2010-12-21 13:03:00,25,United Kingdom,353,174.024,0,0,0.07333333333333333,1774.7490084985834,Mid CLV,Low Risk,MONITOR: no action needed yet
15210,225,1,331.18,2011-04-28 16:11:00,20,United Kingdom,225,331.18,1,1,1.0,529.888,Low CLV,High Risk,"DO NOT INVEST: low value, unlikely to be saved profitably"
15211,60,2,894.4100000000001,2010-12-09 16:08:00,52,United Kingdom,365,447.20500000000004,0,0,0.26,1764.3156164383563,Mid CLV,Low Risk,MONITOR: no action needed yet
15212,241,1,101.8,2011-04-12 13:45:00,5,United Kingdom,241,101.8,1,1,1.0,152.06639004149378,Low CLV,High Risk,"DO NOT INVEST: low value, unlikely to be saved profitably"
15213,319,2,328.35,2011-01-14 11:05:00,22,United Kingdom,330,164.175,1,1,0.8233333333333334,435.0607287449393,Low CLV,High Risk,"DO NOT INVEST: low value, unlikely to be saved profitably"
15214,2,8,1661.44,2011-04-11 09:46:00,109,United Kingdom,243,207.68,0,0,0.0,4922.785185185186,Mid CLV,,MONITOR: no action needed yet
15215,47,3,734.94,2011-09-04 12:24:00,33,United Kingdom,97,244.98000000000002,0,0,0.023333333333333334,5455.224742268041,High CLV,Low Risk,REWARD: early access / loyalty perks (already staying)
15216,88,1,96.6,2011-09-13 11:41:00,2,United Kingdom,88,96.6,0,0,0.016666666666666666,790.3636363636363,Low CLV,Low Risk,MONITOR: no action needed yet
15218,11,11,5756.89,2011-01-25 11:20:00,77,United Kingdom,319,523.3536363636364,0,0,0.013333333333333334,12993.607523510971,High CLV,Low Risk,REWARD: early access / loyalty perks (already staying)
15219,176,1,305.75,2011-06-16 16:57:00,9,United Kingdom,176,305.75,1,1,1.0,625.3977272727273,Low CLV,High Risk,"DO NOT INVEST: low value, unlikely to be saved profitably"
15220,52,6,1778.96,2011-03-04 10:24:00,110,United Kingdom,281,296.49333333333334,0,0,0.023333333333333334,4558.189323843417,Mid CLV,Low Risk,MONITOR: no action needed yet
15221,366,1,403.25,2010-12-08 13:08:00,5,United Kingdom,366,403.25,1,1,1.0,396.63934426229514,Low CLV,High Risk,"DO NOT INVEST: low value, unlikely to be saved profitably"
15222,319,1,585.0,2011-01-25 08:03:00,5,United Kingdom,319,585.0,1,1,0.99,666.8566543174694,Low CLV,High Risk,"DO NOT INVEST: low value, unlikely to be saved profitably"
15223,226,2,755.75,2011-04-04 12:17:00,14,United Kingdom,250,377.875,1,1,0.8366666666666667,1300.7330677290836,Low CLV,High Risk,"DO NOT INVEST: low value, unlikely to be saved profitably"
15224,358,2,322.08,2010-12-12 12:34:00,13,United Kingdom,363,161.04,1,1,0.67,476.7435549525101,Low CLV,High Risk,"DO NOT INVEST: low value, unlikely to be saved profitably"
15225,234,1,409.40000000000003,2011-04-19 14:51:00,23,United Kingdom,234,409.40000000000003,1,1,0.9966666666666667,631.9526627218936,Low CLV,High Risk,"DO NOT INVEST: low value, unlikely to be saved profitably"
15226,311,1,154.41,2011-02-02 11:41:00,8,United Kingdom,311,154.41,1,1,1.0,178.73826366559484,Low CLV,High Risk,"DO NOT INVEST: low value, unlikely to be saved profitably"
15227,37,5,1219.4,2011-01-26 15:31:00,43,United Kingdom,317,243.88000000000002,0,0,0.016666666666666666,2769.6151419558364,Mid CLV,Low Risk,MONITOR: no action needed yet
15228,66,4,3386.71,2011-02-18 09:04:00,110,United Kingdom,295,846.6775,0,0,0.02,8265.868474576271,High CLV,Low Risk,REWARD: early access / loyalty perks (already staying)
15230,239,2,429.6,2011-04-13 11:04:00,23,United Kingdom,241,214.8,1,1,0.7166666666666667,895.4318247611694,Low CLV,High Risk,"DO NOT INVEST: low value, unlikely to be saved profitably"
15232,113,2,612.06,2011-07-22 12:21:00,26,United Kingdom,141,306.03,1,0,0.8333333333333334,1875.2476595744677,Mid CLV,High Risk,MONITOR: no action needed yet
15234,277,1,197.0,2011-03-08 08:53:00,14,United Kingdom,277,197.0,1,1,1.0,256.028880866426,Low CLV,High Risk,"DO NOT INVEST: low value, unlikely to be saved profitably"
15235,218,12,2247.51,2010-12-01 17:22:00,132,United Kingdom,373,187.29250000000002,1,1,0.6566666666666666,3303.317592302772,Mid CLV,High Risk,MONITOR: no action needed yet
15236,299,1,321.05,2011-02-14 10:52:00,15,United Kingdom,299,321.05,1,1,0.9966666666666667,387.8412993143253,Low CLV,High Risk,"DO NOT INVEST: low value, unlikely to be saved profitably"
15237,2,4,1412.32,2011-04-26 15:04:00,94,United Kingdom,227,353.08,0,0,0.02,4479.6052863436125,Mid CLV,Low Risk,MONITOR: no action needed yet
15238,29,3,1071.99,2011-06-08 16:00:00,49,United Kingdom,184,357.33,0,0,0.016666666666666666,4194.743478260869,Mid CLV,Low Risk,MONITOR: no action needed yet
15239,10,2,780.59,2011-09-22 09:53:00,48,United Kingdom,79,390.295,0,0,0.0033333333333333335,7114.237974683545,High CLV,Low Risk,REWARD: early access / loyalty perks (already staying)
15240,45,5,1706.57,2011-02-01 08:23:00,58,United Kingdom,312,341.31399999999996,0,0,0.04,3938.238461538461,Mid CLV,Low Risk,MONITOR: no action needed yet
15241,67,8,1756.44,2011-03-01 11:02:00,82,United Kingdom,284,219.555,0,0,0.016666666666666666,4452.946478873239,Mid CLV,Low Risk,MONITOR: no action needed yet
15243,74,1,316.68,2011-09-26 14:12:00,22,United Kingdom,74,316.68,0,0,0.0,3081.2108108108105,Mid CLV,,MONITOR: no action needed yet
15244,65,2,631.57,2011-04-05 15:12:00,31,United Kingdom,248,315.785,0,0,0.32,1833.590322580645,Mid CLV,Medium Risk,MONITOR: no action needed yet
15245,134,3,2515.84,2011-03-23 13:42:00,55,United Kingdom,261,838.6133333333333,1,0,0.7933333333333333,4374.106056215591,Mid CLV,High Risk,MONITOR: no action needed yet
15246,238,2,514.15,2010-12-16 09:46:00,32,United Kingdom,359,257.075,1,1,0.75,687.4428969359332,Low CLV,High Risk,"DO NOT INVEST: low value, unlikely to be saved profitably"
15247,122,1,356.0,2011-08-09 12:52:00,6,United Kingdom,122,356.0,1,0,0.9866666666666667,1064.68763845813,Low CLV,High Risk,"DO NOT INVEST: low value, unlikely to be saved profitably"
15249,32,13,6688.46,2011-03-28 12:49:00,211,United Kingdom,257,514.496923076923,0,0,0.0,18738.09805447471,High CLV,,MONITOR: no action needed yet
15251,9,11,10484.99,2011-04-12 10:38:00,97,United Kingdom,242,953.180909090909,0,0,0.06,31195.01157024793,High CLV,Low Risk,REWARD: early access / loyalty perks (already staying)
15252,36,2,740.78,2011-06-09 14:15:00,44,United Kingdom,183,370.39,0,0,0.18666666666666668,2914.544262295082,Mid CLV,Low Risk,MONITOR: no action needed yet
15253,16,5,918.1999999999999,2011-06-23 12:19:00,52,United Kingdom,170,183.64,0,0,0.016666666666666666,3888.8470588235286,Mid CLV,Low Risk,MONITOR: no action needed yet
15254,127,1,300.36,2011-08-04 15:04:00,18,United Kingdom,127,300.36,1,0,0.9966666666666667,854.261712269244,Low CLV,High Risk,"DO NOT INVEST: low value, unlikely to be saved profitably"
15255,67,1,890.85,2011-10-04 12:43:00,47,United Kingdom,67,890.85,0,0,0.006666666666666667,9573.313432835821,High CLV,Low Risk,REWARD: early access / loyalty perks (already staying)
15256,149,1,98.45,2011-07-14 11:47:00,6,United Kingdom,149,98.45,1,1,0.99,240.26845637583895,Low CLV,High Risk,"DO NOT INVEST: low value, unlikely to be saved profitably"
15257,283,1,317.15,2011-03-01 12:58:00,7,United Kingdom,283,317.15,1,1,0.9866666666666667,408.89361092541293,Low CLV,High Risk,"DO NOT INVEST: low value, unlikely to be saved profitably"
15258,169,2,623.16,2011-05-06 14:16:00,32,United Kingdom,217,311.58,1,1,0.84,1230.7307439104675,Low CLV,High Risk,"DO NOT INVEST: low value, unlikely to be saved profitably"
15260,100,7,1810.77,2010-12-02 12:09:00,62,United Kingdom,373,258.68142857142857,1,0,0.6566666666666666,2661.411249166451,Mid CLV,High Risk,MONITOR: no action needed yet
15261,135,1,254.82,2011-07-27 15:20:00,19,United Kingdom,135,254.82,1,0,0.9933333333333333,684.0805369127518,Low CLV,High Risk,"DO NOT INVEST: low value, unlikely to be saved profitably"
15262,324,1,178.95000000000002,2011-01-20 12:16:00,10,United Kingdom,324,178.95000000000002,1,1,1.0,198.83333333333337,Low CLV,High Risk,"DO NOT INVEST: low value, unlikely to be saved profitably"
15263,107,1,156.51,2011-08-25 10:26:00,12,United Kingdom,107,156.51,1,0,1.0,526.5757009345793,Low CLV,High Risk,"DO NOT INVEST: low value, unlikely to be saved profitably"
15264,64,1,393.74,2011-10-06 13:49:00,23,United Kingdom,64,393.74,0,0,0.0,4429.575000000001,Mid CLV,,MONITOR: no action needed yet
15265,151,2,1506.1200000000001,2011-04-18 12:16:00,76,United Kingdom,236,753.0600000000001,1,1,0.7966666666666666,2883.8550457414376,Mid CLV,High Risk,MONITOR: no action needed yet
15266,338,1,119.3,2011-01-05 13:40:00,6,United Kingdom,338,119.3,1,1,1.0,127.06508875739644,Low CLV,High Risk,"DO NOT INVEST: low value, unlikely to be saved profitably"
15267,22,5,1717.36,2011-06-10 10:24:00,8,United Kingdom,183,343.472,0,0,0.07666666666666666,6756.826229508197,High CLV,Low Risk,REWARD: early access / loyalty perks (already staying)
15269,24,1,408.8,2011-11-16 09:32:00,2,United Kingdom,24,408.8,0,0,0.0,9811.2,High CLV,,MONITOR: no action needed yet
15270,16,7,2379.49,2011-02-02 13:25:00,22,United Kingdom,310,339.9271428571428,0,0,0.02,5526.557419354838,High CLV,Low Risk,REWARD: early access / loyalty perks (already staying)
15271,7,15,2507.07,2010-12-09 13:47:00,184,United Kingdom,365,167.138,0,3,0.0033333333333333335,4945.453150684933,High CLV,Low Risk,REWARD: early access / loyalty perks (already staying)
15272,57,2,721.94,2011-09-14 16:36:00,63,United Kingdom,86,360.97,0,0,0.0,6044.148837209303,High CLV,,MONITOR: no action needed yet
15274,4,2,716.57,2011-11-21 14:17:00,44,United Kingdom,18,358.285,0,0,0.0033333333333333335,17197.68,High CLV,Low Risk,REWARD: early access / loyalty perks (already staying)
15275,38,1,615.14,2011-11-02 11:20:00,41,United Kingdom,38,615.14,0,0,0.0,11655.284210526315,High CLV,,MONITOR: no action needed yet
15276,66,1,135.31,2011-10-04 16:39:00,49,United Kingdom,66,135.31,0,0,0.0033333333333333335,1476.1090909090908,Low CLV,Low Risk,MONITOR: no action needed yet
15277,47,1,255.89999999999998,2011-10-24 10:08:00,12,United Kingdom,47,255.89999999999998,0,0,0.0,3920.1702127659573,Mid CLV,,MONITOR: no action needed yet
15279,355,1,290.51,2010-12-20 10:48:00,19,United Kingdom,355,290.51,1,1,0.99,297.57746478873236,Low CLV,High Risk,"DO NOT INVEST: low value, unlikely to be saved profitably"
15280,172,1,113.12,2011-06-20 17:14:00,16,United Kingdom,172,113.12,1,1,1.0,236.76279069767446,Low CLV,High Risk,"DO NOT INVEST: low value, unlikely to be saved profitably"
15281,59,9,2332.15,2011-01-10 15:51:00,121,United Kingdom,333,259.1277777777778,0,0,0.05,5042.486486486487,High CLV,Low Risk,REWARD: early access / loyalty perks (already staying)
15286,50,1,240.55,2011-10-21 11:08:00,3,United Kingdom,50,240.55,0,0,0.0,3463.92,Mid CLV,,MONITOR: no action needed yet
15287,22,2,486.69,2011-09-30 12:30:00,17,United Kingdom,71,243.345,0,0,0.0033333333333333335,4935.447887323944,High CLV,Low Risk,REWARD: early access / loyalty perks (already staying)
15288,43,5,2306.52,2010-12-09 13:59:00,80,United Kingdom,365,461.304,0,0,0.08333333333333333,4549.847671232877,Mid CLV,Low Risk,MONITOR: no action needed yet
15289,29,3,939.78,2011-04-04 12:44:00,43,United Kingdom,250,313.26,0,0,0.3933333333333333,2706.5663999999997,Mid CLV,Medium Risk,MONITOR: no action needed yet
15290,5,18,7943.22,2010-12-15 16:03:00,93,United Kingdom,359,441.29,0,3,0.006666666666666667,15930.691922005572,High CLV,Low Risk,REWARD: early access / loyalty perks (already staying)
15291,26,15,4668.3,2010-12-01 09:32:00,62,United Kingdom,374,311.22,0,3,0.06333333333333334,8987.101604278076,High CLV,Low Risk,REWARD: early access / loyalty perks (already staying)
15292,201,1,180.94,2011-05-22 15:00:00,24,United Kingdom,201,180.94,1,1,0.9866666666666667,328.4509883017345,Low CLV,High Risk,"DO NOT INVEST: low value, unlikely to be saved profitably"
15296,51,6,3672.86,2011-01-17 11:57:00,137,United Kingdom,327,612.1433333333333,0,0,0.05333333333333334,8087.031192660551,High CLV,Low Risk,REWARD: early access / loyalty perks (already staying)
15297,10,3,641.94,2011-10-07 09:42:00,30,United Kingdom,64,213.98000000000002,0,0,0.023333333333333334,7221.825000000001,High CLV,Low Risk,REWARD: early access / loyalty perks (already staying)
15298,2,12,4799.9,2010-12-08 13:55:00,115,United Kingdom,366,399.9916666666666,0,0,0.02666666666666667,9442.426229508197,High CLV,Low Risk,REWARD: early access / loyalty perks (already staying)
15299,67,7,4507.01,2010-12-02 16:48:00,7,United Kingdom,372,643.8585714285715,0,0,0.13666666666666666,8723.245161290324,High CLV,Low Risk,REWARD: early access / loyalty perks (already staying)
15300,64,1,496.44,2011-10-06 17:08:00,28,United Kingdom,64,496.44,0,0,0.0033333333333333335,5584.950000000001,High CLV,Low Risk,REWARD: early access / loyalty perks (already staying)
15301,51,12,5070.35,2010-12-06 12:21:00,167,United Kingdom,369,422.5291666666667,0,0,0.0033333333333333335,9893.365853658537,High CLV,Low Risk,REWARD: early access / loyalty perks (already staying)
15303,290,1,574.02,2011-02-22 13:59:00,31,United Kingdom,290,574.02,1,1,0.9866666666666667,722.2059645852748,Low CLV,High Risk,"DO NOT INVEST: low value, unlikely to be saved profitably"
15304,61,8,694.4000000000001,2010-12-06 11:42:00,8,United Kingdom,369,86.80000000000001,0,0,0.12666666666666668,1354.9268292682927,Low CLV,Low Risk,MONITOR: no action needed yet
15306,64,3,1174.35,2011-07-14 15:22:00,57,United Kingdom,148,391.45,0,0,0.006666666666666667,5713.054054054053,High CLV,Low Risk,REWARD: early access / loyalty perks (already staying)
15307,96,1,205.3,2011-09-05 11:38:00,12,United Kingdom,96,205.3,1,0,0.9866666666666667,780.2787162162161,Low CLV,High Risk,"DO NOT INVEST: low value, unlikely to be saved profitably"
15308,274,1,310.47,2011-03-10 13:08:00,19,United Kingdom,274,310.47,1,1,0.9966666666666667,409.28105851622195,Low CLV,High Risk,"DO NOT INVEST: low value, unlikely to be saved profitably"
15311,1,91,60767.9,2010-12-01 09:41:00,567,United Kingdom,374,667.7791208791209,0,2,0.0,116986.33155080213,High CLV,,MONITOR: no action needed yet
15312,75,4,924.85,2010-12-20 12:51:00,42,United Kingdom,354,231.2125,0,0,0.12,1881.050847457627,Mid CLV,Low Risk,MONITOR: no action needed yet
15313,110,1,52.0,2011-08-21 16:02:00,1,United Kingdom,110,52.0,1,0,0.98,173.65491651205934,Low CLV,High Risk,"DO NOT INVEST: low value, unlikely to be saved profitably"
15314,199,1,327.97,2011-05-24 14:39:00,24,United Kingdom,199,327.97,1,1,1.0,593.3125628140704,Low CLV,High Risk,"DO NOT INVEST: low value, unlikely to be saved profitably"
15315,64,2,570.5,2011-08-15 15:17:00,35,United Kingdom,116,285.25,0,0,0.07333333333333333,3541.034482758621,Mid CLV,Low Risk,MONITOR: no action needed yet
15316,327,1,165.0,2011-01-17 11:34:00,1,United Kingdom,327,165.0,1,1,0.9766666666666667,185.9911701161662,Low CLV,High Risk,"DO NOT INVEST: low value, unlikely to be saved profitably"
15318,4,1,312.62,2011-12-06 11:30:00,33,United Kingdom,4,312.62,0,0,0.006666666666666667,7502.88,High CLV,Low Risk,REWARD: early access / loyalty perks (already staying)
15319,284,1,204.5,2011-03-01 12:48:00,16,United Kingdom,284,204.5,1,1,1.0,259.22535211267603,Low CLV,High Risk,"DO NOT INVEST: low value, unlikely to be saved profitably"
15320,44,1,267.13,2011-10-26 13:27:00,36,United Kingdom,44,267.13,0,0,0.0033333333333333335,4371.2181818181825,Mid CLV,Low Risk,MONITOR: no action needed yet
15321,71,3,2748.31,2011-02-21 11:10:00,83,United Kingdom,292,916.1033333333334,0,0,0.21,6776.654794520549,High CLV,Low Risk,REWARD: early access / loyalty perks (already staying)
15322,86,1,679.68,2011-09-15 09:34:00,42,United Kingdom,86,679.68,0,0,0.0033333333333333335,5690.344186046512,High CLV,Low Risk,REWARD: early access / loyalty perks (already staying)
15325,104,1,162.29,2011-08-28 11:55:00,47,United Kingdom,104,162.29,1,0,0.9166666666666666,612.8433566433566,Low CLV,High Risk,"DO NOT INVEST: low value, unlikely to be saved profitably"
15326,334,1,311.71,2011-01-10 11:38:00,29,United Kingdom,334,311.71,1,1,0.9933333333333333,338.2297150665113,Low CLV,High Risk,"DO NOT INVEST: low value, unlikely to be saved profitably"
15327,53,1,208.75,2011-10-18 11:55:00,10,United Kingdom,53,208.75,0,0,0.0033333333333333335,2835.8490566037735,Mid CLV,Low Risk,MONITOR: no action needed yet
15329,39,3,1049.7,2011-06-21 10:37:00,51,United Kingdom,172,349.90000000000003,0,0,0.01,4394.093023255814,Mid CLV,Low Risk,MONITOR: no action needed yet
15330,32,2,714.96,2011-10-10 12:30:00,10,United Kingdom,61,357.48,0,0,0.0033333333333333335,8438.872131147542,High CLV,Low Risk,REWARD: early access / loyalty perks (already staying)
15332,366,4,1661.06,2010-12-05 12:00:00,29,Other,370,415.265,1,1,0.7066666666666667,2287.0280469148393,Mid CLV,High Risk,MONITOR: no action needed yet
15333,208,1,1028.56,2011-05-15 13:27:00,16,United Kingdom,208,1028.56,1,1,0.97,1835.2577319587629,Mid CLV,High Risk,MONITOR: no action needed yet
15334,157,3,351.67,2011-06-19 13:51:00,67,United Kingdom,173,117.22333333333334,1,1,0.6466666666666666,1131.6476967999524,Low CLV,High Risk,"DO NOT INVEST: low value, unlikely to be saved profitably"
15335,54,1,173.97,2011-10-17 12:50:00,34,United Kingdom,54,173.97,0,0,0.0,2319.6,Mid CLV,,MONITOR: no action needed yet
15339,66,2,574.07,2011-01-25 13:15:00,77,United Kingdom,318,287.035,0,0,0.44,1299.781132075472,Low CLV,Medium Risk,MONITOR: no action needed yet
15341,81,1,2020.52,2011-09-20 09:40:00,17,United Kingdom,81,2020.52,0,0,0.0033333333333333335,17960.177777777775,High CLV,Low Risk,REWARD: early access / loyalty perks (already staying)
15342,130,1,406.09,2011-08-02 10:19:00,24,United Kingdom,130,406.09,1,0,0.9966666666666667,1128.3179830203242,Low CLV,High Risk,"DO NOT INVEST: low value, unlikely to be saved profitably"
15343,87,1,364.5,2011-09-13 13:55:00,21,United Kingdom,87,364.5,0,0,0.0033333333333333335,3016.551724137931,Mid CLV,Low Risk,MONITOR: no action needed yet
15344,1,3,563.94,2011-09-26 14:48:00,21,United Kingdom,74,187.98000000000002,0,0,0.0,5486.983783783784,High CLV,,MONITOR: no action needed yet
15345,46,1,393.54,2011-10-25 11:28:00,20,United Kingdom,46,393.54,0,0,0.0033333333333333335,6159.75652173913,High CLV,Low Risk,REWARD: early access / loyalty perks (already staying)
15346,333,1,252.42000000000002,2011-01-11 11:18:00,17,United Kingdom,333,252.42000000000002,1,1,1.0,272.88648648648655,Low CLV,High Risk,"DO NOT INVEST: low value, unlikely to be saved profitably"
15347,366,1,201.60000000000002,2010-12-08 15:25:00,5,United Kingdom,366,201.60000000000002,1,1,1.0,198.29508196721315,Low CLV,High Risk,"DO NOT INVEST: low value, unlikely to be saved profitably"
15348,72,1,158.04,2011-09-28 13:17:00,9,United Kingdom,72,158.04,0,0,0.01,1580.3999999999999,Mid CLV,Low Risk,MONITOR: no action needed yet
15349,158,2,473.81,2011-06-05 15:46:00,65,United Kingdom,187,236.905,1,1,0.7266666666666667,1255.2489819947996,Low CLV,High Risk,"DO NOT INVEST: low value, unlikely to be saved profitably"
15350,373,1,115.65,2010-12-01 13:33:00,5,United Kingdom,373,115.65,1,1,0.9966666666666667,111.9926116545769,Low CLV,High Risk,"DO NOT INVEST: low value, unlikely to be saved profitably"
15351,12,7,1960.1100000000001,2010-12-05 11:49:00,157,United Kingdom,370,280.0157142857143,0,0,0.016666666666666666,3814.268108108108,Mid CLV,Low Risk,MONITOR: no action needed yet
15353,255,2,777.02,2010-12-07 11:49:00,59,United Kingdom,368,388.51,1,1,0.73,1041.2715902322811,Low CLV,High Risk,"DO NOT INVEST: low value, unlikely to be saved profitably"
15355,29,2,277.05,2011-10-17 15:22:00,9,United Kingdom,53,138.525,0,0,0.0033333333333333335,3763.698113207548,Mid CLV,Low Risk,MONITOR: no action needed yet
15356,31,10,2766.5,2010-12-06 14:05:00,215,United Kingdom,368,276.65,0,0,0.0,5412.717391304348,High CLV,,MONITOR: no action needed yet
15358,5,22,8347.2,2010-12-09 10:04:00,292,United Kingdom,366,379.41818181818184,0,3,0.0033333333333333335,16420.721311475412,High CLV,Low Risk,REWARD: early access / loyalty perks (already staying)
15360,40,1,427.93,2011-10-31 09:35:00,13,United Kingdom,40,427.93,0,0,0.0,7702.740000000002,High CLV,,MONITOR: no action needed yet
15361,362,1,418.92,2010-12-13 09:52:00,7,United Kingdom,362,418.92,1,1,0.9866666666666667,422.23532925190386,Low CLV,High Risk,"DO NOT INVEST: low value, unlikely to be saved profitably"
15363,373,1,326.0,2010-12-02 12:28:00,16,United Kingdom,373,326.0,1,1,1.0,314.6380697050938,Low CLV,High Risk,"DO NOT INVEST: low value, unlikely to be saved profitably"
15364,96,2,913.19,2011-03-30 13:39:00,29,United Kingdom,254,456.595,1,0,0.7866666666666666,1645.2775924195919,Mid CLV,High Risk,MONITOR: no action needed yet
15365,26,7,2314.32,2011-01-28 13:08:00,65,United Kingdom,315,330.6171428571429,0,0,0.06333333333333334,5289.874285714286,High CLV,Low Risk,REWARD: early access / loyalty perks (already staying)
15366,75,2,602.51,2010-12-16 15:59:00,37,United Kingdom,358,301.255,0,0,0.14333333333333334,1211.7519553072625,Low CLV,Low Risk,MONITOR: no action needed yet
15367,57,4,1877.59,2011-03-09 13:53:00,91,United Kingdom,275,469.3975,0,0,0.10666666666666667,4915.872,Mid CLV,Low Risk,MONITOR: no action needed yet
15368,21,1,446.94000000000005,2011-11-18 14:42:00,4,United Kingdom,21,446.94000000000005,0,0,0.0033333333333333335,10726.560000000001,High CLV,Low Risk,REWARD: early access / loyalty perks (already staying)
15370,41,7,2386.05,2011-01-11 11:32:00,65,United Kingdom,333,340.86428571428576,0,0,0.013333333333333334,5159.0270270270275,High CLV,Low Risk,REWARD: early access / loyalty perks (already staying)
15372,137,1,2007.3999999999999,2011-07-25 16:39:00,27,United Kingdom,137,2007.3999999999999,1,0,0.94,5611.616710669359,High CLV,High Risk,PRIORITIZE: proactive retention offer
15373,8,12,2415.91,2010-12-03 14:40:00,74,United Kingdom,371,201.32583333333332,0,0,0.03,4688.558490566037,Mid CLV,Low Risk,MONITOR: no action needed yet
15374,129,1,168.0,2011-08-03 09:59:00,3,United Kingdom,129,168.0,1,0,0.9966666666666667,470.40522672474134,Low CLV,High Risk,"DO NOT INVEST: low value, unlikely to be saved profitably"
15376,40,3,1233.3600000000001,2011-05-01 13:45:00,100,United Kingdom,222,411.12000000000006,0,0,0.03333333333333333,4000.086486486487,Mid CLV,Low Risk,MONITOR: no action needed yet
15379,169,7,3703.29,2010-12-16 13:02:00,145,United Kingdom,358,529.0414285714286,1,1,0.6266666666666667,5942.519315345298,High CLV,High Risk,PRIORITIZE: proactive retention offer
15380,9,5,1690.2600000000002,2010-12-09 15:01:00,22,United Kingdom,365,338.052,0,0,0.15666666666666668,3334.211506849316,Mid CLV,Low Risk,MONITOR: no action needed yet
15381,214,2,596.85,2011-03-16 13:44:00,8,United Kingdom,268,298.425,1,1,0.47,1603.4776119402986,Mid CLV,Medium Risk,MONITOR: no action needed yet
15382,15,6,5955.71,2011-02-17 12:01:00,193,United Kingdom,296,992.6183333333333,0,0,0.01,14486.86216216216,High CLV,Low Risk,REWARD: early access / loyalty perks (already staying)
15384,170,2,642.41,2010-12-15 11:34:00,34,United Kingdom,360,321.205,1,1,0.7533333333333333,852.7566371681415,Low CLV,High Risk,"DO NOT INVEST: low value, unlikely to be saved profitably"
15385,40,1,316.88,2011-10-30 15:11:00,12,United Kingdom,40,316.88,0,0,0.0,5703.84,High CLV,,MONITOR: no action needed yet
15386,186,1,394.14,2011-06-06 13:47:00,31,United Kingdom,186,394.14,1,1,0.9933333333333333,767.9714223857978,Low CLV,High Risk,"DO NOT INVEST: low value, unlikely to be saved profitably"
15388,270,1,140.54,2011-03-14 13:53:00,10,Other,270,140.54,1,1,0.99,189.27946127946126,Low CLV,High Risk,"DO NOT INVEST: low value, unlikely to be saved profitably"
15389,172,1,500.0,2011-06-20 16:18:00,1,United Kingdom,172,500.0,1,1,0.9733333333333334,1075.183179356483,Low CLV,High Risk,"DO NOT INVEST: low value, unlikely to be saved profitably"
15392,5,4,1535.53,2010-12-14 15:50:00,74,United Kingdom,360,383.8825,0,0,0.19333333333333333,3071.06,Mid CLV,Low Risk,MONITOR: no action needed yet
15393,16,2,231.86,2011-03-03 16:58:00,10,United Kingdom,281,115.93,0,0,0.52,571.2400766493294,Low CLV,Medium Risk,MONITOR: no action needed yet
15394,10,4,2183.54,2010-12-16 12:46:00,54,United Kingdom,359,545.885,0,0,0.12333333333333334,4379.244568245125,Mid CLV,Low Risk,MONITOR: no action needed yet
15395,326,1,107.45,2011-01-18 12:40:00,7,United Kingdom,326,107.45,1,1,1.0,118.65644171779141,Low CLV,High Risk,"DO NOT INVEST: low value, unlikely to be saved profitably"
15396,113,1,288.18,2011-08-19 10:56:00,14,United Kingdom,113,288.18,1,0,0.99,927.3692679002413,Low CLV,High Risk,"DO NOT INVEST: low value, unlikely to be saved profitably"
15397,290,1,94.0,2011-02-23 09:25:00,6,United Kingdom,290,94.0,1,1,0.99,117.86833855799374,Low CLV,High Risk,"DO NOT INVEST: low value, unlikely to be saved profitably"
15398,16,2,1345.53,2011-09-22 14:56:00,60,United Kingdom,78,672.765,0,0,0.01,12420.276923076923,High CLV,Low Risk,REWARD: early access / loyalty perks (already staying)
15399,1,3,815.77,2011-09-21 15:57:00,45,United Kingdom,79,271.92333333333335,0,0,0.016666666666666666,7434.86582278481,High CLV,Low Risk,REWARD: early access / loyalty perks (already staying)
15400,92,5,716.2,2011-03-06 11:27:00,10,United Kingdom,279,143.24,1,0,0.7766666666666666,1189.86570677004,Low CLV,High Risk,"DO NOT INVEST: low value, unlikely to be saved profitably"
15402,149,2,626.77,2011-05-27 13:32:00,35,United Kingdom,196,313.385,1,1,0.8966666666666666,1283.8775510204082,Low CLV,High Risk,"DO NOT INVEST: low value, unlikely to be saved profitably"
15405,189,1,349.1,2011-06-03 14:44:00,8,United Kingdom,189,349.1,1,1,1.0,664.952380952381,Low CLV,High Risk,"DO NOT INVEST: low value, unlikely to be saved profitably"
15406,31,2,510.71000000000004,2011-02-11 16:19:00,51,United Kingdom,301,255.35500000000002,0,0,0.12,1221.6318936877078,Low CLV,Low Risk,MONITOR: no action needed yet
15407,34,4,1056.44,2011-02-07 13:18:00,142,United Kingdom,305,264.11,0,0,0.12,2493.8911475409836,Mid CLV,Low Risk,MONITOR: no action needed yet
15408,264,1,267.18,2011-03-20 15:02:00,34,United Kingdom,264,267.18,1,1,1.0,364.3363636363636,Low CLV,High Risk,"DO NOT INVEST: low value, unlikely to be saved profitably"
15410,84,8,3450.84,2011-03-23 10:15:00,48,United Kingdom,262,431.355,0,0,0.03,9483.224427480918,High CLV,Low Risk,REWARD: early access / loyalty perks (already staying)
15411,26,4,1358.88,2011-06-10 12:30:00,86,United Kingdom,183,339.72,0,0,0.02,5346.413114754099,High CLV,Low Risk,REWARD: early access / loyalty perks (already staying)
15412,171,1,190.53,2011-06-21 15:24:00,10,United Kingdom,171,190.53,1,1,1.0,401.11578947368423,Low CLV,High Risk,"DO NOT INVEST: low value, unlikely to be saved profitably"
15414,10,3,774.9000000000001,2011-04-11 13:45:00,37,United Kingdom,242,258.3,0,0,0.11333333333333333,2305.4876033057853,Mid CLV,Low Risk,MONITOR: no action needed yet
15415,313,1,572.8100000000001,2011-01-30 14:13:00,46,United Kingdom,313,572.8100000000001,1,1,0.97,679.1989723658642,Low CLV,High Risk,"DO NOT INVEST: low value, unlikely to be saved profitably"
15416,65,4,3984.32,2011-03-02 08:41:00,165,United Kingdom,283,996.08,0,0,0.03,10136.785865724381,High CLV,Low Risk,REWARD: early access / loyalty perks (already staying)
15417,85,1,508.8,2011-09-15 15:26:00,28,United Kingdom,85,508.8,0,0,0.0,4309.835294117647,Mid CLV,,MONITOR: no action needed yet
15419,25,1,135.86,2011-11-15 09:23:00,8,United Kingdom,25,135.86,0,0,0.006666666666666667,3260.6400000000003,Mid CLV,Low Risk,MONITOR: no action needed yet
15421,59,4,950.36,2011-02-02 14:36:00,40,United Kingdom,310,237.59,0,0,0.07,2207.2877419354836,Mid CLV,Low Risk,MONITOR: no action needed yet
15422,323,2,97.7,2011-01-20 14:17:00,6,United Kingdom,323,48.85,1,1,0.6866666666666666,158.58005951486368,Low CLV,High Risk,"DO NOT INVEST: low value, unlikely to be saved profitably"
15423,38,1,43.5,2011-11-01 14:01:00,2,United Kingdom,38,43.5,0,0,0.013333333333333334,824.2105263157896,Low CLV,Low Risk,MONITOR: no action needed yet
15424,254,2,383.34,2011-03-30 13:00:00,17,United Kingdom,254,191.67,1,1,0.8033333333333333,676.3276374685529,Low CLV,High Risk,"DO NOT INVEST: low value, unlikely to be saved profitably"
15426,19,5,1447.39,2010-12-05 13:55:00,217,United Kingdom,369,289.478,0,0,0.03,2824.1756097560974,Mid CLV,Low Risk,MONITOR: no action needed yet
15427,33,3,1483.14,2011-10-23 14:47:00,233,United Kingdom,47,494.38000000000005,0,0,0.006666666666666667,22720.44255319149,High CLV,Low Risk,REWARD: early access / loyalty perks (already staying)
15428,15,1,93.78,2011-11-24 16:54:00,6,United Kingdom,15,93.78,0,0,0.0,2250.7200000000003,Mid CLV,,MONITOR: no action needed yet
15429,27,2,397.35,2011-09-25 13:42:00,77,United Kingdom,75,198.675,0,0,0.0033333333333333335,3814.56,Mid CLV,Low Risk,MONITOR: no action needed yet
15432,23,1,171.19,2011-11-16 16:30:00,10,United Kingdom,23,171.19,0,0,0.0,4108.5599999999995,Mid CLV,,MONITOR: no action needed yet
15433,214,2,533.3,2011-03-17 14:12:00,40,United Kingdom,267,266.65,1,1,0.7033333333333334,1022.3547579743329,Low CLV,High Risk,"DO NOT INVEST: low value, unlikely to be saved profitably"
15434,8,5,1041.48,2011-05-23 14:18:00,40,United Kingdom,200,208.296,0,0,0.03,3749.3280000000004,Mid CLV,Low Risk,MONITOR: no action needed yet
15435,22,1,149.29,2011-11-17 16:39:00,29,United Kingdom,22,149.29,0,0,0.006666666666666667,3582.96,Mid CLV,Low Risk,MONITOR: no action needed yet
15436,12,3,1122.53,2011-04-19 16:52:00,243,United Kingdom,234,374.1766666666667,0,0,0.03,3453.9384615384615,Mid CLV,Low Risk,MONITOR: no action needed yet
15437,262,1,200.16,2011-03-22 13:11:00,44,United Kingdom,262,200.16,1,1,0.9633333333333334,285.4972397580496,Low CLV,High Risk,"DO NOT INVEST: low value, unlikely to be saved profitably"
15438,131,1,156.57999999999998,2011-07-31 14:19:00,25,United Kingdom,131,156.57999999999998,1,0,0.9866666666666667,436.1109964926759,Low CLV,High Risk,"DO NOT INVEST: low value, unlikely to be saved profitably"
15440,55,3,383.68,2011-05-15 11:30:00,50,United Kingdom,209,127.89333333333333,0,0,0.37333333333333335,1321.7684210526315,Low CLV,Medium Risk,MONITOR: no action needed yet
15442,249,1,594.0,2011-04-05 12:24:00,2,United Kingdom,249,594.0,1,1,0.9933333333333333,864.5589067680115,Low CLV,High Risk,"DO NOT INVEST: low value, unlikely to be saved profitably"
15443,2,7,3236.91,2011-01-23 13:25:00,237,United Kingdom,320,462.4157142857143,0,0,0.02,7283.0475,High CLV,Low Risk,REWARD: early access / loyalty perks (already staying)
15444,9,2,1418.26,2011-10-30 16:12:00,191,United Kingdom,40,709.13,0,0,0.006666666666666667,25528.680000000004,High CLV,Low Risk,REWARD: early access / loyalty perks (already staying)
15445,264,1,113.5,2011-03-20 15:06:00,5,United Kingdom,264,113.5,1,1,1.0,154.77272727272725,Low CLV,High Risk,"DO NOT INVEST: low value, unlikely to be saved profitably"
15447,331,1,155.17,2011-01-13 11:26:00,9,United Kingdom,331,155.17,1,1,0.9933333333333333,169.89760538534844,Low CLV,High Risk,"DO NOT INVEST: low value, unlikely to be saved profitably"
15448,313,1,494.64,2011-01-31 10:42:00,28,United Kingdom,313,494.64,1,1,0.9933333333333333,572.7332375581619,Low CLV,High Risk,"DO NOT INVEST: low value, unlikely to be saved profitably"
15449,26,3,974.52,2011-03-23 10:43:00,47,United Kingdom,262,324.84,0,0,0.19333333333333333,2678.0702290076338,Mid CLV,Low Risk,MONITOR: no action needed yet
15450,30,1,429.84,2011-11-09 17:11:00,30,United Kingdom,30,429.84,0,0,0.0033333333333333335,10316.16,High CLV,Low Risk,REWARD: early access / loyalty perks (already staying)
15452,30,3,538.73,2011-03-20 15:21:00,47,United Kingdom,264,179.57666666666668,0,0,0.07,1469.2636363636364,Low CLV,Low Risk,MONITOR: no action needed yet
15453,2,7,1388.37,2011-06-05 12:37:00,169,United Kingdom,188,198.3385714285714,0,0,0.006666666666666667,5317.161702127659,High CLV,Low Risk,REWARD: early access / loyalty perks (already staying)
15454,362,1,179.1,2010-12-12 14:21:00,23,United Kingdom,362,179.1,1,1,0.9833333333333333,181.1293192246465,Low CLV,High Risk,"DO NOT INVEST: low value, unlikely to be saved profitably"
15456,283,3,447.22,2010-12-15 15:34:00,48,United Kingdom,359,149.07333333333335,1,1,0.86,521.4717885599533,Low CLV,High Risk,"DO NOT INVEST: low value, unlikely to be saved profitably"
15457,262,1,237.07,2011-03-22 15:31:00,56,United Kingdom,262,237.07,1,1,0.99,329.0353920888272,Low CLV,High Risk,"DO NOT INVEST: low value, unlikely to be saved profitably"
15458,25,1,161.64,2011-11-14 13:08:00,7,United Kingdom,25,161.64,0,0,0.0,3879.3599999999997,Mid CLV,,MONITOR: no action needed yet
15460,354,1,216.76,2010-12-20 16:08:00,53,United Kingdom,354,216.76,1,1,0.9333333333333333,236.1791767554479,Low CLV,High Risk,"DO NOT INVEST: low value, unlikely to be saved profitably"
15462,94,3,234.6,2011-06-05 15:36:00,9,United Kingdom,187,78.2,1,0,0.7,645.1948051948052,Low CLV,High Risk,"DO NOT INVEST: low value, unlikely to be saved profitably"
15463,29,1,126.14,2011-11-10 12:57:00,7,United Kingdom,29,126.14,0,0,0.0,3027.36,Mid CLV,,MONITOR: no action needed yet
15464,338,1,1048.85,2011-01-05 15:56:00,155,United Kingdom,338,1048.85,1,1,0.9333333333333333,1196.9125105663566,Low CLV,High Risk,"DO NOT INVEST: low value, unlikely to be saved profitably"
15465,20,18,7354.62,2010-12-05 10:12:00,43,United Kingdom,370,408.59,0,3,0.0033333333333333335,14311.69297297297,High CLV,Low Risk,REWARD: early access / loyalty perks (already staying)
15466,85,1,334.53,2011-09-15 14:08:00,56,United Kingdom,85,334.53,0,0,0.02,2833.6658823529406,Mid CLV,Low Risk,MONITOR: no action needed yet
15467,9,3,524.88,2011-07-10 14:42:00,41,United Kingdom,152,174.96,0,0,0.17666666666666667,2486.2736842105264,Mid CLV,Low Risk,MONITOR: no action needed yet
15468,51,2,467.51,2011-10-19 13:38:00,24,United Kingdom,51,233.755,0,0,0.006666666666666667,6600.141176470588,High CLV,Low Risk,REWARD: early access / loyalty perks (already staying)
15469,50,2,538.55,2011-08-11 16:54:00,24,United Kingdom,120,269.275,0,0,0.13,3231.2999999999997,Mid CLV,Low Risk,MONITOR: no action needed yet
15471,2,1,469.48,2011-12-07 14:12:00,67,United Kingdom,2,469.48,0,0,0.006666666666666667,11267.52,High CLV,Low Risk,REWARD: early access / loyalty perks (already staying)
15472,113,1,371.56,2011-08-18 15:17:00,76,United Kingdom,113,371.56,1,0,0.96,1233.0530973451328,Low CLV,High Risk,"DO NOT INVEST: low value, unlikely to be saved profitably"
15473,14,7,1771.2,2011-10-10 11:12:00,4,United Kingdom,61,253.02857142857144,0,0,0.05,20905.967213114756,High CLV,Low Risk,REWARD: early access / loyalty perks (already staying)
15475,77,1,454.10999999999996,2011-09-23 15:20:00,29,United Kingdom,77,454.10999999999996,0,0,0.02666666666666667,4246.223376623376,Mid CLV,Low Risk,MONITOR: no action needed yet
15478,40,2,1441.42,2011-10-14 11:09:00,34,United Kingdom,57,720.71,0,0,0.0033333333333333335,18207.41052631579,High CLV,Low Risk,REWARD: early access / loyalty perks (already staying)
15480,116,1,905.5,2011-08-15 14:32:00,45,Other,116,905.5,1,0,0.7666666666666667,3665.4422788605693,Mid CLV,High Risk,MONITOR: no action needed yet
15482,16,12,11054.96,2010-12-16 10:08:00,46,United Kingdom,359,921.2466666666666,0,3,0.03666666666666667,22171.507520891362,High CLV,Low Risk,REWARD: early access / loyalty perks (already staying)
15483,161,4,233.81,2011-03-18 12:26:00,74,United Kingdom,267,58.4525,1,1,0.48333333333333334,630.4988764044944,Low CLV,Medium Risk,MONITOR: no action needed yet
15484,1,4,3594.31,2011-09-22 13:31:00,135,United Kingdom,78,898.5775,0,0,0.0,33178.24615384615,High CLV,,MONITOR: no action needed yet
15485,30,3,2575.0,2010-12-01 13:23:00,59,United Kingdom,373,858.3333333333334,0,0,0.20333333333333334,4970.509383378016,High CLV,Low Risk,REWARD: early access / loyalty perks (already staying)
15488,93,1,91.32000000000001,2011-09-08 10:11:00,2,United Kingdom,93,91.32000000000001,1,0,0.9233333333333333,382.8484919063701,Low CLV,High Risk,"DO NOT INVEST: low value, unlikely to be saved profitably"
15489,23,3,1134.28,2011-05-12 12:54:00,47,United Kingdom,211,378.0933333333333,0,0,0.03333333333333333,3870.528909952606,Mid CLV,Low Risk,MONITOR: no action needed yet
15491,95,6,3100.09,2011-04-18 10:04:00,108,United Kingdom,236,516.6816666666667,1,0,0.6866666666666666,6886.821622511108,High CLV,High Risk,PRIORITIZE: proactive retention offer
15492,28,2,659.4599999999999,2011-09-26 14:02:00,32,United Kingdom,74,329.72999999999996,0,0,0.0033333333333333335,6416.367567567566,High CLV,Low Risk,REWARD: early access / loyalty perks (already staying)
15493,33,5,2001.8,2011-03-14 11:44:00,177,United Kingdom,271,400.36,0,0,0.04666666666666667,5318.435424354244,High CLV,Low Risk,REWARD: early access / loyalty perks (already staying)
15494,21,2,1299.23,2011-08-10 15:29:00,120,United Kingdom,121,649.615,0,0,0.17666666666666667,7730.955371900827,High CLV,Low Risk,REWARD: early access / loyalty perks (already staying)
15497,18,2,1262.2,2011-01-24 10:01:00,13,United Kingdom,320,631.1,0,0,0.67,2119.365671641791,Mid CLV,High Risk,MONITOR: no action needed yet
15498,3,27,13316.4,2010-12-08 12:29:00,360,United Kingdom,367,493.2,0,3,0.0,26124.817438692102,High CLV,,MONITOR: no action needed yet
15500,8,4,1131.56,2011-09-19 13:47:00,64,United Kingdom,81,282.89,0,0,0.01,10058.31111111111,High CLV,Low Risk,REWARD: early access / loyalty perks (already staying)
15502,16,12,10384.93,2010-12-05 15:40:00,164,United Kingdom,369,865.4108333333334,0,3,0.013333333333333334,20263.278048780485,High CLV,Low Risk,REWARD: early access / loyalty perks (already staying)
15503,363,1,147.09,2010-12-12 10:57:00,66,United Kingdom,363,147.09,1,1,0.9433333333333334,154.6371521186812,Low CLV,High Risk,"DO NOT INVEST: low value, unlikely to be saved profitably"
15504,81,1,52.83,2011-09-19 13:45:00,13,United Kingdom,81,52.83,0,0,0.013333333333333334,469.6,Low CLV,Low Risk,MONITOR: no action needed yet
15505,53,5,3610.96,2011-07-07 13:33:00,90,United Kingdom,155,722.192,0,0,0.02666666666666667,16773.491612903224,High CLV,Low Risk,REWARD: early access / loyalty perks (already staying)
15506,23,3,979.26,2011-07-24 11:45:00,121,United Kingdom,139,326.42,0,0,0.01,5072.425899280575,High CLV,Low Risk,REWARD: early access / loyalty perks (already staying)
15507,172,1,492.36,2011-06-21 11:19:00,41,United Kingdom,172,492.36,1,1,0.9833333333333333,1047.9873866771777,Low CLV,High Risk,"DO NOT INVEST: low value, unlikely to be saved profitably"
15508,189,6,1000.27,2011-04-18 15:31:00,78,United Kingdom,235,166.71166666666667,1,1,0.6766666666666666,2264.5248925689134,Mid CLV,High Risk,MONITOR: no action needed yet
15510,331,1,250.0,2011-01-13 12:10:00,1,United Kingdom,331,250.0,1,1,0.9966666666666667,272.81269892592627,Low CLV,High Risk,"DO NOT INVEST: low value, unlikely to be saved profitably"
15511,12,5,909.23,2011-09-15 15:05:00,117,United Kingdom,85,181.846,0,0,0.0,7701.71294117647,High CLV,,MONITOR: no action needed yet
15512,156,2,121.0,2010-12-15 12:01:00,7,United Kingdom,360,60.5,1,1,0.6966666666666667,173.68421052631578,Low CLV,High Risk,"DO NOT INVEST: low value, unlikely to be saved profitably"
15513,33,19,14758.220000000001,2010-12-01 11:22:00,183,United Kingdom,374,776.7484210526317,0,3,0.013333333333333334,28411.546524064175,High CLV,Low Risk,REWARD: early access / loyalty perks (already staying)
15514,12,11,4139.46,2010-12-10 13:50:00,96,United Kingdom,364,376.31454545454545,0,0,0.0,8187.942857142857,High CLV,,MONITOR: no action needed yet
15516,45,3,62.43,2011-10-24 11:33:00,15,United Kingdom,47,20.81,0,0,0.013333333333333334,956.3744680851064,Low CLV,Low Risk,MONITOR: no action needed yet
15517,233,1,267.03,2011-04-20 14:02:00,27,United Kingdom,233,267.03,1,1,0.9966666666666667,413.95840211290846,Low CLV,High Risk,"DO NOT INVEST: low value, unlikely to be saved profitably"
15518,64,8,1942.45,2011-01-11 12:55:00,135,United Kingdom,332,242.80625,0,0,0.18333333333333332,4212.5421686746995,Mid CLV,Low Risk,MONITOR: no action needed yet
15520,2,1,343.5,2011-12-08 10:58:00,18,United Kingdom,2,343.5,0,0,0.0,8244.0,High CLV,,MONITOR: no action needed yet
15521,40,8,3000.2,2011-03-30 09:15:00,116,United Kingdom,255,375.025,0,0,0.06333333333333334,8471.15294117647,High CLV,Low Risk,REWARD: early access / loyalty perks (already staying)
15522,33,2,398.84,2011-09-13 12:26:00,47,United Kingdom,88,199.42,0,0,0.0,3263.2363636363634,Mid CLV,,MONITOR: no action needed yet
15523,84,1,412.01000000000005,2011-09-16 16:29:00,10,United Kingdom,84,412.01000000000005,0,0,0.0033333333333333335,3531.5142857142864,Mid CLV,Low Risk,MONITOR: no action needed yet
15524,25,1,440.0,2011-11-15 12:09:00,1,United Kingdom,25,440.0,0,0,0.01,10560.0,High CLV,Low Risk,REWARD: early access / loyalty perks (already staying)
15525,2,3,825.92,2010-12-01 13:17:00,133,United Kingdom,373,275.3066666666667,0,0,0.14333333333333334,1594.2691689008043,Mid CLV,Low Risk,MONITOR: no action needed yet
15526,33,2,148.44,2011-11-06 15:01:00,4,United Kingdom,33,74.22,0,0,0.013333333333333334,3238.690909090909,Mid CLV,Low Risk,MONITOR: no action needed yet
15527,19,8,2429.78,2010-12-20 14:15:00,127,United Kingdom,354,303.7225,0,0,0.043333333333333335,4941.925423728813,High CLV,Low Risk,REWARD: early access / loyalty perks (already staying)
15528,254,1,229.33,2011-03-30 16:14:00,26,United Kingdom,254,229.33,1,1,0.9933333333333333,327.21608624425306,Low CLV,High Risk,"DO NOT INVEST: low value, unlikely to be saved profitably"
15529,23,11,3995.23,2010-12-08 12:24:00,415,United Kingdom,367,363.20272727272726,0,0,0.0033333333333333335,7838.05340599455,High CLV,Low Risk,REWARD: early access / loyalty perks (already staying)
15530,22,4,1502.35,2011-04-07 11:16:00,90,United Kingdom,247,375.5875,0,0,0.04666666666666667,4379.319838056681,Mid CLV,Low Risk,MONITOR: no action needed yet
15531,8,2,2007.44,2011-11-09 17:47:00,196,United Kingdom,30,1003.72,0,0,0.013333333333333334,48178.56,High CLV,Low Risk,REWARD: early access / loyalty perks (already staying)
15532,25,4,1580.93,2010-12-16 16:45:00,205,United Kingdom,358,395.2325,0,0,0.08,3179.524022346369,Mid CLV,Low Risk,MONITOR: no action needed yet
15533,19,3,807.57,2011-09-11 15:41:00,73,United Kingdom,89,269.19,0,0,0.0,6533.150561797753,High CLV,,MONITOR: no action needed yet
15535,173,4,536.4,2011-01-16 12:35:00,55,United Kingdom,328,134.1,1,1,0.8166666666666667,720.8959681433549,Low CLV,High Risk,"DO NOT INVEST: low value, unlikely to be saved profitably"
15537,163,1,110.92,2011-06-29 13:10:00,24,United Kingdom,163,110.92,1,1,0.99,247.45119910764083,Low CLV,High Risk,"DO NOT INVEST: low value, unlikely to be saved profitably"
15539,7,1,538.46,2011-12-02 13:36:00,41,United Kingdom,7,538.46,0,0,0.0033333333333333335,12923.04,High CLV,Low Risk,REWARD: early access / loyalty perks (already staying)
15540,11,1,213.3,2011-11-28 13:51:00,15,United Kingdom,11,213.3,0,0,0.0,5119.200000000001,High CLV,,MONITOR: no action needed yet
15541,114,1,85.13000000000001,2011-08-17 14:58:00,29,United Kingdom,114,85.13000000000001,1,0,0.98,274.3179377013964,Low CLV,High Risk,"DO NOT INVEST: low value, unlikely to be saved profitably"
15543,288,1,127.86,2011-02-24 15:26:00,26,United Kingdom,288,127.86,1,1,0.9966666666666667,160.35953177257522,Low CLV,High Risk,"DO NOT INVEST: low value, unlikely to be saved profitably"
15544,9,9,3546.71,2010-12-02 12:47:00,122,United Kingdom,373,394.0788888888889,0,0,0.02,6846.196246648793,High CLV,Low Risk,REWARD: early access / loyalty perks (already staying)
15545,54,2,292.71999999999997,2010-12-03 17:28:00,78,United Kingdom,371,146.35999999999999,0,0,0.23333333333333334,568.0819407008086,Low CLV,Low Risk,MONITOR: no action needed yet
15547,7,14,4954.84,2010-12-12 13:26:00,441,United Kingdom,362,353.9171428571429,0,3,0.0,9854.930386740332,High CLV,,MONITOR: no action needed yet
15549,77,3,1693.26,2011-01-27 15:38:00,104,United Kingdom,316,564.42,0,0,0.19333333333333333,3858.060759493671,Mid CLV,Low Risk,MONITOR: no action needed yet
15550,4,4,575.63,2011-02-11 12:49:00,43,United Kingdom,302,143.9075,0,0,0.13666666666666666,1372.3629139072848,Low CLV,Low Risk,MONITOR: no action needed yet
15551,37,1,436.06,2011-11-03 12:37:00,29,United Kingdom,37,436.06,0,0,0.0033333333333333335,8485.491891891892,High CLV,Low Risk,REWARD: early access / loyalty perks (already staying)
15552,217,1,90.12,2011-05-06 14:47:00,17,United Kingdom,217,90.12,1,1,0.9933333333333333,150.51124238394212,Low CLV,High Risk,"DO NOT INVEST: low value, unlikely to be saved profitably"
15553,60,1,437.23,2011-10-10 14:02:00,51,United Kingdom,60,437.23,0,0,0.0,5246.76,High CLV,,MONITOR: no action needed yet
15554,278,1,217.2,2011-03-07 09:00:00,14,United Kingdom,278,217.2,1,1,1.0,281.2661870503597,Low CLV,High Risk,"DO NOT INVEST: low value, unlikely to be saved profitably"
15555,12,16,4805.17,2010-12-05 14:45:00,401,United Kingdom,369,300.323125,0,3,0.0,9375.941463414634,High CLV,,MONITOR: no action needed yet
15556,24,1,279.77,2011-11-15 16:08:00,31,United Kingdom,24,279.77,0,0,0.0,6714.48,High CLV,,MONITOR: no action needed yet
15557,29,1,473.65000000000003,2011-11-11 12:46:00,16,United Kingdom,29,473.65000000000003,0,0,0.006666666666666667,11367.6,High CLV,Low Risk,REWARD: early access / loyalty perks (already staying)
15561,12,4,800.59,2011-05-08 11:38:00,27,United Kingdom,216,200.1475,0,0,0.03333333333333333,2668.633333333333,Mid CLV,Low Risk,MONITOR: no action needed yet
15562,352,1,134.55,2010-12-23 09:55:00,1,United Kingdom,352,134.55,1,1,0.9966666666666667,138.0681818181818,Low CLV,High Risk,"DO NOT INVEST: low value, unlikely to be saved profitably"
15563,22,4,1400.44,2010-12-16 11:27:00,88,United Kingdom,359,350.11,0,0,0.056666666666666664,2808.681894150418,Mid CLV,Low Risk,MONITOR: no action needed yet
15565,50,2,173.16,2011-09-30 10:44:00,8,United Kingdom,71,86.58,0,0,0.006666666666666667,1755.9887323943663,Mid CLV,Low Risk,MONITOR: no action needed yet
15567,19,1,186.01,2011-11-21 10:48:00,7,United Kingdom,19,186.01,0,0,0.0033333333333333335,4464.24,Mid CLV,Low Risk,MONITOR: no action needed yet
15568,3,3,758.29,2011-09-27 14:37:00,27,United Kingdom,73,252.76333333333332,0,0,0.01,7479.024657534246,High CLV,Low Risk,REWARD: early access / loyalty perks (already staying)
15569,104,5,1375.71,2011-01-11 13:26:00,27,United Kingdom,332,275.142,1,0,0.6566666666666666,2271.675738486943,Mid CLV,High Risk,MONITOR: no action needed yet
15570,7,12,4165.52,2010-12-05 12:57:00,231,United Kingdom,369,347.1266666666667,0,0,0.0,8127.8439024390245,High CLV,,MONITOR: no action needed yet
15571,12,4,650.4300000000001,2011-09-22 13:15:00,47,United Kingdom,78,162.60750000000002,0,0,0.01,6003.969230769231,High CLV,Low Risk,REWARD: early access / loyalty perks (already staying)
15572,5,7,2552.86,2011-03-06 14:44:00,166,United Kingdom,278,364.69428571428574,0,0,0.01,6611.723741007194,High CLV,Low Risk,REWARD: early access / loyalty perks (already staying)
15573,32,2,607.45,2011-09-15 12:16:00,88,United Kingdom,86,303.725,0,0,0.02666666666666667,5085.627906976744,High CLV,Low Risk,REWARD: early access / loyalty perks (already staying)
15574,178,4,702.25,2010-12-02 15:46:00,131,United Kingdom,372,175.5625,1,1,0.6633333333333333,1024.517750040525,Low CLV,High Risk,"DO NOT INVEST: low value, unlikely to be saved profitably"
15576,38,1,940.6700000000001,2011-11-02 12:03:00,43,United Kingdom,38,940.6700000000001,0,0,0.0,17823.221052631583,High CLV,,MONITOR: no action needed yet
15577,151,3,258.88,2011-02-07 13:32:00,39,United Kingdom,305,86.29333333333334,1,1,0.81,377.23861566484516,Low CLV,High Risk,"DO NOT INVEST: low value, unlikely to be saved profitably"
15578,162,1,127.1,2011-06-30 13:03:00,13,United Kingdom,162,127.1,1,1,0.9966666666666667,283.38907469342246,Low CLV,High Risk,"DO NOT INVEST: low value, unlikely to be saved profitably"
15579,69,2,348.6,2011-01-30 12:09:00,45,United Kingdom,314,174.3,0,0,0.16333333333333333,799.3375796178345,Low CLV,Low Risk,MONITOR: no action needed yet
15581,121,13,3679.9700000000003,2010-12-08 14:38:00,134,United Kingdom,366,283.0746153846154,1,0,0.67,5402.451676046,High CLV,High Risk,PRIORITIZE: proactive retention offer
15582,25,3,682.9100000000001,2011-05-03 13:36:00,39,United Kingdom,220,227.63666666666668,0,0,0.043333333333333335,2234.9781818181823,Mid CLV,Low Risk,MONITOR: no action needed yet
15584,24,4,725.11,2011-06-30 16:39:00,89,United Kingdom,162,181.2775,0,0,0.0,3222.7111111111108,Mid CLV,,MONITOR: no action needed yet
15585,177,1,455.3,2011-06-16 08:38:00,31,United Kingdom,177,455.3,1,1,1.0,926.0338983050847,Low CLV,High Risk,"DO NOT INVEST: low value, unlikely to be saved profitably"
15587,50,4,913.6800000000001,2010-12-23 09:59:00,3,United Kingdom,352,228.42000000000002,0,0,0.43666666666666665,1868.8909090909092,Mid CLV,Medium Risk,MONITOR: no action needed yet
15589,256,3,478.53000000000003,2011-02-02 10:46:00,28,United Kingdom,311,159.51000000000002,1,1,0.85,651.6769434461887,Low CLV,High Risk,"DO NOT INVEST: low value, unlikely to be saved profitably"
15592,47,1,388.58,2011-10-24 08:59:00,24,United Kingdom,47,388.58,0,0,0.006666666666666667,5952.7148936170215,High CLV,Low Risk,REWARD: early access / loyalty perks (already staying)
15593,71,1,199.8,2011-09-30 11:46:00,5,United Kingdom,71,199.8,0,0,0.0033333333333333335,2026.1408450704228,Mid CLV,Low Risk,MONITOR: no action needed yet
15594,16,5,1771.78,2011-04-19 10:08:00,85,United Kingdom,235,354.356,0,0,0.016666666666666666,5428.432340425532,High CLV,Low Risk,REWARD: early access / loyalty perks (already staying)
15596,101,5,1406.59,2010-12-09 16:10:00,51,United Kingdom,365,281.318,1,0,0.63,2202.0978473581213,Mid CLV,High Risk,MONITOR: no action needed yet
15597,35,1,324.57,2011-11-04 13:26:00,22,United Kingdom,35,324.57,0,0,0.0,6676.868571428571,High CLV,,MONITOR: no action needed yet
15598,53,1,240.68,2011-10-17 16:04:00,14,United Kingdom,53,240.68,0,0,0.0,3269.6150943396233,Mid CLV,,MONITOR: no action needed yet
15599,27,2,761.74,2011-05-19 13:05:00,50,United Kingdom,204,380.87,0,0,0.32666666666666666,2688.4941176470593,Mid CLV,Medium Risk,MONITOR: no action needed yet
15601,11,14,6776.56,2010-12-02 10:39:00,230,United Kingdom,373,484.04,0,3,0.0,13080.759249329758,High CLV,,MONITOR: no action needed yet
15602,8,9,1297.8700000000001,2010-12-06 15:35:00,30,United Kingdom,368,144.20777777777778,0,0,0.02666666666666667,2539.310869565217,Mid CLV,Low Risk,MONITOR: no action needed yet
15603,79,1,48.480000000000004,2011-09-22 10:04:00,2,United Kingdom,79,48.480000000000004,0,0,0.01,441.8430379746836,Low CLV,Low Risk,MONITOR: no action needed yet
15604,52,1,216.39,2011-10-18 14:47:00,17,United Kingdom,52,216.39,0,0,0.0,2996.1692307692306,Mid CLV,,MONITOR: no action needed yet
15605,36,5,1198.23,2010-12-01 13:38:00,61,United Kingdom,373,239.64600000000002,0,0,0.23,2312.9372654155495,Mid CLV,Low Risk,MONITOR: no action needed yet
15606,61,9,2920.16,2011-01-19 12:07:00,48,United Kingdom,325,324.4622222222222,0,0,0.04666666666666667,6469.277538461538,High CLV,Low Risk,REWARD: early access / loyalty perks (already staying)
15607,337,1,104.76,2011-01-07 12:44:00,13,United Kingdom,337,104.76,1,1,0.9966666666666667,112.28407252662188,Low CLV,High Risk,"DO NOT INVEST: low value, unlikely to be saved profitably"
15608,28,4,1093.68,2011-08-11 09:56:00,59,United Kingdom,121,273.42,0,0,0.01,6507.847933884297,High CLV,Low Risk,REWARD: early access / loyalty perks (already staying)
15609,184,1,298.48,2011-06-08 13:00:00,16,United Kingdom,184,298.48,1,1,1.0,583.9826086956522,Low CLV,High Risk,"DO NOT INVEST: low value, unlikely to be saved profitably"
15610,52,1,112.46000000000001,2011-10-19 10:36:00,6,United Kingdom,52,112.46000000000001,0,0,0.0,1557.1384615384616,Mid CLV,,MONITOR: no action needed yet
15611,10,13,1591.45,2011-01-09 11:32:00,23,United Kingdom,335,122.41923076923078,0,0,0.02,3420.429850746269,Mid CLV,Low Risk,MONITOR: no action needed yet
15612,36,2,195.15,2011-10-09 12:49:00,4,United Kingdom,62,97.575,0,0,0.03333333333333333,2266.258064516129,Mid CLV,Low Risk,MONITOR: no action needed yet
15615,10,23,10399.74,2010-12-15 16:21:00,184,United Kingdom,359,452.1626086956522,0,3,0.0033333333333333335,20857.417270194986,High CLV,Low Risk,REWARD: early access / loyalty perks (already staying)
15618,33,4,776.851,2011-07-26 10:13:00,39,United Kingdom,137,194.21275,0,0,0.04,4082.7205839416056,Mid CLV,Low Risk,MONITOR: no action needed yet
15619,11,1,336.40000000000003,2011-11-29 08:14:00,3,United Kingdom,11,336.40000000000003,0,0,0.01,8073.6,High CLV,Low Risk,REWARD: early access / loyalty perks (already staying)
15620,57,3,1553.18,2010-12-16 14:34:00,92,United Kingdom,358,517.7266666666667,0,0,0.11,3123.7139664804467,Mid CLV,Low Risk,MONITOR: no action needed yet
15621,4,4,1293.03,2011-11-18 11:49:00,11,United Kingdom,22,323.2575,0,0,0.0,31032.72,High CLV,,MONITOR: no action needed yet
15622,43,9,3709.56,2011-03-02 13:42:00,169,United Kingdom,282,412.17333333333335,0,0,0.03333333333333333,9471.217021276596,High CLV,Low Risk,REWARD: early access / loyalty perks (already staying)
15623,141,1,301.03,2011-07-21 17:26:00,19,United Kingdom,141,301.03,1,0,1.0,768.5872340425531,Low CLV,High Risk,"DO NOT INVEST: low value, unlikely to be saved profitably"
15624,117,4,588.13,2011-03-28 13:32:00,26,United Kingdom,256,147.0325,1,0,0.7033333333333334,1175.9115817535546,Low CLV,High Risk,"DO NOT INVEST: low value, unlikely to be saved profitably"
15625,104,4,1534.26,2011-04-18 14:01:00,44,United Kingdom,235,383.565,1,0,0.7966666666666666,2950.2373364194787,Mid CLV,High Risk,MONITOR: no action needed yet
15626,75,2,675.8,2011-01-14 10:10:00,49,United Kingdom,330,337.9,0,0,0.18666666666666668,1474.472727272727,Low CLV,Low Risk,MONITOR: no action needed yet
15628,5,9,2870.2400000000002,2010-12-08 09:51:00,85,United Kingdom,367,318.91555555555556,0,0,0.02,5630.988555858312,High CLV,Low Risk,REWARD: early access / loyalty perks (already staying)
15630,45,2,1186.35,2011-05-19 10:16:00,57,United Kingdom,205,593.175,0,0,0.26,4166.692682926829,Mid CLV,Low Risk,MONITOR: no action needed yet
15632,16,8,3285.31,2011-03-10 08:29:00,107,United Kingdom,275,410.66375,0,0,0.01,8601.538909090908,High CLV,Low Risk,REWARD: early access / loyalty perks (already staying)
15634,17,1,243.55,2011-11-22 16:28:00,15,United Kingdom,17,243.55,0,0,0.0,5845.200000000001,High CLV,,MONITOR: no action needed yet
15636,90,2,724.76,2011-03-02 14:50:00,20,United Kingdom,282,362.38,0,0,0.31333333333333335,1850.451063829787,Mid CLV,Medium Risk,MONITOR: no action needed yet
15637,53,1,223.36,2011-10-18 08:28:00,15,United Kingdom,53,223.36,0,0,0.0,3034.324528301887,Mid CLV,,MONITOR: no action needed yet
15639,134,1,425.32,2011-07-28 14:30:00,25,United Kingdom,134,425.32,1,0,0.9966666666666667,1146.472320670893,Low CLV,High Risk,"DO NOT INVEST: low value, unlikely to be saved profitably"
15640,4,15,12515.66,2010-12-02 15:40:00,240,United Kingdom,372,834.3773333333334,0,3,0.0033333333333333335,24223.858064516127,High CLV,Low Risk,REWARD: early access / loyalty perks (already staying)
15641,105,4,1887.2,2010-12-15 14:45:00,102,United Kingdom,359,471.8,1,0,0.7166666666666667,2640.6374295523738,Mid CLV,High Risk,MONITOR: no action needed yet
15643,192,3,664.0,2011-03-02 14:34:00,31,United Kingdom,282,221.33333333333334,1,1,0.7833333333333333,1082.1186057039383,Low CLV,High Risk,"DO NOT INVEST: low value, unlikely to be saved profitably"
15644,166,4,813.0,2011-03-23 15:37:00,166,United Kingdom,261,203.25,1,1,0.6266666666666667,1789.4350696991928,Mid CLV,High Risk,MONITOR: no action needed yet
15645,19,1,612.01,2011-11-21 11:55:00,50,United Kingdom,19,612.01,0,0,0.0033333333333333335,14688.24,High CLV,Low Risk,REWARD: early access / loyalty perks (already staying)
15646,158,3,447.64000000000004,2010-12-02 16:59:00,35,United Kingdom,372,149.21333333333334,1,1,0.6933333333333334,624.8076923076923,Low CLV,High Risk,"DO NOT INVEST: low value, unlikely to be saved profitably"
15648,204,2,657.35,2011-03-17 18:59:00,23,United Kingdom,267,328.675,1,1,0.8066666666666666,1098.7371157953385,Low CLV,High Risk,"DO NOT INVEST: low value, unlikely to be saved profitably"
15649,336,2,816.0,2010-12-07 10:06:00,1,United Kingdom,368,408.0,1,1,0.9333333333333333,855.27950310559,Low CLV,High Risk,"DO NOT INVEST: low value, unlikely to be saved profitably"
15651,37,3,646.3,2011-03-24 08:56:00,27,United Kingdom,261,215.4333333333333,0,0,0.24,1782.8965517241381,Mid CLV,Low Risk,MONITOR: no action needed yet
15652,91,1,337.74,2011-09-09 14:22:00,21,United Kingdom,91,337.74,1,0,0.01,2672.2285714285717,Mid CLV,Low Risk,MONITOR: no action needed yet
15653,93,2,877.4399999999999,2011-08-16 09:50:00,4,United Kingdom,116,438.71999999999997,1,0,0.79,3446.9489305979914,Mid CLV,High Risk,MONITOR: no action needed yet
15654,9,2,922.53,2011-11-13 15:15:00,15,United Kingdom,26,461.265,0,0,0.006666666666666667,22140.72,High CLV,Low Risk,REWARD: early access / loyalty perks (already staying)
15655,243,1,560.67,2011-04-10 15:25:00,34,United Kingdom,243,560.67,1,1,0.99,839.0123456790124,Low CLV,High Risk,"DO NOT INVEST: low value, unlikely to be saved profitably"
15656,45,4,748.5,2011-02-28 15:32:00,46,United Kingdom,284,187.125,0,0,0.08,1897.605633802817,Mid CLV,Low Risk,MONITOR: no action needed yet
15657,23,1,30.0,2011-11-17 12:19:00,1,United Kingdom,23,30.0,0,0,0.02,720.0,Low CLV,Low Risk,MONITOR: no action needed yet
15658,190,5,1024.1000000000001,2010-12-02 10:53:00,40,United Kingdom,373,204.82000000000002,1,1,0.44333333333333336,1976.815013404826,Mid CLV,Medium Risk,MONITOR: no action needed yet
15659,44,1,306.45,2011-10-27 09:23:00,11,United Kingdom,44,306.45,0,0,0.0,5014.636363636364,High CLV,,MONITOR: no action needed yet
15660,25,9,1600.86,2010-12-09 09:49:00,55,United Kingdom,366,177.87333333333333,0,0,0.013333333333333334,3149.2327868852453,Mid CLV,Low Risk,MONITOR: no action needed yet
15661,317,2,309.8,2011-01-05 12:32:00,4,United Kingdom,339,154.9,1,1,0.6166666666666667,533.4991628796937,Low CLV,High Risk,"DO NOT INVEST: low value, unlikely to be saved profitably"
15663,106,1,138.14,2011-08-25 15:50:00,9,United Kingdom,106,138.14,1,0,0.9966666666666667,470.72379630213914,Low CLV,High Risk,"DO NOT INVEST: low value, unlikely to be saved profitably"
15664,51,1,386.43,2011-10-20 10:57:00,17,United Kingdom,51,386.43,0,0,0.006666666666666667,5455.482352941177,High CLV,Low Risk,REWARD: early access / loyalty perks (already staying)
15665,168,2,2242.01,2011-04-10 15:09:00,92,United Kingdom,243,1121.005,1,1,0.7433333333333333,4468.38066766318,Mid CLV,High Risk,MONITOR: no action needed yet
15667,40,1,301.32,2011-10-31 10:56:00,13,United Kingdom,40,301.32,0,0,0.0033333333333333335,5423.76,High CLV,Low Risk,REWARD: early access / loyalty perks (already staying)
15668,218,1,76.32000000000001,2011-05-06 10:39:00,1,United Kingdom,218,76.32000000000001,1,1,1.0,126.03302752293578,Low CLV,High Risk,"DO NOT INVEST: low value, unlikely to be saved profitably"
15669,40,4,684.34,2011-03-21 09:13:00,31,United Kingdom,264,171.085,0,0,0.11,1866.3818181818183,Mid CLV,Low Risk,MONITOR: no action needed yet
15670,297,1,173.05,2011-02-16 10:50:00,12,United Kingdom,297,173.05,1,1,0.9933333333333333,211.16534472239172,Low CLV,High Risk,"DO NOT INVEST: low value, unlikely to be saved profitably"
15671,19,7,2657.13,2011-03-14 09:37:00,52,United Kingdom,271,379.59000000000003,0,0,0.01,7059.533579335794,High CLV,Low Risk,REWARD: early access / loyalty perks (already staying)
15673,88,4,2881.02,2011-01-16 16:25:00,107,United Kingdom,327,720.255,0,0,0.06666666666666667,6343.530275229357,High CLV,Low Risk,REWARD: early access / loyalty perks (already staying)
15674,73,5,2446.6,2011-03-30 09:19:00,88,United Kingdom,255,489.32,0,0,0.013333333333333334,6908.047058823529,High CLV,Low Risk,REWARD: early access / loyalty perks (already staying)
15675,81,3,323.69,2011-03-04 14:21:00,20,United Kingdom,280,107.89666666666666,0,0,0.16666666666666666,832.3457142857143,Low CLV,Low Risk,MONITOR: no action needed yet
15676,19,3,3435.76,2011-03-01 10:19:00,191,United Kingdom,284,1145.2533333333333,0,0,0.03333333333333333,8710.377464788733,High CLV,Low Risk,REWARD: early access / loyalty perks (already staying)
15677,49,1,657.23,2011-10-21 15:36:00,33,United Kingdom,49,657.23,0,0,0.013333333333333334,9657.257142857143,High CLV,Low Risk,REWARD: early access / loyalty perks (already staying)
15678,53,1,352.7,2011-10-18 09:25:00,12,United Kingdom,53,352.7,0,0,0.0,4791.396226415094,Mid CLV,,MONITOR: no action needed yet
15679,24,4,781.28,2011-06-10 08:24:00,98,United Kingdom,183,195.32,0,0,0.006666666666666667,3073.8885245901643,Mid CLV,Low Risk,MONITOR: no action needed yet
15680,9,3,1333.68,2010-12-08 14:43:00,61,United Kingdom,366,444.56,0,0,0.15666666666666668,2623.632786885246,Mid CLV,Low Risk,MONITOR: no action needed yet
15681,25,5,1426.16,2011-03-04 13:46:00,32,United Kingdom,280,285.232,0,0,0.08,3667.2685714285712,Mid CLV,Low Risk,MONITOR: no action needed yet
15683,117,1,193.75,2011-08-14 12:56:00,10,United Kingdom,117,193.75,1,0,1.0,596.1538461538462,Low CLV,High Risk,"DO NOT INVEST: low value, unlikely to be saved profitably"
15687,9,9,2993.1,2011-01-13 15:13:00,119,United Kingdom,330,332.56666666666666,0,0,0.34,6530.4,High CLV,Medium Risk,PRIORITIZE: proactive retention offer
15689,120,2,254.1,2010-12-13 09:57:00,8,United Kingdom,362,127.05,1,0,0.8833333333333333,286.0710935056812,Low CLV,High Risk,"DO NOT INVEST: low value, unlikely to be saved profitably"
15690,4,2,239.76,2011-08-31 11:40:00,19,United Kingdom,101,119.88,0,0,0.13333333333333333,1709.180198019802,Mid CLV,Low Risk,MONITOR: no action needed yet
15691,252,1,136.8,2011-04-01 15:13:00,2,United Kingdom,252,136.8,1,1,0.9866666666666667,198.06949806949805,Low CLV,High Risk,"DO NOT INVEST: low value, unlikely to be saved profitably"
15692,28,1,191.04,2011-11-11 14:12:00,12,United Kingdom,28,191.04,0,0,0.0,4584.96,Mid CLV,,MONITOR: no action needed yet
15694,1,14,6479.4,2010-12-02 07:49:00,42,United Kingdom,373,462.8142857142857,0,3,0.0033333333333333335,12507.152815013404,High CLV,Low Risk,REWARD: early access / loyalty perks (already staying)
15695,267,2,409.98,2011-03-18 08:31:00,22,United Kingdom,267,204.99,1,1,0.8233333333333334,671.3951689942229,Low CLV,High Risk,"DO NOT INVEST: low value, unlikely to be saved profitably"
15696,33,8,2736.46,2011-01-17 11:24:00,140,United Kingdom,327,342.0575,0,0,0.043333333333333335,6025.233027522936,High CLV,Low Risk,REWARD: early access / loyalty perks (already staying)
15699,18,1,309.65,2011-11-22 08:26:00,18,United Kingdom,18,309.65,0,0,0.0033333333333333335,7431.599999999999,High CLV,Low Risk,REWARD: early access / loyalty perks (already staying)
15700,172,2,696.68,2011-06-19 15:36:00,85,United Kingdom,173,348.34,1,1,0.71,2041.8855328502807,Mid CLV,High Risk,MONITOR: no action needed yet
15701,2,4,1542.14,2011-08-21 12:36:00,193,United Kingdom,111,385.535,0,0,0.023333333333333334,10003.070270270271,High CLV,Low Risk,REWARD: early access / loyalty perks (already staying)
15703,265,1,211.5,2011-03-20 10:51:00,5,United Kingdom,265,211.5,1,1,0.9966666666666667,288.28169369596765,Low CLV,High Risk,"DO NOT INVEST: low value, unlikely to be saved profitably"
15704,140,4,2293.62,2011-05-08 12:42:00,79,United Kingdom,216,573.405,1,0,0.6766666666666666,5649.310344827587,High CLV,High Risk,PRIORITIZE: proactive retention offer
15705,201,1,143.1,2011-05-22 15:37:00,6,United Kingdom,201,143.1,1,1,0.9966666666666667,257.15569310637443,Low CLV,High Risk,"DO NOT INVEST: low value, unlikely to be saved profitably"
15706,64,4,1060.56,2011-08-15 14:32:00,50,United Kingdom,116,265.14,0,0,0.016666666666666666,6582.786206896551,High CLV,Low Risk,REWARD: early access / loyalty perks (already staying)
15707,35,4,945.58,2011-09-14 14:19:00,126,United Kingdom,86,236.395,0,0,0.006666666666666667,7916.483720930232,High CLV,Low Risk,REWARD: early access / loyalty perks (already staying)
15708,41,7,3364.2400000000002,2010-12-05 11:12:00,124,United Kingdom,370,480.6057142857143,0,0,0.0033333333333333335,6546.629189189189,High CLV,Low Risk,REWARD: early access / loyalty perks (already staying)
15709,284,1,133.25,2011-03-01 10:38:00,6,United Kingdom,284,133.25,1,1,1.0,168.90845070422534,Low CLV,High Risk,"DO NOT INVEST: low value, unlikely to be saved profitably"
15712,9,5,1072.3600000000001,2011-02-25 11:32:00,41,United Kingdom,288,214.47200000000004,0,0,0.05,2680.9000000000005,Mid CLV,Low Risk,MONITOR: no action needed yet
15713,143,2,356.7,2010-12-08 15:16:00,18,United Kingdom,366,178.35,1,0,0.92,381.3613684960798,Low CLV,High Risk,"DO NOT INVEST: low value, unlikely to be saved profitably"
15714,12,2,330.88,2011-09-23 11:25:00,34,United Kingdom,78,165.44,0,0,0.01,3054.2769230769227,Mid CLV,Low Risk,MONITOR: no action needed yet
15716,146,4,1118.81,2010-12-05 12:26:00,101,United Kingdom,370,279.7025,1,0,0.6966666666666667,1562.5433854907535,Mid CLV,High Risk,MONITOR: no action needed yet
15717,234,1,150.3,2011-04-19 13:21:00,7,United Kingdom,234,150.3,1,1,0.9933333333333333,232.78265358802275,Low CLV,High Risk,"DO NOT INVEST: low value, unlikely to be saved profitably"
15719,33,13,5045.61,2011-01-06 12:31:00,299,United Kingdom,338,388.1238461538461,0,0,0.0,10748.044970414201,High CLV,,MONITOR: no action needed yet
15720,24,1,598.73,2011-11-15 14:48:00,128,United Kingdom,24,598.73,0,0,0.03666666666666667,14369.52,High CLV,Low Risk,REWARD: early access / loyalty perks (already staying)
15721,12,1,507.08,2011-11-28 12:14:00,80,United Kingdom,12,507.08,0,0,0.0,12169.92,High CLV,,MONITOR: no action needed yet
15722,36,5,2222.56,2011-02-22 12:24:00,45,United Kingdom,291,444.512,0,0,0.02,5499.117525773196,High CLV,Low Risk,REWARD: early access / loyalty perks (already staying)
15723,365,1,203.1,2010-12-10 11:12:00,37,United Kingdom,365,203.1,1,1,0.9966666666666667,200.98776744399137,Low CLV,High Risk,"DO NOT INVEST: low value, unlikely to be saved profitably"
15724,201,2,218.25,2011-02-28 10:40:00,11,United Kingdom,285,109.125,1,1,0.8133333333333334,338.9559965487489,Low CLV,High Risk,"DO NOT INVEST: low value, unlikely to be saved profitably"
15725,15,1,415.25,2011-11-24 14:51:00,32,United Kingdom,15,415.25,0,0,0.0,9966.0,High CLV,,MONITOR: no action needed yet
15727,17,7,5178.96,2010-12-15 15:47:00,213,United Kingdom,359,739.8514285714285,0,0,0.016666666666666666,10386.772144846796,High CLV,Low Risk,REWARD: early access / loyalty perks (already staying)
15729,213,1,85.0,2011-05-11 12:36:00,5,United Kingdom,213,85.0,1,1,0.9966666666666667,144.14244665316312,Low CLV,High Risk,"DO NOT INVEST: low value, unlikely to be saved profitably"
15730,66,3,1120.88,2011-05-17 12:43:00,68,United Kingdom,207,373.6266666666667,0,0,0.08666666666666667,3898.713043478261,Mid CLV,Low Risk,MONITOR: no action needed yet
15732,212,2,294.12,2010-12-02 15:00:00,13,United Kingdom,372,147.06,1,1,0.91,312.7827011697979,Low CLV,High Risk,"DO NOT INVEST: low value, unlikely to be saved profitably"
15733,283,1,162.3,2011-03-02 09:05:00,10,United Kingdom,283,162.3,1,1,1.0,206.4593639575972,Low CLV,High Risk,"DO NOT INVEST: low value, unlikely to be saved profitably"
15734,115,2,1339.45,2011-05-23 14:59:00,25,United Kingdom,200,669.725,1,0,0.83,2904.8313253012047,Mid CLV,High Risk,MONITOR: no action needed yet
15737,15,8,1205.1200000000001,2011-04-11 10:01:00,60,United Kingdom,243,150.64000000000001,0,0,0.056666666666666664,3570.7259259259263,Mid CLV,Low Risk,MONITOR: no action needed yet
15738,19,16,4812.42,2010-12-02 12:50:00,46,United Kingdom,373,300.77625,0,3,0.0033333333333333335,9289.38981233244,High CLV,Low Risk,REWARD: early access / loyalty perks (already staying)
15739,66,1,449.12,2011-10-04 13:42:00,8,United Kingdom,66,449.12,0,0,0.0033333333333333335,4899.490909090909,Mid CLV,Low Risk,MONITOR: no action needed yet
15740,49,1,154.88,2011-10-21 14:29:00,9,United Kingdom,49,154.88,0,0,0.016666666666666666,2275.787755102041,Mid CLV,Low Risk,MONITOR: no action needed yet
15743,16,4,784.46,2011-06-08 10:14:00,59,United Kingdom,185,196.115,0,0,0.016666666666666666,3053.0335135135138,Mid CLV,Low Risk,MONITOR: no action needed yet
15744,78,1,34.8,2011-09-23 09:52:00,3,United Kingdom,78,34.8,0,0,0.0033333333333333335,321.23076923076917,Low CLV,Low Risk,MONITOR: no action needed yet
15745,19,4,1094.59,2011-04-17 13:04:00,57,United Kingdom,236,273.6475,0,0,0.08333333333333333,3339.4271186440674,Mid CLV,Low Risk,MONITOR: no action needed yet
15746,134,1,196.88,2011-07-28 15:21:00,28,United Kingdom,134,196.88,1,0,0.9933333333333333,532.4812180707203,Low CLV,High Risk,"DO NOT INVEST: low value, unlikely to be saved profitably"
15747,13,3,974.04,2011-06-20 11:30:00,52,United Kingdom,173,324.68,0,0,0.006666666666666667,4053.8080924855485,Mid CLV,Low Risk,MONITOR: no action needed yet
15748,40,1,149.31,2011-10-30 12:51:00,19,United Kingdom,40,149.31,0,0,0.0033333333333333335,2687.58,Mid CLV,Low Risk,MONITOR: no action needed yet
15749,235,3,44534.3,2011-01-11 12:55:00,5,United Kingdom,332,14844.766666666668,1,3,0.42,96580.40963855422,High CLV,Medium Risk,PRIORITIZE: proactive retention offer
15750,3,8,2465.48,2010-12-08 10:36:00,214,United Kingdom,367,308.185,0,0,0.0,4836.908991825613,Mid CLV,,MONITOR: no action needed yet
15752,40,7,2637.38,2010-12-02 09:43:00,236,United Kingdom,373,376.7685714285714,0,0,0.01,5090.921179624665,High CLV,Low Risk,REWARD: early access / loyalty perks (already staying)
15753,305,1,79.2,2011-02-08 12:41:00,1,United Kingdom,305,79.2,1,1,1.0,93.48196721311476,Low CLV,High Risk,"DO NOT INVEST: low value, unlikely to be saved profitably"
15754,51,3,458.57,2011-04-07 12:24:00,24,United Kingdom,247,152.85666666666665,0,0,0.23333333333333334,1336.722267206478,Low CLV,Low Risk,MONITOR: no action needed yet
15755,10,6,2364.25,2011-02-18 11:53:00,127,United Kingdom,295,394.0416666666667,0,0,0.016666666666666666,5770.372881355932,High CLV,Low Risk,REWARD: early access / loyalty perks (already staying)
15756,61,4,532.96,2011-04-04 14:00:00,160,United Kingdom,249,133.24,0,0,0.023333333333333334,1541.0891566265059,Mid CLV,Low Risk,MONITOR: no action needed yet
15757,66,2,714.42,2011-05-06 11:40:00,43,United Kingdom,218,357.21,0,0,0.31,2359.552293577982,Mid CLV,Medium Risk,MONITOR: no action needed yet
15758,25,1,205.25,2011-11-15 10:48:00,9,United Kingdom,25,205.25,0,0,0.01,4926.0,Mid CLV,Low Risk,MONITOR: no action needed yet
15759,218,3,253.04,2010-12-16 15:29:00,5,United Kingdom,358,84.34666666666666,1,1,0.6533333333333333,389.46984380344315,Low CLV,High Risk,"DO NOT INVEST: low value, unlikely to be saved profitably"
15762,65,2,583.75,2011-09-23 15:17:00,37,United Kingdom,77,291.875,0,0,0.02666666666666667,5458.441558441558,High CLV,Low Risk,REWARD: early access / loyalty perks (already staying)
15763,32,2,1086.92,2011-09-23 12:10:00,58,United Kingdom,78,543.46,0,0,0.0,10033.107692307693,High CLV,,MONITOR: no action needed yet
15764,88,6,3279.97,2011-03-08 09:23:00,150,United Kingdom,277,546.6616666666666,0,0,0.05,8525.553790613718,High CLV,Low Risk,REWARD: early access / loyalty perks (already staying)
15766,64,1,315.06,2011-10-06 17:03:00,11,United Kingdom,64,315.06,0,0,0.01,3544.425,Mid CLV,Low Risk,MONITOR: no action needed yet
15768,116,3,621.8299999999999,2011-04-28 09:20:00,23,United Kingdom,226,207.27666666666664,1,0,0.35,1981.051327433628,Mid CLV,Medium Risk,MONITOR: no action needed yet
15769,7,26,56252.72,2010-12-03 15:16:00,26,United Kingdom,371,2163.566153846154,0,3,0.006666666666666667,109169.69919137468,High CLV,Low Risk,REWARD: early access / loyalty perks (already staying)
15773,6,1,635.6800000000001,2011-12-04 12:48:00,10,United Kingdom,6,635.6800000000001,0,0,0.0,15256.320000000002,High CLV,,MONITOR: no action needed yet
15774,69,1,270.8,2011-10-02 12:04:00,25,United Kingdom,69,270.8,0,0,0.0033333333333333335,2825.739130434783,Mid CLV,Low Risk,MONITOR: no action needed yet
15775,245,1,104.9,2011-04-08 12:56:00,7,United Kingdom,245,104.9,1,1,0.9966666666666667,154.65428980956932,Low CLV,High Risk,"DO NOT INVEST: low value, unlikely to be saved profitably"
15776,133,1,241.62,2011-07-29 13:46:00,18,United Kingdom,133,241.62,1,0,0.9866666666666667,662.8469823206665,Low CLV,High Risk,"DO NOT INVEST: low value, unlikely to be saved profitably"
15777,241,4,1047.11,2010-12-13 16:38:00,18,United Kingdom,361,261.7775,1,1,0.6266666666666667,1666.29162491896,Mid CLV,High Risk,MONITOR: no action needed yet
15780,184,3,475.28000000000003,2010-12-17 11:43:00,26,United Kingdom,358,158.42666666666668,1,1,0.8233333333333334,580.4880917377242,Low CLV,High Risk,"DO NOT INVEST: low value, unlikely to be saved profitably"
15781,25,3,345.46,2011-02-07 09:15:00,20,United Kingdom,306,115.15333333333332,0,0,0.2,812.8470588235293,Low CLV,Low Risk,MONITOR: no action needed yet
15782,10,3,2614.7400000000002,2011-09-11 14:29:00,34,United Kingdom,89,871.58,0,0,0.0033333333333333335,21152.952808988768,High CLV,Low Risk,REWARD: early access / loyalty perks (already staying)
15783,11,1,246.3,2011-11-29 09:50:00,14,United Kingdom,11,246.3,0,0,0.0,5911.200000000001,High CLV,,MONITOR: no action needed yet
15785,33,5,2328.9700000000003,2011-02-17 14:17:00,58,United Kingdom,295,465.79400000000004,0,0,0.02666666666666667,5684.265762711864,High CLV,Low Risk,REWARD: early access / loyalty perks (already staying)
15786,46,3,4932.2,2011-08-17 13:33:00,257,United Kingdom,114,1644.0666666666666,0,0,0.02666666666666667,31150.736842105267,High CLV,Low Risk,REWARD: early access / loyalty perks (already staying)
15787,26,3,948.05,2011-10-09 13:11:00,156,United Kingdom,61,316.01666666666665,0,0,0.0033333333333333335,11190.098360655738,High CLV,Low Risk,REWARD: early access / loyalty perks (already staying)
15789,358,1,351.3,2010-12-16 14:35:00,25,United Kingdom,358,351.3,1,1,1.0,353.2625698324023,Low CLV,High Risk,"DO NOT INVEST: low value, unlikely to be saved profitably"
15790,10,1,220.85,2011-11-29 14:53:00,34,United Kingdom,10,220.85,0,0,0.006666666666666667,5300.4,High CLV,Low Risk,REWARD: early access / loyalty perks (already staying)
15791,44,2,1612.69,2011-05-19 15:15:00,66,United Kingdom,204,806.345,0,0,0.59,4823.599202392823,Mid CLV,Medium Risk,MONITOR: no action needed yet
15793,15,3,965.61,2011-03-16 10:45:00,6,United Kingdom,269,321.87,0,0,0.43,2584.532342007435,Mid CLV,Medium Risk,MONITOR: no action needed yet
15795,150,1,610.01,2011-07-13 10:43:00,42,United Kingdom,150,610.01,1,1,0.9333333333333333,1568.597142857143,Mid CLV,High Risk,MONITOR: no action needed yet
15796,1,8,2711.56,2011-02-10 15:40:00,70,United Kingdom,302,338.945,0,0,0.013333333333333334,6464.646357615893,High CLV,Low Risk,REWARD: early access / loyalty perks (already staying)
15797,113,4,2207.4,2011-01-24 15:47:00,8,United Kingdom,319,551.85,1,0,0.15,4982.219435736677,High CLV,Low Risk,REWARD: early access / loyalty perks (already staying)
15799,76,3,884.14,2011-01-09 15:13:00,94,United Kingdom,334,294.7133333333333,0,0,0.13666666666666666,1905.9305389221558,Mid CLV,Low Risk,MONITOR: no action needed yet
15800,107,2,699.08,2011-04-07 12:39:00,116,United Kingdom,247,349.54,1,0,0.6966666666666667,1462.5387908490402,Low CLV,High Risk,"DO NOT INVEST: low value, unlikely to be saved profitably"
15801,46,3,1063.95,2011-08-22 09:53:00,61,United Kingdom,110,354.65000000000003,0,0,0.02666666666666667,6964.036363636364,High CLV,Low Risk,REWARD: early access / loyalty perks (already staying)
15802,143,1,451.42,2011-07-20 11:38:00,1,United Kingdom,143,451.42,1,1,0.9933333333333333,1144.0690852771393,Low CLV,High Risk,"DO NOT INVEST: low value, unlikely to be saved profitably"
15803,51,1,415.82000000000005,2011-10-19 14:56:00,8,United Kingdom,51,415.82000000000005,0,0,0.0,5870.400000000001,High CLV,,MONITOR: no action needed yet
15804,1,13,4206.39,2011-05-25 10:12:00,170,United Kingdom,199,323.5684615384616,0,0,0.08,15219.099497487437,High CLV,Low Risk,REWARD: early access / loyalty perks (already staying)
15805,23,17,5528.4800000000005,2010-12-10 09:33:00,220,United Kingdom,365,325.204705882353,0,3,0.0,10905.49479452055,High CLV,,MONITOR: no action needed yet
15806,46,3,784.58,2011-03-08 09:24:00,24,United Kingdom,277,261.5266666666667,0,0,0.57,1788.8960668820068,Mid CLV,Medium Risk,MONITOR: no action needed yet
15807,50,3,903.9,2011-09-23 14:43:00,48,United Kingdom,77,301.3,0,0,0.006666666666666667,8452.051948051947,High CLV,Low Risk,REWARD: early access / loyalty perks (already staying)
15808,306,4,3734.9700000000003,2010-12-05 13:05:00,142,United Kingdom,369,933.7425000000001,1,1,0.6933333333333334,5255.586303939963,High CLV,High Risk,PRIORITIZE: proactive retention offer
15809,36,5,515.77,2011-02-10 11:16:00,31,United Kingdom,303,103.154,0,0,0.12333333333333334,1225.592079207921,Low CLV,Low Risk,MONITOR: no action needed yet
15810,79,4,1391.98,2011-02-16 09:11:00,66,United Kingdom,297,347.995,0,0,0.11333333333333333,3374.4969696969697,Mid CLV,Low Risk,MONITOR: no action needed yet
15811,22,6,2218.62,2010-12-09 15:29:00,117,United Kingdom,365,369.77,0,0,0.02,4376.455890410959,Mid CLV,Low Risk,MONITOR: no action needed yet
15812,107,5,1801.14,2011-01-26 12:12:00,36,United Kingdom,318,360.228,1,0,0.08333333333333333,4078.0528301886798,Mid CLV,Low Risk,MONITOR: no action needed yet
15813,208,2,1303.9099999999999,2011-04-14 09:09:00,40,United Kingdom,240,651.9549999999999,1,1,0.75,2607.8199999999997,Mid CLV,High Risk,MONITOR: no action needed yet
15814,17,4,1945.33,2011-10-20 09:04:00,63,United Kingdom,51,486.3325,0,0,0.016666666666666666,27463.482352941173,High CLV,Low Risk,REWARD: early access / loyalty perks (already staying)
15815,64,5,2100.6,2011-03-25 08:43:00,33,United Kingdom,260,420.12,0,0,0.05,5817.046153846154,High CLV,Low Risk,REWARD: early access / loyalty perks (already staying)
15819,49,4,1905.45,2011-03-08 09:45:00,96,United Kingdom,277,476.3625,0,0,0.08666666666666667,4952.794223826715,High CLV,Low Risk,REWARD: early access / loyalty perks (already staying)
15820,320,1,206.98,2011-01-24 12:00:00,17,United Kingdom,320,206.98,1,1,0.9966666666666667,233.63127090301003,Low CLV,High Risk,"DO NOT INVEST: low value, unlikely to be saved profitably"
15821,44,2,570.96,2011-10-09 13:28:00,57,United Kingdom,61,285.48,0,0,0.006666666666666667,6739.200000000001,High CLV,Low Risk,REWARD: early access / loyalty perks (already staying)
15822,3,2,885.47,2010-12-15 13:38:00,28,United Kingdom,359,442.735,0,0,0.63,1409.4230003979308,Low CLV,High Risk,"DO NOT INVEST: low value, unlikely to be saved profitably"
15823,372,1,15.0,2010-12-02 15:08:00,1,United Kingdom,372,15.0,1,1,0.9266666666666666,15.664887444882805,Low CLV,High Risk,"DO NOT INVEST: low value, unlikely to be saved profitably"
15825,172,1,532.94,2011-06-20 13:27:00,20,United Kingdom,172,532.94,1,1,0.9933333333333333,1122.942094584049,Low CLV,High Risk,"DO NOT INVEST: low value, unlikely to be saved profitably"
15826,56,3,1654.31,2011-05-13 10:44:00,64,United Kingdom,211,551.4366666666666,0,0,0.07,5645.038862559241,High CLV,Low Risk,REWARD: early access / loyalty perks (already staying)
15827,73,14,1836.0900000000001,2010-12-02 13:06:00,72,United Kingdom,372,131.14928571428572,0,0,0.05,3553.7225806451615,Mid CLV,Low Risk,MONITOR: no action needed yet
15829,99,2,636.14,2011-07-22 10:23:00,44,United Kingdom,141,318.07,1,0,0.7533333333333333,2156.0007531538317,Mid CLV,High Risk,MONITOR: no action needed yet
15830,38,1,576.0,2011-11-02 10:40:00,39,United Kingdom,38,576.0,0,0,0.023333333333333334,10913.684210526317,High CLV,Low Risk,REWARD: early access / loyalty perks (already staying)
15831,58,3,801.76,2011-01-19 14:52:00,63,United Kingdom,324,267.25333333333333,0,0,0.05,1781.6888888888886,Mid CLV,Low Risk,MONITOR: no action needed yet
15832,254,1,836.79,2011-03-30 15:29:00,54,United Kingdom,254,836.79,1,1,0.97,1222.6820358795355,Low CLV,High Risk,"DO NOT INVEST: low value, unlikely to be saved profitably"
15834,70,4,2233.75,2011-03-07 17:52:00,242,United Kingdom,277,558.4375,0,0,0.08,5806.137184115524,High CLV,Low Risk,REWARD: early access / loyalty perks (already staying)
15835,44,4,954.09,2011-01-13 10:35:00,47,United Kingdom,331,238.5225,0,0,0.043333333333333335,2075.3619335347435,Mid CLV,Low Risk,MONITOR: no action needed yet
15836,50,1,137.37,2011-10-20 17:13:00,10,United Kingdom,50,137.37,0,0,0.0033333333333333335,1978.128,Mid CLV,Low Risk,MONITOR: no action needed yet
15837,65,1,391.98,2011-10-06 09:01:00,24,United Kingdom,65,391.98,0,0,0.006666666666666667,4341.932307692308,Mid CLV,Low Risk,MONITOR: no action needed yet
15838,11,19,33643.08,2010-12-07 11:26:00,54,United Kingdom,368,1770.6884210526316,0,3,0.023333333333333334,65823.41739130435,High CLV,Low Risk,REWARD: early access / loyalty perks (already staying)
15839,33,3,1048.49,2011-07-14 16:35:00,56,United Kingdom,148,349.49666666666667,0,0,0.006666666666666667,5100.762162162162,High CLV,Low Risk,REWARD: early access / loyalty perks (already staying)
15840,59,2,355.56,2011-06-20 11:42:00,26,United Kingdom,173,177.78,0,0,0.2966666666666667,1479.7872832369942,Low CLV,Low Risk,MONITOR: no action needed yet
15841,73,4,1224.06,2011-01-05 11:25:00,36,United Kingdom,339,306.015,0,0,0.06,2599.7734513274336,Mid CLV,Low Risk,MONITOR: no action needed yet
15843,304,1,118.95000000000002,2011-02-09 10:19:00,8,United Kingdom,304,118.95000000000002,1,1,1.0,140.86184210526318,Low CLV,High Risk,"DO NOT INVEST: low value, unlikely to be saved profitably"
15844,46,1,130.73999999999998,2011-10-24 15:19:00,11,United Kingdom,46,130.73999999999998,0,0,0.0,2046.365217391304,Mid CLV,,MONITOR: no action needed yet
15845,18,8,3711.77,2011-01-06 17:19:00,97,United Kingdom,337,463.97125,0,0,0.056666666666666664,7930.19109792285,High CLV,Low Risk,REWARD: early access / loyalty perks (already staying)
15847,38,2,389.27,2011-02-24 16:46:00,22,United Kingdom,288,194.635,0,0,0.22666666666666666,973.175,Low CLV,Low Risk,MONITOR: no action needed yet
15850,19,2,238.85,2011-06-24 14:16:00,87,United Kingdom,168,119.425,0,0,0.08333333333333333,1023.6428571428571,Low CLV,Low Risk,MONITOR: no action needed yet
15852,187,2,160.71,2011-05-26 13:26:00,22,United Kingdom,197,80.355,1,1,0.5733333333333334,512.238224530752,Low CLV,Medium Risk,MONITOR: no action needed yet
15853,52,1,110.8,2011-10-19 10:38:00,29,United Kingdom,52,110.8,0,0,0.006666666666666667,1534.1538461538462,Mid CLV,Low Risk,MONITOR: no action needed yet
15854,4,12,2974.65,2010-12-13 11:47:00,105,United Kingdom,362,247.88750000000002,0,0,0.006666666666666667,5916.4309392265195,High CLV,Low Risk,REWARD: early access / loyalty perks (already staying)
15855,137,5,712.24,2011-03-21 12:32:00,59,United Kingdom,264,142.448,1,0,0.69,1407.5889328063242,Low CLV,High Risk,"DO NOT INVEST: low value, unlikely to be saved profitably"
15856,4,27,16387.57,2010-12-09 13:34:00,295,United Kingdom,365,606.947037037037,0,3,0.0,32326.16547945206,High CLV,,MONITOR: no action needed yet
15857,19,1,297.0,2011-11-21 12:18:00,14,United Kingdom,19,297.0,0,0,0.0,7128.0,High CLV,,MONITOR: no action needed yet
15858,16,5,1438.85,2010-12-07 14:31:00,145,United Kingdom,367,287.77,0,0,0.05333333333333334,2822.8119891008173,Mid CLV,Low Risk,MONITOR: no action needed yet
15860,41,8,977.21,2010-12-06 11:38:00,105,United Kingdom,369,122.15125,0,0,0.08,1906.7512195121953,Mid CLV,Low Risk,MONITOR: no action needed yet
15861,12,8,3165.36,2011-03-17 20:12:00,339,United Kingdom,267,395.67,0,0,0.023333333333333334,8535.802247191012,High CLV,Low Risk,REWARD: early access / loyalty perks (already staying)
15862,8,4,832.88,2010-12-01 11:21:00,142,United Kingdom,374,208.22,0,0,0.13,1603.405347593583,Mid CLV,Low Risk,MONITOR: no action needed yet
15863,26,2,68.84,2011-05-31 11:36:00,18,United Kingdom,193,34.42,0,0,0.19,256.8124352331606,Low CLV,Low Risk,MONITOR: no action needed yet
15864,22,6,1936.3200000000002,2011-01-27 16:43:00,16,United Kingdom,316,322.72,0,0,0.2,4411.86835443038,Mid CLV,Low Risk,MONITOR: no action needed yet
15865,41,3,895.13,2011-05-10 11:44:00,37,United Kingdom,214,298.37666666666667,0,0,0.05,3011.652336448598,Mid CLV,Low Risk,MONITOR: no action needed yet
15866,101,1,230.53,2011-08-30 14:09:00,43,United Kingdom,101,230.53,1,0,0.94,874.1394564988416,Low CLV,High Risk,"DO NOT INVEST: low value, unlikely to be saved profitably"
15867,5,15,3812.64,2010-12-05 14:17:00,302,United Kingdom,369,254.176,0,3,0.0,7439.297560975609,High CLV,,MONITOR: no action needed yet
15869,277,2,149.64,2011-03-07 17:19:00,13,United Kingdom,277,74.82,1,1,0.8666666666666667,224.3976673146348,Low CLV,High Risk,"DO NOT INVEST: low value, unlikely to be saved profitably"
15870,33,1,354.09000000000003,2011-11-07 10:58:00,68,United Kingdom,33,354.09000000000003,0,0,0.0033333333333333335,7725.599999999999,High CLV,Low Risk,REWARD: early access / loyalty perks (already staying)
15872,15,2,360.93,2011-11-25 11:54:00,101,United Kingdom,15,180.465,0,0,0.01,8662.32,High CLV,Low Risk,REWARD: early access / loyalty perks (already staying)
15874,64,7,4405.88,2011-02-28 13:28:00,110,United Kingdom,284,629.4114285714286,0,0,0.0,11169.83661971831,High CLV,,MONITOR: no action needed yet
15877,2,2,493.28,2011-11-22 11:18:00,122,United Kingdom,18,246.64,0,0,0.016666666666666666,11838.72,High CLV,Low Risk,REWARD: early access / loyalty perks (already staying)
15880,369,1,343.28000000000003,2010-12-05 13:00:00,95,United Kingdom,369,343.28000000000003,1,1,0.95,352.53401797175866,Low CLV,High Risk,"DO NOT INVEST: low value, unlikely to be saved profitably"
15881,312,5,501.39000000000004,2010-12-10 13:32:00,26,United Kingdom,364,100.278,1,1,0.6866666666666666,722.1556598741065,Low CLV,High Risk,"DO NOT INVEST: low value, unlikely to be saved profitably"
15882,199,4,516.36,2010-12-06 13:01:00,23,United Kingdom,368,129.09,1,1,0.89,567.5671714704446,Low CLV,High Risk,"DO NOT INVEST: low value, unlikely to be saved profitably"
15883,2,2,396.48,2011-11-06 14:50:00,42,United Kingdom,33,198.24,0,0,0.0,8650.472727272727,High CLV,,MONITOR: no action needed yet
15885,93,3,379.35,2011-02-03 15:28:00,18,United Kingdom,309,126.45,1,0,0.7266666666666667,608.2034381401977,Low CLV,High Risk,"DO NOT INVEST: low value, unlikely to be saved profitably"
15886,60,1,181.09,2011-10-10 14:25:00,12,United Kingdom,60,181.09,0,0,0.0,2173.08,Mid CLV,,MONITOR: no action needed yet
15888,81,1,168.31,2011-09-20 12:30:00,11,United Kingdom,81,168.31,0,0,0.0,1496.088888888889,Low CLV,,MONITOR: no action needed yet
15889,157,2,446.87,2010-12-05 15:12:00,79,United Kingdom,369,223.435,1,1,0.7933333333333333,549.5429391268702,Low CLV,High Risk,"DO NOT INVEST: low value, unlikely to be saved profitably"
15891,227,1,524.52,2011-04-27 12:35:00,60,United Kingdom,227,524.52,1,1,0.98,848.814168839342,Low CLV,High Risk,"DO NOT INVEST: low value, unlikely to be saved profitably"
15894,253,2,263.55,2010-12-05 14:06:00,35,United Kingdom,369,131.775,1,1,0.7266666666666667,353.83754754978736,Low CLV,High Risk,"DO NOT INVEST: low value, unlikely to be saved profitably"
15895,150,1,179.17,2011-07-13 10:27:00,11,United Kingdom,150,179.17,1,1,1.0,430.0079999999999,Low CLV,High Risk,"DO NOT INVEST: low value, unlikely to be saved profitably"
15897,194,2,222.05,2011-05-29 13:32:00,17,United Kingdom,194,111.025,1,1,0.6766666666666666,608.9431720075162,Low CLV,High Risk,"DO NOT INVEST: low value, unlikely to be saved profitably"
15898,1,5,1388.88,2010-12-06 11:01:00,70,United Kingdom,369,277.776,0,0,0.09,2710.009756097561,Mid CLV,Low Risk,MONITOR: no action needed yet
15899,369,1,56.25,2010-12-06 10:36:00,4,United Kingdom,369,56.25,1,1,0.9966666666666667,55.06158740517171,Low CLV,High Risk,"DO NOT INVEST: low value, unlikely to be saved profitably"
15900,24,1,351.11,2011-11-16 12:19:00,44,United Kingdom,24,351.11,0,0,0.0033333333333333335,8426.64,High CLV,Low Risk,REWARD: early access / loyalty perks (already staying)
15901,17,3,363.88,2011-07-08 12:18:00,102,United Kingdom,155,121.29333333333334,0,0,0.17666666666666667,1690.2812903225804,Mid CLV,Low Risk,MONITOR: no action needed yet
15903,10,7,5126.76,2011-02-17 14:04:00,46,United Kingdom,295,732.3942857142857,0,0,0.0033333333333333335,12512.770169491525,High CLV,Low Risk,REWARD: early access / loyalty perks (already staying)
15904,8,1,164.68,2011-12-01 14:50:00,30,United Kingdom,8,164.68,0,0,0.0033333333333333335,3952.32,Mid CLV,Low Risk,MONITOR: no action needed yet
15906,20,7,1567.69,2011-03-29 13:28:00,113,United Kingdom,255,223.9557142857143,0,0,0.006666666666666667,4426.418823529411,Mid CLV,Low Risk,MONITOR: no action needed yet
15907,4,3,967.45,2011-05-13 13:01:00,175,United Kingdom,210,322.48333333333335,0,0,0.023333333333333334,3316.9714285714285,Mid CLV,Low Risk,MONITOR: no action needed yet
15909,174,1,191.94,2011-06-19 10:38:00,7,United Kingdom,174,191.94,1,1,0.99,401.12852664576803,Low CLV,High Risk,"DO NOT INVEST: low value, unlikely to be saved profitably"
15910,1,8,1232.18,2011-01-27 11:55:00,215,United Kingdom,317,154.0225,0,0,0.02,2798.6422712933754,Mid CLV,Low Risk,MONITOR: no action needed yet
15912,178,2,264.62,2011-04-20 17:10:00,19,United Kingdom,233,132.31,1,1,0.9266666666666666,441.21036218235713,Low CLV,High Risk,"DO NOT INVEST: low value, unlikely to be saved profitably"
15916,16,8,1528.09,2010-12-08 13:07:00,124,United Kingdom,366,191.01125,0,0,0.02,3006.0786885245902,Mid CLV,Low Risk,MONITOR: no action needed yet
15917,248,1,123.1,2011-04-06 10:40:00,12,United Kingdom,248,123.1,1,1,0.9866666666666667,181.10832606800344,Low CLV,High Risk,"DO NOT INVEST: low value, unlikely to be saved profitably"
15918,191,2,334.23,2011-03-13 15:55:00,33,United Kingdom,271,167.115,1,1,0.8433333333333334,526.4769627933433,Low CLV,High Risk,"DO NOT INVEST: low value, unlikely to be saved profitably"
15919,20,2,639.89,2010-12-06 11:26:00,103,United Kingdom,369,319.945,0,0,0.21,1248.5658536585365,Low CLV,Low Risk,MONITOR: no action needed yet
15920,154,4,167.5,2011-07-08 15:16:00,53,United Kingdom,154,41.875,1,1,0.7666666666666667,510.7284020327498,Low CLV,High Risk,"DO NOT INVEST: low value, unlikely to be saved profitably"
15921,173,1,336.03000000000003,2011-06-20 11:03:00,24,United Kingdom,173,336.03000000000003,1,1,0.9933333333333333,703.9461535477365,Low CLV,High Risk,"DO NOT INVEST: low value, unlikely to be saved profitably"
15922,373,1,369.5,2010-12-01 13:51:00,11,United Kingdom,373,369.5,1,1,0.9966666666666667,357.814699579474,Low CLV,High Risk,"DO NOT INVEST: low value, unlikely to be saved profitably"
15923,373,1,127.08,2010-12-02 12:16:00,21,United Kingdom,373,127.08,1,1,0.98,125.15401871204246,Low CLV,High Risk,"DO NOT INVEST: low value, unlikely to be saved profitably"
15925,194,1,207.15,2011-05-29 15:35:00,12,United Kingdom,194,207.15,1,1,1.0,384.40206185567007,Low CLV,High Risk,"DO NOT INVEST: low value, unlikely to be saved profitably"
15930,67,1,426.63,2011-10-03 14:52:00,21,United Kingdom,67,426.63,0,0,0.006666666666666667,4584.680597014925,Mid CLV,Low Risk,MONITOR: no action needed yet
15932,4,8,2495.87,2011-02-23 14:50:00,93,United Kingdom,289,311.98375,0,0,0.0,6218.084429065744,High CLV,,MONITOR: no action needed yet
15933,21,3,1107.46,2011-09-14 12:05:00,63,United Kingdom,87,369.15333333333336,0,0,0.0,9165.186206896553,High CLV,,MONITOR: no action needed yet
15935,239,2,416.86,2011-04-12 09:35:00,12,United Kingdom,242,208.43,1,1,0.8633333333333333,718.2883946520311,Low CLV,High Risk,"DO NOT INVEST: low value, unlikely to be saved profitably"
15937,64,1,145.35,2011-10-06 15:48:00,7,United Kingdom,64,145.35,0,0,0.0033333333333333335,1635.1875,Mid CLV,Low Risk,MONITOR: no action needed yet
15938,112,5,404.58,2011-01-20 10:11:00,13,United Kingdom,324,80.916,1,0,0.7466666666666667,602.0535714285713,Low CLV,High Risk,"DO NOT INVEST: low value, unlikely to be saved profitably"
15939,90,15,6115.01,2011-01-12 12:43:00,28,United Kingdom,332,407.6673333333334,0,3,0.01,13261.467469879517,High CLV,Low Risk,REWARD: early access / loyalty perks (already staying)
15940,311,1,35.8,2011-02-01 16:18:00,1,United Kingdom,311,35.8,1,1,0.96,43.167202572347264,Low CLV,High Risk,"DO NOT INVEST: low value, unlikely to be saved profitably"
15942,134,1,337.44,2011-07-29 09:01:00,14,United Kingdom,134,337.44,1,0,0.9633333333333334,941.0607860352218,Low CLV,High Risk,"DO NOT INVEST: low value, unlikely to be saved profitably"
15944,277,1,325.1,2011-03-08 10:33:00,6,United Kingdom,277,325.1,1,1,1.0,422.5126353790614,Low CLV,High Risk,"DO NOT INVEST: low value, unlikely to be saved profitably"
15945,365,1,181.0,2010-12-09 13:14:00,2,United Kingdom,365,181.0,1,1,0.99,180.32378580323785,Low CLV,High Risk,"DO NOT INVEST: low value, unlikely to be saved profitably"
15947,83,1,1708.24,2011-09-18 10:46:00,29,United Kingdom,83,1708.24,0,0,0.006666666666666667,14818.467469879517,High CLV,Low Risk,REWARD: early access / loyalty perks (already staying)
15948,8,2,955.24,2011-10-27 08:35:00,51,United Kingdom,44,477.62,0,0,0.0,15631.2,High CLV,,MONITOR: no action needed yet
15949,17,2,364.72,2011-09-29 17:34:00,12,United Kingdom,71,182.36,0,0,0.01,3698.569014084507,Mid CLV,Low Risk,MONITOR: no action needed yet
15950,32,4,1765.51,2010-12-15 11:56:00,86,United Kingdom,360,441.3775,0,0,0.08666666666666667,3531.02,Mid CLV,Low Risk,MONITOR: no action needed yet
15951,9,2,708.22,2011-02-27 11:57:00,36,United Kingdom,286,354.11,0,0,0.6966666666666667,1279.6158865058387,Low CLV,High Risk,"DO NOT INVEST: low value, unlikely to be saved profitably"
15952,34,4,806.57,2011-04-28 12:55:00,65,United Kingdom,225,201.6425,0,0,0.04,2581.0240000000003,Mid CLV,Low Risk,MONITOR: no action needed yet
15953,15,8,1659.3799999999999,2010-12-05 15:15:00,63,United Kingdom,369,207.42249999999999,0,0,0.03333333333333333,3237.8146341463407,Mid CLV,Low Risk,MONITOR: no action needed yet
15955,24,14,4416.26,2010-12-02 11:22:00,137,United Kingdom,373,315.44714285714286,0,0,0.016666666666666666,8524.684182305631,High CLV,Low Risk,REWARD: early access / loyalty perks (already staying)
15957,32,1,428.89,2011-11-08 12:14:00,40,United Kingdom,32,428.89,0,0,0.0,9650.025,High CLV,,MONITOR: no action needed yet
15958,74,1,104.35,2011-09-26 13:41:00,7,United Kingdom,74,104.35,0,0,0.0,1015.2972972972972,Low CLV,,MONITOR: no action needed yet
15963,20,2,470.76,2011-10-25 13:05:00,26,United Kingdom,45,235.38,0,0,0.0033333333333333335,7532.16,High CLV,Low Risk,REWARD: early access / loyalty perks (already staying)
15965,17,4,845.64,2010-12-07 13:18:00,88,United Kingdom,367,211.41,0,0,0.043333333333333335,1659.0212534059947,Mid CLV,Low Risk,MONITOR: no action needed yet
15967,23,2,418.83,2011-01-25 11:57:00,73,United Kingdom,319,209.415,0,0,0.45,945.3216300940439,Low CLV,Medium Risk,MONITOR: no action needed yet
15969,3,3,666.1,2011-06-07 12:19:00,20,United Kingdom,186,222.03333333333333,0,0,0.10666666666666667,2578.451612903226,Mid CLV,Low Risk,MONITOR: no action needed yet
15970,304,1,314.1,2011-02-09 12:08:00,11,United Kingdom,304,314.1,1,1,1.0,371.96052631578954,Low CLV,High Risk,"DO NOT INVEST: low value, unlikely to be saved profitably"
15971,18,12,4199.85,2011-02-01 16:47:00,10,United Kingdom,311,349.9875,0,0,0.05333333333333334,9723.125401929261,High CLV,Low Risk,REWARD: early access / loyalty perks (already staying)
15973,367,1,307.82000000000005,2010-12-08 11:42:00,4,United Kingdom,367,307.82000000000005,1,1,1.0,301.94877384196195,Low CLV,High Risk,"DO NOT INVEST: low value, unlikely to be saved profitably"
15974,39,7,3442.15,2011-02-24 10:10:00,141,United Kingdom,289,491.7357142857143,0,0,0.01,8575.598615916955,High CLV,Low Risk,REWARD: early access / loyalty perks (already staying)
15975,84,1,371.01,2011-09-16 13:33:00,24,United Kingdom,84,371.01,0,0,0.0,3180.0857142857144,Mid CLV,,MONITOR: no action needed yet
15976,165,2,430.94,2011-05-03 17:12:00,83,United Kingdom,220,215.47,1,1,0.73,965.9925280199254,Low CLV,High Risk,"DO NOT INVEST: low value, unlikely to be saved profitably"
15977,17,2,1054.73,2011-10-31 16:24:00,48,United Kingdom,39,527.365,0,0,0.0033333333333333335,19471.938461538462,High CLV,Low Risk,REWARD: early access / loyalty perks (already staying)
15978,77,1,1098.78,2011-09-23 15:21:00,49,United Kingdom,77,1098.78,0,0,0.01,10274.306493506492,High CLV,Low Risk,REWARD: early access / loyalty perks (already staying)
15980,89,3,2398.86,2011-03-30 15:05:00,40,United Kingdom,254,799.62,0,0,0.19333333333333333,6799.918110236221,High CLV,Low Risk,REWARD: early access / loyalty perks (already staying)
15981,25,8,3408.48,2011-02-01 13:50:00,53,United Kingdom,311,426.06,0,0,0.023333333333333334,7891.014790996784,High CLV,Low Risk,REWARD: early access / loyalty perks (already staying)
15983,22,4,1475.02,2010-12-01 12:15:00,82,United Kingdom,374,368.755,0,0,0.4766666666666667,2839.6106951871657,Mid CLV,Medium Risk,MONITOR: no action needed yet
15984,3,10,2837.67,2010-12-06 13:21:00,217,United Kingdom,368,283.767,0,0,0.006666666666666667,5551.963043478261,High CLV,Low Risk,REWARD: early access / loyalty perks (already staying)
15985,123,2,1142.42,2011-04-17 11:04:00,29,United Kingdom,237,571.21,1,0,0.6966666666666667,2490.8921325177157,Mid CLV,High Risk,MONITOR: no action needed yet
15986,30,1,168.12,2011-11-09 15:17:00,14,United Kingdom,30,168.12,0,0,0.0,4034.88,Mid CLV,,MONITOR: no action needed yet
15987,12,7,1451.28,2010-12-06 08:34:00,110,United Kingdom,369,207.32571428571427,0,0,0.0033333333333333335,2831.7658536585363,Mid CLV,Low Risk,MONITOR: no action needed yet
15988,19,1,158.03,2011-11-20 13:23:00,26,United Kingdom,19,158.03,0,0,0.0033333333333333335,3792.7200000000003,Mid CLV,Low Risk,MONITOR: no action needed yet
15990,44,2,792.11,2011-02-25 15:35:00,52,United Kingdom,287,396.055,0,0,0.4066666666666667,1987.1749128919864,Mid CLV,Medium Risk,MONITOR: no action needed yet
15992,4,1,41.989999999999995,2011-12-06 11:00:00,3,United Kingdom,4,41.989999999999995,0,0,0.01,1007.7599999999999,Low CLV,Low Risk,MONITOR: no action needed yet
15993,9,7,2797.57,2011-10-26 16:21:00,335,United Kingdom,44,399.65285714285716,0,0,0.0,45778.41818181818,High CLV,,MONITOR: no action needed yet
15994,55,1,427.07,2011-10-16 12:28:00,31,United Kingdom,55,427.07,0,0,0.0033333333333333335,5590.734545454546,High CLV,Low Risk,REWARD: early access / loyalty perks (already staying)
15996,88,6,1060.68,2010-12-08 15:59:00,103,United Kingdom,366,176.78,0,0,0.04,2086.583606557377,Mid CLV,Low Risk,MONITOR: no action needed yet
15998,37,5,3089.97,2010-12-12 13:32:00,370,United Kingdom,362,617.9939999999999,0,0,0.03333333333333333,6145.7966850828725,High CLV,Low Risk,REWARD: early access / loyalty perks (already staying)
16000,3,3,12393.7,2011-12-07 12:14:00,9,United Kingdom,3,4131.233333333334,0,0,0.006666666666666667,297448.80000000005,High CLV,Low Risk,REWARD: early access / loyalty perks (already staying)
16003,30,5,2735.37,2010-12-15 12:09:00,82,United Kingdom,360,547.074,0,0,0.013333333333333334,5470.74,High CLV,Low Risk,REWARD: early access / loyalty perks (already staying)
16005,12,4,615.39,2011-03-14 11:46:00,173,United Kingdom,271,153.8475,0,0,0.23666666666666666,1634.9845018450187,Mid CLV,Low Risk,MONITOR: no action needed yet
16006,211,1,101.4,2011-05-12 13:12:00,8,United Kingdom,211,101.4,1,1,0.9966666666666667,173.58335050484237,Low CLV,High Risk,"DO NOT INVEST: low value, unlikely to be saved profitably"
16007,48,4,1701.94,2011-05-08 13:32:00,221,United Kingdom,215,425.485,0,0,0.06666666666666667,5699.5199999999995,High CLV,Low Risk,REWARD: early access / loyalty perks (already staying)
16008,24,3,478.78,2011-05-19 10:54:00,29,United Kingdom,205,159.59333333333333,0,0,0.16,1681.5687804878048,Mid CLV,Low Risk,MONITOR: no action needed yet
16009,22,4,992.71,2011-07-03 11:26:00,68,United Kingdom,160,248.1775,0,0,0.06,4467.195,Mid CLV,Low Risk,MONITOR: no action needed yet
16010,246,3,407.5,2010-12-12 12:18:00,62,United Kingdom,363,135.83333333333334,1,1,0.9166666666666666,440.8715251690459,Low CLV,High Risk,"DO NOT INVEST: low value, unlikely to be saved profitably"
16011,8,16,3362.71,2010-12-08 16:34:00,99,United Kingdom,366,210.169375,0,3,0.04,6615.167213114754,High CLV,Low Risk,REWARD: early access / loyalty perks (already staying)
16012,35,3,1415.29,2011-07-07 18:02:00,87,United Kingdom,155,471.7633333333333,0,0,0.02,6574.250322580644,High CLV,Low Risk,REWARD: early access / loyalty perks (already staying)
16013,4,47,37130.6,2010-12-03 13:09:00,30,United Kingdom,371,790.0127659574467,0,3,0.02,72059.38544474394,High CLV,Low Risk,REWARD: early access / loyalty perks (already staying)
16014,38,3,662.38,2011-02-21 17:42:00,123,United Kingdom,291,220.79333333333332,0,0,0.08666666666666667,1638.8783505154643,Mid CLV,Low Risk,MONITOR: no action needed yet
16015,4,3,705.39,2011-10-21 12:56:00,146,United Kingdom,49,235.13,0,0,0.0033333333333333335,10364.914285714285,High CLV,Low Risk,REWARD: early access / loyalty perks (already staying)
16016,3,8,1508.76,2010-12-08 12:36:00,156,United Kingdom,367,188.595,0,0,0.023333333333333334,2959.965122615804,Mid CLV,Low Risk,MONITOR: no action needed yet
16017,47,1,211.88,2011-10-23 12:56:00,26,United Kingdom,47,211.88,0,0,0.0,3245.821276595744,Mid CLV,,MONITOR: no action needed yet
16018,39,2,408.90000000000003,2011-06-12 13:52:00,26,United Kingdom,180,204.45000000000002,0,0,0.13,1635.6000000000001,Mid CLV,Low Risk,MONITOR: no action needed yet
16019,47,9,3786.2400000000002,2010-12-10 12:29:00,133,United Kingdom,365,420.6933333333334,0,0,0.01,7468.747397260275,High CLV,Low Risk,REWARD: early access / loyalty perks (already staying)
16020,17,3,851.01,2011-10-05 13:54:00,42,United Kingdom,65,283.67,0,0,0.013333333333333334,9426.57230769231,High CLV,Low Risk,REWARD: early access / loyalty perks (already staying)
16022,260,1,628.28,2011-03-24 13:16:00,68,United Kingdom,260,628.28,1,1,0.99,878.7132867132866,Low CLV,High Risk,"DO NOT INVEST: low value, unlikely to be saved profitably"
16023,46,3,719.81,2011-03-18 13:32:00,90,United Kingdom,266,239.93666666666664,0,0,0.03666666666666667,1948.357894736842,Mid CLV,Low Risk,MONITOR: no action needed yet
16024,12,1,251.24,2011-11-27 13:26:00,61,United Kingdom,12,251.24,0,0,0.023333333333333334,6029.76,High CLV,Low Risk,REWARD: early access / loyalty perks (already staying)
16025,30,1,439.65999999999997,2011-11-10 11:45:00,28,United Kingdom,30,439.65999999999997,0,0,0.0,10551.84,High CLV,,MONITOR: no action needed yet
16026,43,1,236.09,2011-10-27 13:53:00,30,United Kingdom,43,236.09,0,0,0.0033333333333333335,3953.13488372093,Mid CLV,Low Risk,MONITOR: no action needed yet
16027,92,6,934.62,2011-02-10 12:19:00,11,United Kingdom,303,155.77,1,0,0.7266666666666667,1528.1278953583433,Low CLV,High Risk,"DO NOT INVEST: low value, unlikely to be saved profitably"
16029,39,63,81024.84,2010-12-01 09:57:00,44,United Kingdom,374,1286.1085714285714,0,2,0.06,155983.64919786097,High CLV,Low Risk,REWARD: early access / loyalty perks (already staying)
16030,310,1,331.24,2011-02-03 11:28:00,28,United Kingdom,310,331.24,1,1,0.9966666666666667,385.95231416549785,Low CLV,High Risk,"DO NOT INVEST: low value, unlikely to be saved profitably"
16031,92,2,548.94,2011-04-06 14:23:00,91,United Kingdom,247,274.47,1,0,0.3333333333333333,1600.1489878542513,Mid CLV,Medium Risk,MONITOR: no action needed yet
16033,6,20,8816.4,2010-12-05 10:36:00,538,United Kingdom,370,440.82,0,3,0.0,17156.237837837834,High CLV,,MONITOR: no action needed yet
16034,196,3,437.7,2011-01-11 11:54:00,18,United Kingdom,333,145.9,1,1,0.96,492.9054054054054,Low CLV,High Risk,"DO NOT INVEST: low value, unlikely to be saved profitably"
16036,87,2,758.92,2011-03-21 13:01:00,55,United Kingdom,263,379.46,0,0,0.31666666666666665,2077.651711026616,Mid CLV,Medium Risk,MONITOR: no action needed yet
16037,270,3,855.02,2010-12-16 10:18:00,37,United Kingdom,359,285.00666666666666,1,1,0.54,1587.7808727948002,Mid CLV,Medium Risk,MONITOR: no action needed yet
16038,8,3,471.78000000000003,2011-05-22 11:29:00,24,United Kingdom,202,157.26000000000002,0,0,0.25,1681.592079207921,Mid CLV,Low Risk,MONITOR: no action needed yet
16040,65,3,1313.55,2011-03-16 09:58:00,57,United Kingdom,269,437.84999999999997,0,0,0.15,3515.82156133829,Mid CLV,Low Risk,MONITOR: no action needed yet
16041,31,3,3166.4,2011-07-21 16:27:00,6,United Kingdom,141,1055.4666666666667,0,0,0.10333333333333333,16168.851063829787,High CLV,Low Risk,REWARD: early access / loyalty perks (already staying)
16042,22,5,1197.27,2011-01-11 13:25:00,68,United Kingdom,332,239.454,0,0,0.02666666666666667,2596.489156626506,Mid CLV,Low Risk,MONITOR: no action needed yet
16043,38,4,773.99,2011-01-26 11:14:00,30,United Kingdom,318,193.4975,0,0,0.33666666666666667,1752.4301886792455,Mid CLV,Medium Risk,MONITOR: no action needed yet
16045,120,4,1340.7,2011-02-22 14:55:00,71,United Kingdom,290,335.175,1,0,0.7033333333333334,2366.3278313449914,Mid CLV,High Risk,MONITOR: no action needed yet
16048,373,2,256.44,2010-12-01 15:27:00,8,United Kingdom,373,128.22,1,1,0.8666666666666667,285.57970715611464,Low CLV,High Risk,"DO NOT INVEST: low value, unlikely to be saved profitably"
16049,40,3,1111.79,2011-09-25 14:33:00,248,United Kingdom,75,370.59666666666664,0,0,0.0,10673.184000000001,High CLV,,MONITOR: no action needed yet
16050,174,1,137.9,2011-06-19 11:44:00,10,United Kingdom,174,137.9,1,1,0.98,291.1330049261084,Low CLV,High Risk,"DO NOT INVEST: low value, unlikely to be saved profitably"
16052,54,1,362.06,2011-10-16 15:13:00,34,United Kingdom,54,362.06,0,0,0.0,4827.466666666667,Mid CLV,,MONITOR: no action needed yet
16053,33,2,1511.95,2011-08-09 14:57:00,81,United Kingdom,122,755.975,0,0,0.12,8922.983606557378,High CLV,Low Risk,REWARD: early access / loyalty perks (already staying)
16054,145,1,783.9,2011-07-17 13:08:00,70,United Kingdom,145,783.9,1,1,0.9466666666666667,2055.8814958717826,Mid CLV,High Risk,MONITOR: no action needed yet
16055,221,1,134.8,2011-05-03 09:26:00,8,United Kingdom,221,134.8,1,1,1.0,219.58371040723983,Low CLV,High Risk,"DO NOT INVEST: low value, unlikely to be saved profitably"
16056,45,1,664.85,2011-10-25 15:19:00,66,United Kingdom,45,664.85,0,0,0.016666666666666666,10637.6,High CLV,Low Risk,REWARD: early access / loyalty perks (already staying)
16057,16,7,2263.12,2011-02-28 10:35:00,109,United Kingdom,285,323.30285714285714,0,0,0.006666666666666667,5717.355789473684,High CLV,Low Risk,REWARD: early access / loyalty perks (already staying)
16059,66,6,1459.8600000000001,2010-12-07 10:36:00,126,United Kingdom,368,243.31000000000003,0,0,0.016666666666666666,2856.2478260869566,Mid CLV,Low Risk,MONITOR: no action needed yet
16062,10,4,1153.62,2010-12-10 12:00:00,50,United Kingdom,365,288.405,0,0,0.06333333333333334,2275.6339726027395,Mid CLV,Low Risk,MONITOR: no action needed yet
16063,260,1,335.32,2011-03-24 14:55:00,23,United Kingdom,260,335.32,1,1,1.0,464.2892307692308,Low CLV,High Risk,"DO NOT INVEST: low value, unlikely to be saved profitably"
16065,365,1,372.09,2010-12-09 13:03:00,71,United Kingdom,365,372.09,1,1,0.9566666666666667,383.61624743449,Low CLV,High Risk,"DO NOT INVEST: low value, unlikely to be saved profitably"
16066,17,5,1521.87,2011-08-07 14:33:00,77,United Kingdom,124,304.37399999999997,0,0,0.01,8836.66451612903,High CLV,Low Risk,REWARD: early access / loyalty perks (already staying)
16070,22,2,852.15,2011-11-07 16:36:00,32,United Kingdom,32,426.075,0,0,0.01,19173.375,High CLV,Low Risk,REWARD: early access / loyalty perks (already staying)
16071,45,1,326.24,2011-10-26 11:14:00,21,United Kingdom,45,326.24,0,0,0.0,5219.84,High CLV,,MONITOR: no action needed yet
16072,288,1,584.3199999999999,2011-02-24 14:32:00,23,United Kingdom,288,584.3199999999999,1,1,1.0,730.3999999999999,Low CLV,High Risk,"DO NOT INVEST: low value, unlikely to be saved profitably"
16073,297,1,122.39999999999999,2011-02-15 15:41:00,1,United Kingdom,297,122.39999999999999,1,1,1.0,148.36363636363635,Low CLV,High Risk,"DO NOT INVEST: low value, unlikely to be saved profitably"
16076,3,10,2234.73,2011-05-15 12:31:00,71,United Kingdom,209,223.473,0,0,0.023333333333333334,7698.591387559809,High CLV,Low Risk,REWARD: early access / loyalty perks (already staying)
16078,284,1,79.2,2011-03-01 09:47:00,1,United Kingdom,284,79.2,1,1,0.9966666666666667,100.73013330821047,Low CLV,High Risk,"DO NOT INVEST: low value, unlikely to be saved profitably"
16079,17,3,1352.0,2011-10-30 13:06:00,18,United Kingdom,40,450.6666666666667,0,0,0.013333333333333334,24336.0,High CLV,Low Risk,REWARD: early access / loyalty perks (already staying)
16080,82,2,217.16,2011-03-10 14:44:00,10,United Kingdom,274,108.58,0,0,0.6666666666666666,427.9795620437957,Low CLV,High Risk,"DO NOT INVEST: low value, unlikely to be saved profitably"
16081,56,5,2806.9,2010-12-08 11:16:00,175,United Kingdom,367,561.38,0,0,0.09,5506.724795640328,High CLV,Low Risk,REWARD: early access / loyalty perks (already staying)
16083,101,2,1317.62,2010-12-14 11:51:00,31,United Kingdom,361,658.81,1,0,0.7833333333333333,1677.4086167265866,Mid CLV,High Risk,MONITOR: no action needed yet
16084,299,1,436.18,2011-02-13 16:05:00,38,United Kingdom,299,436.18,1,1,0.9833333333333333,534.0676832379116,Low CLV,High Risk,"DO NOT INVEST: low value, unlikely to be saved profitably"
16085,23,5,981.51,2011-01-23 12:07:00,123,United Kingdom,321,196.302,0,0,0.043333333333333335,2201.517757009346,Mid CLV,Low Risk,MONITOR: no action needed yet
16086,59,5,1121.39,2010-12-07 13:45:00,24,United Kingdom,367,224.27800000000002,0,0,0.07333333333333333,2200.002179836513,Mid CLV,Low Risk,MONITOR: no action needed yet
16091,155,2,315.06,2011-05-25 09:18:00,16,United Kingdom,199,157.53,1,1,0.7766666666666666,733.8512304009316,Low CLV,High Risk,"DO NOT INVEST: low value, unlikely to be saved profitably"
16092,115,3,817.86,2011-03-30 15:38:00,37,United Kingdom,254,272.62,1,0,0.30666666666666664,2318.343307086614,Mid CLV,Medium Risk,MONITOR: no action needed yet
16093,107,1,17.0,2011-08-25 11:09:00,1,United Kingdom,107,17.0,1,0,0.9833333333333333,58.1656898463488,Low CLV,High Risk,"DO NOT INVEST: low value, unlikely to be saved profitably"
16094,12,4,1078.23,2011-05-04 13:57:00,48,United Kingdom,219,269.5575,0,0,0.15,3544.8657534246577,Mid CLV,Low Risk,MONITOR: no action needed yet
16096,264,1,320.62,2011-03-20 13:38:00,12,United Kingdom,264,320.62,1,1,0.9966666666666667,438.6713286713286,Low CLV,High Risk,"DO NOT INVEST: low value, unlikely to be saved profitably"
16097,240,1,185.04999999999998,2011-04-13 13:47:00,10,United Kingdom,240,185.04999999999998,1,1,0.9966666666666667,278.5033444816053,Low CLV,High Risk,"DO NOT INVEST: low value, unlikely to be saved profitably"
16098,88,7,2005.63,2010-12-01 09:45:00,34,United Kingdom,374,286.5185714285714,0,0,0.25,3861.105882352941,Mid CLV,Low Risk,MONITOR: no action needed yet
16099,50,3,731.9,2011-04-28 08:34:00,29,United Kingdom,226,243.96666666666667,0,0,0.16666666666666666,2331.716814159292,Mid CLV,Low Risk,MONITOR: no action needed yet
16101,71,1,1290.7,2011-09-30 10:18:00,76,United Kingdom,71,1290.7,0,0,0.013333333333333334,13088.788732394367,High CLV,Low Risk,REWARD: early access / loyalty perks (already staying)
16102,42,3,1842.14,2011-08-03 12:50:00,41,United Kingdom,129,614.0466666666667,0,0,0.023333333333333334,10281.711627906978,High CLV,Low Risk,REWARD: early access / loyalty perks (already staying)
16103,7,6,1429.64,2011-04-20 12:28:00,30,United Kingdom,234,238.27333333333334,0,0,0.02666666666666667,4398.892307692308,Mid CLV,Low Risk,MONITOR: no action needed yet
16104,62,1,302.36,2011-10-09 10:23:00,28,United Kingdom,62,302.36,0,0,0.0,3511.2774193548385,Mid CLV,,MONITOR: no action needed yet
16105,249,1,336.96,2011-04-05 10:13:00,13,United Kingdom,249,336.96,1,1,0.9933333333333333,490.44068893021745,Low CLV,High Risk,"DO NOT INVEST: low value, unlikely to be saved profitably"
16106,66,1,108.38,2011-10-05 10:37:00,6,United Kingdom,66,108.38,0,0,0.0033333333333333335,1182.3272727272727,Low CLV,Low Risk,MONITOR: no action needed yet
16107,18,7,3204.1600000000003,2011-06-09 18:42:00,16,United Kingdom,183,457.7371428571429,0,0,0.06,12606.531147540984,High CLV,Low Risk,REWARD: early access / loyalty perks (already staying)
16108,85,1,842.5,2011-09-16 11:48:00,48,United Kingdom,85,842.5,0,0,0.0033333333333333335,7136.470588235294,High CLV,Low Risk,REWARD: early access / loyalty perks (already staying)
16109,219,2,611.88,2011-02-04 12:37:00,18,United Kingdom,309,305.94,1,1,0.5333333333333333,1336.631067961165,Low CLV,Medium Risk,MONITOR: no action needed yet
16110,45,3,1337.48,2011-02-01 14:01:00,283,United Kingdom,311,445.82666666666665,0,0,0.08333333333333333,3096.4167202572344,Mid CLV,Low Risk,MONITOR: no action needed yet
16112,143,4,195.73999999999998,2011-01-05 11:47:00,15,United Kingdom,339,48.934999999999995,1,0,0.7866666666666666,264.2357882105895,Low CLV,High Risk,"DO NOT INVEST: low value, unlikely to be saved profitably"
16113,183,1,161.38,2011-06-09 16:16:00,30,United Kingdom,183,161.38,1,1,0.96,330.6967213114754,Low CLV,High Risk,"DO NOT INVEST: low value, unlikely to be saved profitably"
16114,171,1,135.75000000000003,2011-06-22 10:13:00,8,United Kingdom,171,135.75000000000003,1,1,0.9966666666666667,286.7452913219504,Low CLV,High Risk,"DO NOT INVEST: low value, unlikely to be saved profitably"
16115,10,8,1667.97,2011-02-20 12:14:00,169,United Kingdom,293,208.49625,0,0,0.016666666666666666,4098.765870307167,Mid CLV,Low Risk,MONITOR: no action needed yet
16116,212,1,612.78,2011-05-12 12:01:00,34,United Kingdom,212,612.78,1,1,0.97,1072.7523828049018,Low CLV,High Risk,"DO NOT INVEST: low value, unlikely to be saved profitably"
16117,190,1,232.21,2011-06-03 11:42:00,30,United Kingdom,190,232.21,1,1,0.9766666666666667,450.4882342374708,Low CLV,High Risk,"DO NOT INVEST: low value, unlikely to be saved profitably"
16119,8,2,423.36,2011-09-28 10:15:00,14,United Kingdom,73,211.68,0,0,0.0033333333333333335,4175.605479452055,Mid CLV,Low Risk,MONITOR: no action needed yet
16120,59,4,1309.14,2011-10-11 14:10:00,26,United Kingdom,59,327.285,0,0,0.016666666666666666,15975.945762711868,High CLV,Low Risk,REWARD: early access / loyalty perks (already staying)
16121,57,2,867.11,2011-05-08 11:52:00,170,United Kingdom,216,433.555,0,0,0.14,2890.366666666667,Mid CLV,Low Risk,MONITOR: no action needed yet
16122,73,4,684.4200000000001,2010-12-08 11:41:00,26,United Kingdom,367,171.10500000000002,0,0,0.35333333333333333,1342.731335149864,Low CLV,Medium Risk,MONITOR: no action needed yet
16123,52,1,307.78,2011-10-19 09:18:00,16,United Kingdom,52,307.78,0,0,0.0,4261.569230769231,Mid CLV,,MONITOR: no action needed yet
16124,317,1,249.0,2011-01-26 14:45:00,11,United Kingdom,317,249.0,1,1,0.9966666666666667,283.72176445143117,Low CLV,High Risk,"DO NOT INVEST: low value, unlikely to be saved profitably"
16125,367,1,289.35,2010-12-07 15:48:00,13,United Kingdom,367,289.35,1,1,0.9933333333333333,285.73596913117433,Low CLV,High Risk,"DO NOT INVEST: low value, unlikely to be saved profitably"
16126,29,4,6287.77,2011-02-16 11:18:00,57,United Kingdom,297,1571.9425,0,0,0.09333333333333334,15243.078787878789,High CLV,Low Risk,REWARD: early access / loyalty perks (already staying)
16127,39,1,656.25,2011-10-31 13:58:00,40,United Kingdom,39,656.25,0,0,0.013333333333333334,12115.384615384613,High CLV,Low Risk,REWARD: early access / loyalty perks (already staying)
16128,18,5,1880.22,2011-03-02 12:21:00,76,United Kingdom,283,376.044,0,0,0.03333333333333333,4783.598586572438,Mid CLV,Low Risk,MONITOR: no action needed yet
16131,52,6,3506.54,2011-04-14 08:32:00,55,United Kingdom,240,584.4233333333333,0,0,0.10666666666666667,10519.619999999999,High CLV,Low Risk,REWARD: early access / loyalty perks (already staying)
16133,4,33,14589.04,2011-01-25 15:55:00,219,United Kingdom,318,442.09212121212124,0,3,0.0,33031.788679245285,High CLV,,MONITOR: no action needed yet
16134,22,2,618.09,2010-12-15 14:00:00,34,United Kingdom,359,309.045,0,0,0.30333333333333334,1239.6233983286909,Low CLV,Medium Risk,MONITOR: no action needed yet
16135,263,1,517.55,2011-03-22 12:30:00,21,United Kingdom,263,517.55,1,1,0.9966666666666667,710.8028027518851,Low CLV,High Risk,"DO NOT INVEST: low value, unlikely to be saved profitably"
16136,60,3,709.38,2011-03-07 09:52:00,35,United Kingdom,278,236.46,0,0,0.24666666666666667,1837.2431654676257,Mid CLV,Low Risk,MONITOR: no action needed yet
16139,19,3,635.41,2011-05-17 10:23:00,25,United Kingdom,207,211.8033333333333,0,0,0.10666666666666667,2210.1217391304344,Mid CLV,Low Risk,MONITOR: no action needed yet
16140,66,2,725.18,2010-12-03 14:40:00,32,United Kingdom,371,362.59,0,0,0.68,1034.821626763913,Low CLV,High Risk,"DO NOT INVEST: low value, unlikely to be saved profitably"
16141,88,1,620.4,2011-09-12 13:11:00,30,United Kingdom,88,620.4,0,0,0.006666666666666667,5076.0,High CLV,Low Risk,REWARD: early access / loyalty perks (already staying)
16142,250,1,535.34,2011-04-04 10:16:00,37,United Kingdom,250,535.34,1,1,0.9966666666666667,773.4678260869564,Low CLV,High Risk,"DO NOT INVEST: low value, unlikely to be saved profitably"
16143,3,6,2424.94,2010-12-05 15:18:00,75,United Kingdom,369,404.1566666666667,0,0,0.043333333333333335,4731.590243902439,Mid CLV,Low Risk,MONITOR: no action needed yet
16144,247,1,175.2,2011-04-07 10:09:00,1,United Kingdom,247,175.2,1,1,0.9966666666666667,256.2062475458004,Low CLV,High Risk,"DO NOT INVEST: low value, unlikely to be saved profitably"
16145,9,11,3799.4900000000002,2010-12-15 09:09:00,134,United Kingdom,360,345.40818181818184,0,0,0.03666666666666667,7598.98,High CLV,Low Risk,REWARD: early access / loyalty perks (already staying)
16146,157,3,734.13,2011-04-21 15:25:00,26,United Kingdom,232,244.71,1,1,0.66,1726.010971786834,Mid CLV,High Risk,MONITOR: no action needed yet
16147,134,1,375.0,2011-07-29 09:57:00,22,United Kingdom,134,375.0,1,0,0.9966666666666667,1010.8321269904657,Low CLV,High Risk,"DO NOT INVEST: low value, unlikely to be saved profitably"
16148,296,1,76.32000000000001,2011-02-16 14:01:00,1,United Kingdom,296,76.32000000000001,1,1,1.0,92.82162162162163,Low CLV,High Risk,"DO NOT INVEST: low value, unlikely to be saved profitably"
16149,5,2,280.52,2011-07-20 14:54:00,18,United Kingdom,142,140.26,0,0,0.17,1422.3549295774646,Low CLV,Low Risk,MONITOR: no action needed yet
16150,43,5,2053.02,2010-12-02 18:27:00,91,United Kingdom,372,410.604,0,0,0.36666666666666664,3973.5870967741935,Mid CLV,Medium Risk,MONITOR: no action needed yet
16152,269,1,1829.04,2011-03-16 09:47:00,29,United Kingdom,269,1829.04,1,1,0.9666666666666667,2532.1922830406356,Mid CLV,High Risk,MONITOR: no action needed yet
16153,50,5,1824.23,2010-12-20 09:22:00,78,United Kingdom,355,364.846,0,0,0.07666666666666666,3699.84676056338,Mid CLV,Low Risk,MONITOR: no action needed yet
16156,9,9,3122.04,2011-02-02 12:02:00,108,United Kingdom,311,346.8933333333333,0,0,0.04666666666666667,7227.873954983923,High CLV,Low Risk,REWARD: early access / loyalty perks (already staying)
16157,16,3,656.69,2011-09-28 11:48:00,12,United Kingdom,73,218.89666666666668,0,0,0.05,6476.9424657534255,High CLV,Low Risk,REWARD: early access / loyalty perks (already staying)
16159,282,1,348.2,2011-03-03 12:27:00,14,United Kingdom,282,348.2,1,1,0.9966666666666667,445.9972959510424,Low CLV,High Risk,"DO NOT INVEST: low value, unlikely to be saved profitably"
16160,65,2,1025.44,2011-09-15 10:53:00,20,United Kingdom,86,512.72,0,0,0.013333333333333334,8585.079069767442,High CLV,Low Risk,REWARD: early access / loyalty perks (already staying)
16161,2,19,5575.56,2010-12-06 10:03:00,286,United Kingdom,369,293.4505263157895,0,3,0.0,10879.141463414635,High CLV,,MONITOR: no action needed yet
16162,252,1,37.4,2011-04-01 15:03:00,2,United Kingdom,252,37.4,1,1,0.9933333333333333,53.787152444870564,Low CLV,High Risk,"DO NOT INVEST: low value, unlikely to be saved profitably"
16163,232,2,856.6,2010-12-09 16:28:00,5,United Kingdom,365,428.3,1,1,0.8066666666666666,1047.3542397826334,Low CLV,High Risk,"DO NOT INVEST: low value, unlikely to be saved profitably"
16164,17,3,822.48,2011-10-28 09:12:00,27,United Kingdom,43,274.16,0,0,0.013333333333333334,13771.758139534886,High CLV,Low Risk,REWARD: early access / loyalty perks (already staying)
16168,11,27,3787.6,2010-12-05 11:38:00,57,United Kingdom,370,140.28148148148148,0,3,0.03666666666666667,7370.4648648648645,High CLV,Low Risk,REWARD: early access / loyalty perks (already staying)
16169,8,4,1822.97,2011-09-25 11:33:00,71,United Kingdom,76,455.7425,0,0,0.0033333333333333335,17270.242105263158,High CLV,Low Risk,REWARD: early access / loyalty perks (already staying)
16170,51,6,1885.05,2011-04-05 13:42:00,106,United Kingdom,248,314.175,0,0,0.03,5472.725806451612,High CLV,Low Risk,REWARD: early access / loyalty perks (already staying)
16171,59,1,73.2,2011-10-11 14:51:00,3,United Kingdom,59,73.2,0,0,0.006666666666666667,893.2881355932204,Low CLV,Low Risk,MONITOR: no action needed yet
16172,95,5,1140.21,2011-04-12 12:02:00,52,United Kingdom,242,228.042,1,0,0.66,2569.9699474079644,Mid CLV,High Risk,MONITOR: no action needed yet
16173,16,6,1418.32,2011-09-02 15:23:00,70,United Kingdom,98,236.38666666666666,0,0,0.016666666666666666,10420.310204081632,High CLV,Low Risk,REWARD: early access / loyalty perks (already staying)
16174,126,3,1009.5500000000001,2011-07-11 09:23:00,19,United Kingdom,152,336.5166666666667,1,0,0.6733333333333333,3551.0487232933824,Mid CLV,High Risk,MONITOR: no action needed yet
16175,94,4,1037.59,2011-04-13 14:38:00,45,United Kingdom,240,259.3975,1,0,0.8,1945.4812499999998,Mid CLV,High Risk,MONITOR: no action needed yet
16177,50,1,331.95,2011-10-20 12:57:00,15,United Kingdom,50,331.95,0,0,0.0033333333333333335,4780.08,Mid CLV,Low Risk,MONITOR: no action needed yet
16178,138,1,197.9,2011-07-24 16:05:00,8,United Kingdom,138,197.9,1,0,0.99,521.475625823452,Low CLV,High Risk,"DO NOT INVEST: low value, unlikely to be saved profitably"
16179,61,1,215.83,2011-10-10 09:41:00,11,United Kingdom,61,215.83,0,0,0.0,2547.5016393442625,Mid CLV,,MONITOR: no action needed yet
16180,100,8,10254.18,2011-04-01 10:23:00,90,United Kingdom,253,1281.7725,1,0,0.6333333333333333,23038.30746827543,High CLV,High Risk,PRIORITIZE: proactive retention offer
16181,73,1,305.54,2011-09-27 13:38:00,11,United Kingdom,73,305.54,0,0,0.0,3013.5452054794523,Mid CLV,,MONITOR: no action needed yet
16182,72,4,6617.65,2011-02-18 10:11:00,17,United Kingdom,295,1654.4125,0,0,0.05333333333333334,16151.55254237288,High CLV,Low Risk,REWARD: early access / loyalty perks (already staying)
16183,67,1,338.71000000000004,2011-10-03 14:59:00,15,United Kingdom,67,338.71000000000004,0,0,0.0,3639.8686567164177,Mid CLV,,MONITOR: no action needed yet
16184,64,6,1158.79,2011-05-12 13:33:00,26,United Kingdom,211,193.13166666666666,0,0,0.023333333333333334,3954.1649289099523,Mid CLV,Low Risk,MONITOR: no action needed yet
16185,17,2,529.41,2011-04-21 11:59:00,31,United Kingdom,233,264.705,0,0,0.21666666666666667,1635.9450643776822,Mid CLV,Low Risk,MONITOR: no action needed yet
16186,23,12,4006.94,2010-12-02 14:40:00,87,United Kingdom,372,333.9116666666667,0,0,0.01,7755.3677419354835,High CLV,Low Risk,REWARD: early access / loyalty perks (already staying)
16187,32,15,6911.4400000000005,2011-02-28 13:34:00,160,United Kingdom,284,460.7626666666667,0,3,0.006666666666666667,17521.960563380282,High CLV,Low Risk,REWARD: early access / loyalty perks (already staying)
16188,45,4,981.86,2011-04-11 09:44:00,65,United Kingdom,243,245.465,0,0,0.03,2909.214814814815,Mid CLV,Low Risk,MONITOR: no action needed yet
16189,16,2,215.48,2011-09-15 15:21:00,9,United Kingdom,85,107.74,0,0,0.02666666666666667,1825.2423529411763,Mid CLV,Low Risk,MONITOR: no action needed yet
16190,40,1,215.08,2011-10-30 15:59:00,6,United Kingdom,40,215.08,0,0,0.0,3871.4400000000005,Mid CLV,,MONITOR: no action needed yet
16191,3,13,5180.52,2010-12-14 12:38:00,65,United Kingdom,361,398.5015384615385,0,0,0.006666666666666667,10332.339058171747,High CLV,Low Risk,REWARD: early access / loyalty perks (already staying)
16193,237,1,314.45,2011-04-17 11:45:00,19,United Kingdom,237,314.45,1,1,1.0,477.6455696202531,Low CLV,High Risk,"DO NOT INVEST: low value, unlikely to be saved profitably"
16198,75,1,400.68100000000004,2011-09-25 14:58:00,15,United Kingdom,75,400.68100000000004,0,0,0.0,3846.5376,Mid CLV,,MONITOR: no action needed yet
16200,4,2,1080.6200000000001,2011-06-28 15:47:00,149,United Kingdom,164,540.3100000000001,0,0,0.11,4744.185365853658,Mid CLV,Low Risk,MONITOR: no action needed yet
16201,3,4,1863.47,2011-08-22 10:47:00,74,United Kingdom,110,465.8675,0,0,0.01,12197.258181818182,High CLV,Low Risk,REWARD: early access / loyalty perks (already staying)
16202,361,1,365.27,2010-12-14 10:43:00,18,United Kingdom,361,365.27,1,1,0.9966666666666667,365.47642650015285,Low CLV,High Risk,"DO NOT INVEST: low value, unlikely to be saved profitably"
16203,59,4,592.9,2010-12-02 15:39:00,27,United Kingdom,372,148.225,0,0,0.6066666666666667,945.7816377171216,Low CLV,High Risk,"DO NOT INVEST: low value, unlikely to be saved profitably"
16204,23,1,405.71,2011-11-16 13:40:00,45,United Kingdom,23,405.71,0,0,0.0033333333333333335,9737.039999999999,High CLV,Low Risk,REWARD: early access / loyalty perks (already staying)
16205,31,4,761.38,2011-06-13 11:33:00,73,United Kingdom,180,190.345,0,0,0.006666666666666667,3045.52,Mid CLV,Low Risk,MONITOR: no action needed yet
16206,55,4,537.0600000000001,2011-01-16 11:07:00,52,United Kingdom,328,134.26500000000001,0,0,0.78,755.7129455909943,Low CLV,High Risk,"DO NOT INVEST: low value, unlikely to be saved profitably"
16207,25,1,394.38,2011-11-14 13:51:00,19,United Kingdom,25,394.38,0,0,0.0,9465.119999999999,High CLV,,MONITOR: no action needed yet
16208,45,2,664.26,2011-02-23 13:37:00,61,United Kingdom,289,332.13,0,0,0.13,1654.9038062283737,Mid CLV,Low Risk,MONITOR: no action needed yet
16209,89,5,2262.62,2011-04-07 12:23:00,37,United Kingdom,247,452.524,0,0,0.006666666666666667,6595.491497975709,High CLV,Low Risk,REWARD: early access / loyalty perks (already staying)
16210,2,18,21086.3,2010-12-01 12:27:00,74,United Kingdom,374,1171.461111111111,0,3,0.03666666666666667,40593.946524064166,High CLV,Low Risk,REWARD: early access / loyalty perks (already staying)
16211,89,1,547.02,2011-09-12 12:11:00,23,United Kingdom,89,547.02,0,0,0.0033333333333333335,4425.330337078651,Mid CLV,Low Risk,MONITOR: no action needed yet
16212,19,2,690.34,2011-03-01 12:51:00,40,United Kingdom,283,345.17,0,0,0.44,1756.3420494699649,Mid CLV,Medium Risk,MONITOR: no action needed yet
16213,79,1,159.0,2011-09-22 10:03:00,6,United Kingdom,79,159.0,0,0,0.0,1449.113924050633,Low CLV,,MONITOR: no action needed yet
16214,171,3,1062.75,2011-03-15 13:23:00,36,United Kingdom,269,354.25,1,1,0.45666666666666667,2844.53531598513,Mid CLV,Medium Risk,MONITOR: no action needed yet
16215,81,1,242.35,2011-09-20 10:18:00,14,United Kingdom,81,242.35,0,0,0.0,2154.222222222222,Mid CLV,,MONITOR: no action needed yet
16216,267,1,914.9300000000001,2011-03-17 15:34:00,37,United Kingdom,267,914.9300000000001,1,1,0.99,1246.0742254000681,Low CLV,High Risk,"DO NOT INVEST: low value, unlikely to be saved profitably"
16217,235,2,304.25,2011-03-02 15:28:00,13,United Kingdom,282,152.125,1,1,0.9233333333333333,420.65442814348256,Low CLV,High Risk,"DO NOT INVEST: low value, unlikely to be saved profitably"
16218,30,7,3084.68,2010-12-01 11:29:00,56,United Kingdom,374,440.6685714285714,0,0,0.14666666666666667,5938.421390374331,High CLV,Low Risk,REWARD: early access / loyalty perks (already staying)
16221,37,3,864.86,2010-12-07 13:13:00,90,United Kingdom,367,288.2866666666667,0,0,0.09333333333333334,1696.7280653950957,Mid CLV,Low Risk,MONITOR: no action needed yet
16222,318,1,846.72,2011-01-25 13:38:00,120,United Kingdom,318,846.72,1,1,0.9333333333333333,1027.0188679245284,Low CLV,High Risk,"DO NOT INVEST: low value, unlikely to be saved profitably"
16224,57,4,1295.3,2011-04-04 12:00:00,90,United Kingdom,250,323.825,0,0,0.08666666666666667,3730.4639999999995,Mid CLV,Low Risk,MONITOR: no action needed yet
16225,45,5,1096.32,2011-03-07 12:17:00,109,United Kingdom,278,219.26399999999998,0,0,0.02,2839.3899280575533,Mid CLV,Low Risk,MONITOR: no action needed yet
16226,203,3,255.12,2011-04-18 12:58:00,6,United Kingdom,235,85.04,1,1,0.8233333333333334,474.68274614523216,Low CLV,High Risk,"DO NOT INVEST: low value, unlikely to be saved profitably"
16227,225,1,314.22,2011-04-28 13:33:00,6,United Kingdom,225,314.22,1,1,0.9966666666666667,504.4334448160535,Low CLV,High Risk,"DO NOT INVEST: low value, unlikely to be saved profitably"
16229,87,2,1010.6,2011-05-11 10:18:00,46,United Kingdom,213,505.3,0,0,0.17,3416.1126760563384,Mid CLV,Low Risk,MONITOR: no action needed yet
16230,190,2,542.03,2011-05-03 15:12:00,32,United Kingdom,220,271.015,1,1,0.49,1773.9163636363635,Mid CLV,Medium Risk,MONITOR: no action needed yet
16232,44,4,990.88,2011-05-08 14:05:00,24,United Kingdom,215,247.72,0,0,0.05,3318.2958139534885,Mid CLV,Low Risk,MONITOR: no action needed yet
16233,71,3,536.6800000000001,2010-12-08 12:51:00,22,United Kingdom,366,178.89333333333335,0,0,0.6766666666666666,780.121133812485,Low CLV,High Risk,"DO NOT INVEST: low value, unlikely to be saved profitably"
16235,41,5,867.31,2011-01-11 15:42:00,42,United Kingdom,332,173.462,0,0,0.03333333333333333,1880.913253012048,Mid CLV,Low Risk,MONITOR: no action needed yet
16236,78,1,432.2,2011-09-22 14:10:00,20,United Kingdom,78,432.2,0,0,0.0033333333333333335,3989.5384615384614,Mid CLV,Low Risk,MONITOR: no action needed yet
16239,57,2,414.2,2011-06-03 09:30:00,18,United Kingdom,190,207.1,0,0,0.12333333333333334,1569.6000000000001,Mid CLV,Low Risk,MONITOR: no action needed yet
16240,24,2,3718.8,2011-09-23 13:44:00,126,United Kingdom,77,1859.4,0,0,0.013333333333333334,34773.194805194806,High CLV,Low Risk,REWARD: early access / loyalty perks (already staying)
16241,10,13,2607.87,2010-12-05 11:04:00,347,United Kingdom,370,200.6053846153846,0,0,0.01,5074.7740540540535,High CLV,Low Risk,REWARD: early access / loyalty perks (already staying)
16242,8,7,3603.21,2011-03-07 17:04:00,184,United Kingdom,277,514.7442857142858,0,0,0.016666666666666666,9365.744404332132,High CLV,Low Risk,REWARD: early access / loyalty perks (already staying)
16243,34,2,409.1,2011-10-16 12:09:00,49,United Kingdom,55,204.55,0,0,0.006666666666666667,5355.49090909091,High CLV,Low Risk,REWARD: early access / loyalty perks (already staying)
16244,212,2,1522.75,2010-12-02 11:41:00,88,United Kingdom,373,761.375,1,1,0.8533333333333334,1722.2792392761394,Mid CLV,High Risk,MONITOR: no action needed yet
16245,24,3,1413.66,2011-03-28 09:30:00,80,United Kingdom,257,471.22,0,0,0.15333333333333332,3960.4482490272376,Mid CLV,Low Risk,MONITOR: no action needed yet
16247,170,1,114.56,2011-06-22 14:23:00,16,United Kingdom,170,114.56,1,1,0.9833333333333333,246.70947158524424,Low CLV,High Risk,"DO NOT INVEST: low value, unlikely to be saved profitably"
16248,62,1,152.94,2011-10-09 11:32:00,7,United Kingdom,62,152.94,0,0,0.01,1776.0774193548386,Mid CLV,Low Risk,MONITOR: no action needed yet
16249,53,5,1800.07,2011-04-14 13:50:00,67,United Kingdom,239,360.014,0,0,0.07333333333333333,5422.805020920502,High CLV,Low Risk,REWARD: early access / loyalty perks (already staying)
16250,261,2,389.44,2010-12-01 09:59:00,22,United Kingdom,374,194.72,1,1,0.7833333333333333,478.54727500284446,Low CLV,High Risk,"DO NOT INVEST: low value, unlikely to be saved profitably"
16253,67,2,3683.86,2011-03-29 13:33:00,114,United Kingdom,255,1841.93,0,0,0.10333333333333333,10401.48705882353,High CLV,Low Risk,REWARD: early access / loyalty perks (already staying)
16255,17,8,2619.91,2010-12-09 14:25:00,146,United Kingdom,365,327.48875,0,0,0.03333333333333333,5168.041643835617,High CLV,Low Risk,REWARD: early access / loyalty perks (already staying)
16256,267,1,752.4300000000001,2011-03-18 12:18:00,13,United Kingdom,267,752.4300000000001,1,1,0.99,1024.7599591419817,Low CLV,High Risk,"DO NOT INVEST: low value, unlikely to be saved profitably"
16257,177,1,46.95,2011-06-16 10:11:00,2,United Kingdom,177,46.95,1,1,0.9866666666666667,96.78195144296838,Low CLV,High Risk,"DO NOT INVEST: low value, unlikely to be saved profitably"
16258,45,5,5203.51,2011-05-04 14:33:00,111,United Kingdom,219,1040.702,0,0,0.0033333333333333335,17107.430136986302,High CLV,Low Risk,REWARD: early access / loyalty perks (already staying)
16260,51,1,1035.45,2011-10-20 09:40:00,18,United Kingdom,51,1035.45,0,0,0.0,14618.117647058825,High CLV,,MONITOR: no action needed yet
16261,17,4,746.83,2011-04-07 19:05:00,98,United Kingdom,246,186.7075,0,0,0.03,2185.8439024390245,Mid CLV,Low Risk,MONITOR: no action needed yet
16265,9,9,5447.0,2010-12-10 10:21:00,164,United Kingdom,365,605.2222222222222,0,0,0.01,10744.767123287671,High CLV,Low Risk,REWARD: early access / loyalty perks (already staying)
16266,74,7,861.89,2011-05-17 14:50:00,44,United Kingdom,206,123.12714285714286,0,0,0.043333333333333335,3012.4310679611654,Mid CLV,Low Risk,MONITOR: no action needed yet
16268,71,2,667.65,2011-09-29 18:30:00,45,United Kingdom,71,333.825,0,0,0.0,6770.5352112676055,High CLV,,MONITOR: no action needed yet
16270,353,1,1141.24,2010-12-21 14:26:00,54,United Kingdom,353,1141.24,1,1,0.9566666666666667,1216.5897089161097,Low CLV,High Risk,"DO NOT INVEST: low value, unlikely to be saved profitably"
16271,3,5,1429.24,2010-12-16 16:36:00,89,United Kingdom,358,285.848,0,0,0.01,2874.449162011173,Mid CLV,Low Risk,MONITOR: no action needed yet
16272,117,1,411.7,2011-08-15 10:53:00,25,United Kingdom,117,411.7,1,0,0.99,1279.5648795648797,Low CLV,High Risk,"DO NOT INVEST: low value, unlikely to be saved profitably"
16274,373,1,357.95,2010-12-01 15:35:00,64,United Kingdom,373,357.95,1,1,0.99,348.96417255666586,Low CLV,High Risk,"DO NOT INVEST: low value, unlikely to be saved profitably"
16275,197,1,559.87,2011-05-27 12:41:00,33,United Kingdom,197,559.87,1,1,0.98,1043.9925411789081,Low CLV,High Risk,"DO NOT INVEST: low value, unlikely to be saved profitably"
16276,177,1,810.6000000000001,2011-06-16 09:34:00,6,United Kingdom,177,810.6000000000001,1,1,0.9833333333333333,1676.621660442402,Mid CLV,High Risk,MONITOR: no action needed yet
16278,100,1,566.38,2011-08-31 17:12:00,23,United Kingdom,100,566.38,1,0,0.9466666666666667,2153.839436619718,Mid CLV,High Risk,MONITOR: no action needed yet
16279,21,3,1509.58,2011-06-16 11:50:00,102,United Kingdom,177,503.1933333333333,0,0,0.04666666666666667,6140.664406779661,High CLV,Low Risk,REWARD: early access / loyalty perks (already staying)
16281,72,1,2062.06,2011-09-28 14:57:00,17,United Kingdom,72,2062.06,0,0,0.0033333333333333335,20620.600000000002,High CLV,Low Risk,REWARD: early access / loyalty perks (already staying)
16282,340,1,168.3,2011-01-04 11:42:00,11,United Kingdom,340,168.3,1,1,0.9966666666666667,178.79598662207357,Low CLV,High Risk,"DO NOT INVEST: low value, unlikely to be saved profitably"
16283,6,5,1570.81,2011-05-15 13:37:00,117,United Kingdom,208,314.162,0,0,0.016666666666666666,5437.41923076923,High CLV,Low Risk,REWARD: early access / loyalty perks (already staying)
16284,31,2,823.97,2011-10-20 13:54:00,87,United Kingdom,50,411.985,0,0,0.0033333333333333335,11865.168,High CLV,Low Risk,REWARD: early access / loyalty perks (already staying)
16287,170,1,142.5,2011-06-23 09:08:00,8,United Kingdom,170,142.5,1,1,1.0,301.7647058823529,Low CLV,High Risk,"DO NOT INVEST: low value, unlikely to be saved profitably"
16292,122,1,302.25,2011-08-10 12:24:00,17,United Kingdom,122,302.25,1,0,1.0,891.8852459016395,Low CLV,High Risk,"DO NOT INVEST: low value, unlikely to be saved profitably"
16293,22,10,2248.9900000000002,2010-12-07 15:02:00,102,United Kingdom,367,224.89900000000003,0,0,0.03333333333333333,4412.1874659400555,Mid CLV,Low Risk,MONITOR: no action needed yet
16295,10,4,1328.55,2011-10-06 10:45:00,70,United Kingdom,65,332.1375,0,0,0.006666666666666667,14716.246153846154,High CLV,Low Risk,REWARD: early access / loyalty perks (already staying)
16297,269,1,301.9,2011-03-16 08:29:00,20,United Kingdom,269,301.9,1,1,0.9933333333333333,406.7413487687433,Low CLV,High Risk,"DO NOT INVEST: low value, unlikely to be saved profitably"
16298,23,3,598.2,2011-06-06 10:06:00,22,United Kingdom,187,199.4,0,0,0.06,2303.229946524064,Mid CLV,Low Risk,MONITOR: no action needed yet
16302,127,1,233.22,2011-08-05 09:44:00,11,United Kingdom,127,233.22,1,0,0.9966666666666667,663.3070866141732,Low CLV,High Risk,"DO NOT INVEST: low value, unlikely to be saved profitably"
16303,26,3,5360.63,2011-01-10 14:16:00,119,United Kingdom,333,1786.8766666666668,0,0,0.05333333333333334,11590.551351351352,High CLV,Low Risk,REWARD: early access / loyalty perks (already staying)
16305,139,1,361.21999999999997,2011-07-24 12:18:00,22,United Kingdom,139,361.21999999999997,1,0,0.9933333333333333,941.8125633721211,Low CLV,High Risk,"DO NOT INVEST: low value, unlikely to be saved profitably"
16306,214,6,632.27,2010-12-07 15:18:00,36,United Kingdom,367,105.37833333333333,1,1,0.81,765.6917953375719,Low CLV,High Risk,"DO NOT INVEST: low value, unlikely to be saved profitably"
16308,38,4,2560.0,2011-03-23 14:46:00,1,United Kingdom,261,640.0,0,0,0.15,7062.068965517243,High CLV,Low Risk,REWARD: early access / loyalty perks (already staying)
16309,106,2,706.57,2011-04-13 11:46:00,39,United Kingdom,241,353.285,1,0,0.8066666666666666,1308.4180926580023,Low CLV,High Risk,"DO NOT INVEST: low value, unlikely to be saved profitably"
16311,18,2,616.26,2011-10-21 13:13:00,35,United Kingdom,49,308.13,0,0,0.013333333333333334,9055.248979591837,High CLV,Low Risk,REWARD: early access / loyalty perks (already staying)
16313,3,2,274.15000000000003,2011-10-21 09:04:00,16,United Kingdom,50,137.07500000000002,0,0,0.0033333333333333335,3947.76,Mid CLV,Low Risk,MONITOR: no action needed yet
16315,331,1,226.37,2011-01-13 11:57:00,14,United Kingdom,331,226.37,1,1,0.9966666666666667,247.0264426234477,Low CLV,High Risk,"DO NOT INVEST: low value, unlikely to be saved profitably"
16316,64,8,2938.91,2010-12-16 14:26:00,120,United Kingdom,358,367.36375,0,0,0.01,5910.656983240223,High CLV,Low Risk,REWARD: early access / loyalty perks (already staying)
16317,120,3,1341.65,2011-02-15 14:30:00,64,United Kingdom,297,447.2166666666667,1,0,0.7333333333333333,2217.603305785124,Mid CLV,High Risk,MONITOR: no action needed yet
16318,35,1,328.15,2011-11-04 13:05:00,19,United Kingdom,35,328.15,0,0,0.0033333333333333335,6750.5142857142855,High CLV,Low Risk,REWARD: early access / loyalty perks (already staying)
16319,218,1,404.40000000000003,2011-05-06 11:27:00,3,United Kingdom,218,404.40000000000003,1,1,0.9966666666666667,670.0500138074929,Low CLV,High Risk,"DO NOT INVEST: low value, unlikely to be saved profitably"
16320,172,2,1038.46,2011-05-10 15:31:00,56,Other,213,519.23,1,1,0.75,2340.1915492957746,Mid CLV,High Risk,MONITOR: no action needed yet
16321,72,5,373.65000000000003,2011-01-20 12:11:00,7,Other,324,74.73,0,0,0.21,830.3333333333333,Low CLV,Low Risk,MONITOR: no action needed yet
16322,1,2,326.75,2011-11-03 14:33:00,28,United Kingdom,36,163.375,0,0,0.006666666666666667,6535.0,High CLV,Low Risk,REWARD: early access / loyalty perks (already staying)
16323,196,1,207.50000000000003,2011-05-27 14:48:00,1,United Kingdom,196,207.50000000000003,1,1,0.9966666666666667,382.3971059995905,Low CLV,High Risk,"DO NOT INVEST: low value, unlikely to be saved profitably"
16324,128,3,428.68,2011-06-15 14:26:00,100,United Kingdom,177,142.89333333333335,1,0,0.10333333333333333,1743.7830508474574,Mid CLV,Low Risk,MONITOR: no action needed yet
16325,47,3,594.24,2011-04-08 09:20:00,14,United Kingdom,246,198.08,0,0,0.11666666666666667,1739.239024390244,Mid CLV,Low Risk,MONITOR: no action needed yet
16326,6,14,3110.96,2011-01-09 12:01:00,158,United Kingdom,335,222.21142857142857,0,0,0.056666666666666664,6686.242388059702,High CLV,Low Risk,REWARD: early access / loyalty perks (already staying)
16327,14,6,3844.22,2010-12-05 12:43:00,142,United Kingdom,370,640.7033333333333,0,0,0.04,7480.644324324324,High CLV,Low Risk,REWARD: early access / loyalty perks (already staying)
16330,18,3,251.91,2011-08-19 17:08:00,39,United Kingdom,112,83.97,0,0,0.11333333333333333,1619.4214285714284,Mid CLV,Low Risk,MONITOR: no action needed yet
16332,28,7,1593.2,2011-02-07 14:16:00,125,United Kingdom,305,227.6,0,0,0.0033333333333333335,3760.9967213114755,Mid CLV,Low Risk,MONITOR: no action needed yet
16333,8,22,26626.8,2011-02-03 10:50:00,9,United Kingdom,310,1210.3090909090909,0,3,0.06333333333333334,61842.89032258064,High CLV,Low Risk,REWARD: early access / loyalty perks (already staying)
16337,37,1,151.05,2011-11-03 10:03:00,10,United Kingdom,37,151.05,0,0,0.006666666666666667,2939.3513513513517,Mid CLV,Low Risk,MONITOR: no action needed yet
16338,157,1,214.79999999999998,2011-07-05 13:56:00,11,United Kingdom,157,214.79999999999998,1,1,0.9933333333333333,495.84063608771856,Low CLV,High Risk,"DO NOT INVEST: low value, unlikely to be saved profitably"
16339,284,1,109.95,2011-02-28 13:41:00,17,United Kingdom,284,109.95,1,1,1.0,139.3732394366197,Low CLV,High Risk,"DO NOT INVEST: low value, unlikely to be saved profitably"
16340,107,1,549.07,2011-08-24 14:53:00,124,United Kingdom,107,549.07,1,0,0.93,1986.385287910763,Mid CLV,High Risk,MONITOR: no action needed yet
16341,25,4,1971.87,2011-05-22 13:20:00,60,United Kingdom,201,492.9675,0,0,0.016666666666666666,7063.414925373134,High CLV,Low Risk,REWARD: early access / loyalty perks (already staying)
16342,75,4,322.41,2011-06-13 10:10:00,10,United Kingdom,180,80.6025,0,0,0.14666666666666667,1289.64,Low CLV,Low Risk,MONITOR: no action needed yet
16343,16,2,370.47999999999996,2011-11-23 17:43:00,29,United Kingdom,16,185.23999999999998,0,0,0.0,8891.519999999999,High CLV,,MONITOR: no action needed yet
16344,158,1,101.10000000000001,2011-07-04 15:50:00,1,United Kingdom,158,101.10000000000001,1,1,0.97,237.4787942059246,Low CLV,High Risk,"DO NOT INVEST: low value, unlikely to be saved profitably"
16345,44,1,575.41,2011-10-26 16:03:00,35,United Kingdom,44,575.41,0,0,0.016666666666666666,9415.8,High CLV,Low Risk,REWARD: early access / loyalty perks (already staying)
16347,11,2,887.65,2011-11-03 13:01:00,61,United Kingdom,36,443.825,0,0,0.0,17753.0,High CLV,,MONITOR: no action needed yet
16348,32,7,1469.45,2011-04-13 15:49:00,157,United Kingdom,240,209.92142857142858,0,0,0.016666666666666666,4408.35,Mid CLV,Low Risk,MONITOR: no action needed yet
16349,291,1,53.5,2011-02-22 12:40:00,9,United Kingdom,291,53.5,1,1,0.9933333333333333,66.6297654466201,Low CLV,High Risk,"DO NOT INVEST: low value, unlikely to be saved profitably"
16350,21,4,1116.47,2011-01-10 09:44:00,40,United Kingdom,334,279.1175,0,0,0.05333333333333334,2406.7616766467067,Mid CLV,Low Risk,MONITOR: no action needed yet
16351,333,1,153.9,2011-01-11 10:26:00,8,United Kingdom,333,153.9,1,1,0.9933333333333333,167.49501179031384,Low CLV,High Risk,"DO NOT INVEST: low value, unlikely to be saved profitably"
16352,18,2,494.44,2011-11-02 08:44:00,28,United Kingdom,38,247.22,0,0,0.0,9368.336842105264,High CLV,,MONITOR: no action needed yet
16353,4,23,6675.71,2010-12-05 12:09:00,51,United Kingdom,370,290.24826086956523,0,3,0.0033333333333333335,12990.57081081081,High CLV,Low Risk,REWARD: early access / loyalty perks (already staying)
16354,63,2,395.8,2011-09-27 16:28:00,38,United Kingdom,73,197.9,0,0,0.0,3903.7808219178087,Mid CLV,,MONITOR: no action needed yet
16356,198,3,211.77,2011-03-07 12:31:00,20,United Kingdom,278,70.59,1,1,0.75,365.64604316546763,Low CLV,High Risk,"DO NOT INVEST: low value, unlikely to be saved profitably"
16357,33,3,658.88,2011-05-10 10:35:00,31,United Kingdom,214,219.62666666666667,0,0,0.09,2216.792523364486,Mid CLV,Low Risk,MONITOR: no action needed yet
16358,1,4,2027.5,2011-06-08 15:05:00,82,United Kingdom,184,506.875,0,0,0.02,7933.695652173912,High CLV,Low Risk,REWARD: early access / loyalty perks (already staying)
16359,7,9,1750.92,2011-01-12 10:49:00,39,United Kingdom,332,194.54666666666668,0,0,0.0033333333333333335,3797.1759036144576,Mid CLV,Low Risk,MONITOR: no action needed yet
16360,5,6,3512.53,2011-09-12 13:50:00,365,United Kingdom,88,585.4216666666667,0,0,0.0,28738.88181818182,High CLV,,MONITOR: no action needed yet
16361,10,4,896.66,2011-09-29 13:13:00,87,United Kingdom,71,224.165,0,0,0.0,9092.890140845071,High CLV,,MONITOR: no action needed yet
16362,32,5,734.77,2011-09-09 14:47:00,58,United Kingdom,91,146.954,0,0,0.02,5813.564835164835,High CLV,Low Risk,REWARD: early access / loyalty perks (already staying)
16363,53,1,109.36000000000001,2011-10-17 14:14:00,5,United Kingdom,53,109.36000000000001,0,0,0.0,1485.6452830188682,Low CLV,,MONITOR: no action needed yet
16364,12,2,707.04,2011-07-25 14:35:00,48,United Kingdom,137,353.52,0,0,0.36666666666666664,3715.8306569343067,Mid CLV,Medium Risk,MONITOR: no action needed yet
16365,18,9,1540.42,2010-12-07 17:19:00,45,United Kingdom,367,171.1577777777778,0,0,0.06,3022.0773841961854,Mid CLV,Low Risk,MONITOR: no action needed yet
16366,19,1,327.3,2011-11-21 08:19:00,18,United Kingdom,19,327.3,0,0,0.0,7855.200000000001,High CLV,,MONITOR: no action needed yet
16367,37,2,804.49,2010-12-12 12:01:00,123,United Kingdom,363,402.245,0,0,0.13333333333333333,1595.6826446280993,Mid CLV,Low Risk,MONITOR: no action needed yet
16368,2,2,497.43,2011-11-11 15:08:00,58,United Kingdom,28,248.715,0,0,0.0,11938.32,High CLV,,MONITOR: no action needed yet
16369,18,3,1553.66,2011-05-27 09:39:00,91,United Kingdom,197,517.8866666666667,0,0,0.02666666666666667,5678.351269035534,High CLV,Low Risk,REWARD: early access / loyalty perks (already staying)
16370,82,4,1320.56,2011-04-28 16:40:00,143,United Kingdom,225,330.14,0,0,0.02666666666666667,4225.792,Mid CLV,Low Risk,MONITOR: no action needed yet
16372,33,2,367.93,2011-11-06 12:50:00,86,United Kingdom,34,183.965,0,0,0.013333333333333334,7791.458823529412,High CLV,Low Risk,REWARD: early access / loyalty perks (already staying)
16374,66,2,473.03000000000003,2011-03-22 13:46:00,101,United Kingdom,262,236.51500000000001,0,0,0.11,1299.9297709923667,Low CLV,Low Risk,MONITOR: no action needed yet
16376,9,2,987.01,2011-11-22 16:47:00,104,United Kingdom,17,493.505,0,0,0.0,23688.239999999998,High CLV,,MONITOR: no action needed yet
16377,267,1,676.2,2011-03-17 15:41:00,5,United Kingdom,267,676.2,1,1,0.95,959.7161442933176,Low CLV,High Risk,"DO NOT INVEST: low value, unlikely to be saved profitably"
16378,247,3,362.95,2011-02-02 12:42:00,22,United Kingdom,311,120.98333333333333,1,1,0.7833333333333333,536.3426147636313,Low CLV,High Risk,"DO NOT INVEST: low value, unlikely to be saved profitably"
16379,4,4,2157.4,2011-09-22 09:33:00,87,United Kingdom,79,539.35,0,0,0.0033333333333333335,19662.379746835446,High CLV,Low Risk,REWARD: early access / loyalty perks (already staying)
16380,61,1,1780.59,2011-10-09 15:40:00,28,United Kingdom,61,1780.59,0,0,0.016666666666666666,21016.800000000003,High CLV,Low Risk,REWARD: early access / loyalty perks (already staying)
16383,75,2,668.36,2011-03-16 13:00:00,80,United Kingdom,268,334.18,0,0,0.23666666666666666,1795.5940298507462,Mid CLV,Low Risk,MONITOR: no action needed yet
16384,90,2,584.5,2011-03-21 10:13:00,33,United Kingdom,264,292.25,0,0,0.22333333333333333,1594.090909090909,Mid CLV,Low Risk,MONITOR: no action needed yet
16385,60,3,555.89,2010-12-08 12:56:00,52,United Kingdom,366,185.29666666666665,0,0,0.14333333333333334,1093.5540983606559,Low CLV,Low Risk,MONITOR: no action needed yet
16386,29,2,317.2,2011-03-31 12:19:00,76,United Kingdom,254,158.6,0,0,0.14666666666666667,899.1496062992126,Low CLV,Low Risk,MONITOR: no action needed yet
16387,323,1,94.36,2011-01-21 11:34:00,4,United Kingdom,323,94.36,1,1,1.0,105.169040247678,Low CLV,High Risk,"DO NOT INVEST: low value, unlikely to be saved profitably"
16389,53,4,1382.07,2011-03-01 15:47:00,33,United Kingdom,283,345.5175,0,0,0.28,3516.2204946996467,Mid CLV,Low Risk,MONITOR: no action needed yet
16392,270,1,221.19,2011-03-15 12:11:00,41,United Kingdom,270,221.19,1,1,0.99,297.8989898989899,Low CLV,High Risk,"DO NOT INVEST: low value, unlikely to be saved profitably"
16393,2,13,3046.21,2010-12-05 13:10:00,120,United Kingdom,369,234.32384615384615,0,0,0.06666666666666667,5943.824390243903,High CLV,Low Risk,REWARD: early access / loyalty perks (already staying)
16394,57,5,1555.34,2011-02-23 10:58:00,61,United Kingdom,290,311.068,0,0,0.03333333333333333,3861.5337931034483,Mid CLV,Low Risk,MONITOR: no action needed yet
16395,61,5,1486.9,2011-01-13 12:10:00,150,United Kingdom,331,297.38,0,0,0.023333333333333334,3234.344410876133,Mid CLV,Low Risk,MONITOR: no action needed yet
16398,154,2,1705.8,2011-03-31 09:38:00,75,United Kingdom,254,852.9,1,1,0.9166666666666666,2637.4574087329993,Mid CLV,High Risk,MONITOR: no action needed yet
16399,19,2,408.57,2011-04-18 13:46:00,68,United Kingdom,235,204.285,0,0,0.23333333333333334,1251.7889361702128,Low CLV,Low Risk,MONITOR: no action needed yet
16400,95,1,303.93,2011-09-06 12:27:00,28,United Kingdom,95,303.93,1,0,0.9366666666666666,1229.6100393332085,Low CLV,High Risk,"DO NOT INVEST: low value, unlikely to be saved profitably"
16401,1,12,4098.32,2011-01-16 10:56:00,66,United Kingdom,328,341.52666666666664,0,0,0.01,8996.312195121951,High CLV,Low Risk,REWARD: early access / loyalty perks (already staying)
16402,265,2,299.6,2010-12-05 13:42:00,55,United Kingdom,369,149.8,1,1,0.7966666666666666,366.89458107970205,Low CLV,High Risk,"DO NOT INVEST: low value, unlikely to be saved profitably"
16403,312,1,177.5,2011-01-31 13:39:00,10,United Kingdom,312,177.5,1,1,1.0,204.80769230769232,Low CLV,High Risk,"DO NOT INVEST: low value, unlikely to be saved profitably"
16404,70,1,443.05,2011-09-30 14:55:00,23,United Kingdom,70,443.05,0,0,0.0033333333333333335,4557.085714285715,Mid CLV,Low Risk,MONITOR: no action needed yet
16405,302,2,167.25,2011-02-02 17:08:00,3,United Kingdom,310,83.625,1,1,0.7733333333333333,251.1540600667408,Low CLV,High Risk,"DO NOT INVEST: low value, unlikely to be saved profitably"
16406,19,1,163.07,2011-11-21 11:57:00,54,United Kingdom,19,163.07,0,0,0.006666666666666667,3913.68,Mid CLV,Low Risk,MONITOR: no action needed yet
16407,13,10,2126.93,2011-01-31 14:02:00,99,United Kingdom,312,212.69299999999998,0,0,0.0033333333333333335,4908.299999999999,Mid CLV,Low Risk,MONITOR: no action needed yet
16409,36,5,2028.88,2011-01-26 14:51:00,145,United Kingdom,317,405.776,0,0,0.06,4608.181703470032,Mid CLV,Low Risk,MONITOR: no action needed yet
16411,19,2,214.65,2010-12-05 13:26:00,41,United Kingdom,369,107.325,0,0,0.37,418.82926829268285,Low CLV,Medium Risk,MONITOR: no action needed yet
16412,54,1,151.83,2011-10-17 12:35:00,25,United Kingdom,54,151.83,0,0,0.0033333333333333335,2024.4,Mid CLV,Low Risk,MONITOR: no action needed yet
16413,57,1,262.2,2011-10-14 12:08:00,30,United Kingdom,57,262.2,0,0,0.013333333333333334,3312.0,Mid CLV,Low Risk,MONITOR: no action needed yet
16414,22,2,126.25,2011-03-04 13:27:00,5,United Kingdom,280,63.125,0,0,0.3333333333333333,324.6428571428571,Low CLV,Medium Risk,MONITOR: no action needed yet
16415,44,1,210.35,2011-10-26 13:35:00,45,United Kingdom,44,210.35,0,0,0.01,3442.0909090909095,Mid CLV,Low Risk,MONITOR: no action needed yet
16416,27,3,1051.4,2011-10-14 13:35:00,59,United Kingdom,56,350.4666666666667,0,0,0.0033333333333333335,13518.0,High CLV,Low Risk,REWARD: early access / loyalty perks (already staying)
16418,45,3,675.27,2011-04-27 16:54:00,76,United Kingdom,226,225.09,0,0,0.05,2151.302654867257,Mid CLV,Low Risk,MONITOR: no action needed yet
16419,113,6,972.23,2011-02-01 12:25:00,36,United Kingdom,312,162.03833333333333,1,0,0.6666666666666666,1682.7057692307692,Mid CLV,High Risk,MONITOR: no action needed yet
16422,17,51,34684.4,2010-12-05 15:35:00,68,United Kingdom,369,680.086274509804,0,3,0.0,67676.87804878049,High CLV,,MONITOR: no action needed yet
16423,25,1,346.12,2011-11-15 09:21:00,18,United Kingdom,25,346.12,0,0,0.0033333333333333335,8306.880000000001,High CLV,Low Risk,REWARD: early access / loyalty perks (already staying)
16424,191,1,133.56,2011-06-01 13:40:00,5,United Kingdom,191,133.56,1,1,1.0,251.7361256544503,Low CLV,High Risk,"DO NOT INVEST: low value, unlikely to be saved profitably"
16425,302,1,302.7,2011-02-10 14:30:00,21,United Kingdom,302,302.7,1,1,0.9933333333333333,363.256144717543,Low CLV,High Risk,"DO NOT INVEST: low value, unlikely to be saved profitably"
16426,2,10,1908.25,2011-03-08 15:45:00,211,United Kingdom,276,190.825,0,0,0.006666666666666667,4978.04347826087,High CLV,Low Risk,REWARD: early access / loyalty perks (already staying)
16427,263,2,241.06,2011-02-28 15:18:00,8,United Kingdom,284,120.53,1,1,0.8,381.96126760563385,Low CLV,High Risk,"DO NOT INVEST: low value, unlikely to be saved profitably"
16429,106,1,284.55,2011-08-25 13:54:00,2,United Kingdom,106,284.55,1,0,0.99,976.1578044596914,Low CLV,High Risk,"DO NOT INVEST: low value, unlikely to be saved profitably"
16430,57,1,300.85,2011-10-13 14:47:00,6,United Kingdom,57,300.85,0,0,0.013333333333333334,3800.21052631579,Mid CLV,Low Risk,MONITOR: no action needed yet
16431,213,3,642.81,2011-02-15 14:02:00,51,United Kingdom,297,214.26999999999998,1,1,0.7366666666666667,1057.6881941587822,Low CLV,High Risk,"DO NOT INVEST: low value, unlikely to be saved profitably"
16432,64,1,287.4,2011-10-06 13:59:00,8,United Kingdom,64,287.4,0,0,0.0,3233.25,Mid CLV,,MONITOR: no action needed yet
16433,28,1,184.26,2011-11-11 14:09:00,17,United Kingdom,28,184.26,0,0,0.006666666666666667,4422.24,Mid CLV,Low Risk,MONITOR: no action needed yet
16434,29,7,1522.25,2011-02-13 12:17:00,88,United Kingdom,300,217.46428571428572,0,0,0.03,3653.3999999999996,Mid CLV,Low Risk,MONITOR: no action needed yet
16438,6,5,798.35,2011-09-18 13:31:00,74,United Kingdom,82,159.67000000000002,0,0,0.013333333333333334,7009.90243902439,High CLV,Low Risk,REWARD: early access / loyalty perks (already staying)
16440,8,5,3640.67,2011-05-09 12:25:00,186,United Kingdom,215,728.134,0,0,0.013333333333333334,12192.011162790697,High CLV,Low Risk,REWARD: early access / loyalty perks (already staying)
16441,67,2,381.2,2011-02-21 17:35:00,22,United Kingdom,291,190.6,0,0,0.16666666666666666,943.1752577319588,Low CLV,Low Risk,MONITOR: no action needed yet
16442,2,3,616.79,2010-12-14 10:46:00,161,United Kingdom,361,205.59666666666666,0,0,0.07333333333333333,1230.1628808864266,Low CLV,Low Risk,MONITOR: no action needed yet
16444,46,4,654.67,2011-03-20 12:14:00,68,United Kingdom,265,163.6675,0,0,0.08666666666666667,1778.7260377358489,Mid CLV,Low Risk,MONITOR: no action needed yet
16445,34,1,230.51,2011-11-06 12:32:00,62,United Kingdom,34,230.51,0,0,0.02666666666666667,4881.388235294117,Mid CLV,Low Risk,MONITOR: no action needed yet
16446,1,2,168472.5,2011-05-18 09:52:00,3,United Kingdom,206,84236.25,0,2,0.21333333333333335,588835.9223300971,High CLV,Low Risk,REWARD: early access / loyalty perks (already staying)
16447,136,1,259.01,2011-07-27 12:45:00,34,United Kingdom,136,259.01,1,0,0.96,714.1819852941177,Low CLV,High Risk,"DO NOT INVEST: low value, unlikely to be saved profitably"
16448,198,1,188.89000000000001,2011-05-25 16:28:00,19,United Kingdom,198,188.89000000000001,1,1,0.9933333333333333,345.74130567419166,Low CLV,High Risk,"DO NOT INVEST: low value, unlikely to be saved profitably"
16449,198,2,707.69,2011-03-04 12:15:00,40,United Kingdom,281,353.845,1,1,0.55,1648.452927855063,Mid CLV,Medium Risk,MONITOR: no action needed yet
16450,150,1,311.92,2011-07-13 11:47:00,11,United Kingdom,150,311.92,1,1,1.0,748.608,Low CLV,High Risk,"DO NOT INVEST: low value, unlikely to be saved profitably"
16451,88,1,266.97,2011-09-13 09:17:00,14,United Kingdom,88,266.97,0,0,0.0033333333333333335,2184.3,Mid CLV,Low Risk,MONITOR: no action needed yet
16454,45,2,6.9,2011-10-06 16:57:00,2,United Kingdom,64,3.45,0,0,0.01,77.625,Low CLV,Low Risk,MONITOR: no action needed yet
16455,64,7,1841.18,2010-12-03 16:44:00,69,United Kingdom,371,263.0257142857143,0,0,0.06,3573.179514824798,Mid CLV,Low Risk,MONITOR: no action needed yet
16456,99,5,2158.37,2010-12-01 14:11:00,80,United Kingdom,373,431.674,1,0,0.7733333333333333,2693.7223814366275,Mid CLV,High Risk,MONITOR: no action needed yet
16457,218,1,208.36,2011-05-05 13:19:00,9,United Kingdom,218,208.36,1,1,1.0,344.08073394495415,Low CLV,High Risk,"DO NOT INVEST: low value, unlikely to be saved profitably"
16458,3,18,3482.7400000000002,2010-12-14 11:51:00,52,United Kingdom,361,193.48555555555558,0,3,0.0033333333333333335,6946.185041551247,High CLV,Low Risk,REWARD: early access / loyalty perks (already staying)
16460,28,3,814.72,2011-09-19 10:15:00,128,United Kingdom,82,271.5733333333333,0,0,0.0,7153.639024390244,High CLV,,MONITOR: no action needed yet
16461,178,1,151.42,2011-06-15 12:07:00,31,United Kingdom,178,151.42,1,1,0.9733333333333334,314.6329074957672,Low CLV,High Risk,"DO NOT INVEST: low value, unlikely to be saved profitably"
16462,74,3,136.0,2011-03-01 08:58:00,1,United Kingdom,284,45.333333333333336,0,0,0.23,344.7887323943662,Low CLV,Low Risk,MONITOR: no action needed yet
16463,21,4,1422.4,2011-05-19 14:45:00,74,United Kingdom,204,355.6,0,0,0.02666666666666667,5020.235294117647,High CLV,Low Risk,REWARD: early access / loyalty perks (already staying)
16464,20,3,1314.68,2011-07-20 13:53:00,152,United Kingdom,142,438.2266666666667,0,0,0.013333333333333334,6665.9830985915505,High CLV,Low Risk,REWARD: early access / loyalty perks (already staying)
16466,34,7,1603.46,2011-02-20 11:39:00,103,United Kingdom,293,229.06571428571428,0,0,0.0033333333333333335,3940.243003412969,Mid CLV,Low Risk,MONITOR: no action needed yet
16468,74,1,74.9,2011-09-26 14:13:00,2,United Kingdom,74,74.9,0,0,0.0033333333333333335,728.7567567567568,Low CLV,Low Risk,MONITOR: no action needed yet
16469,24,4,650.43,2011-04-07 13:11:00,148,United Kingdom,246,162.6075,0,0,0.013333333333333334,1903.69756097561,Mid CLV,Low Risk,MONITOR: no action needed yet
16470,52,4,762.39,2010-12-16 11:53:00,120,United Kingdom,359,190.5975,0,0,0.09,1529.027298050139,Mid CLV,Low Risk,MONITOR: no action needed yet
16471,275,1,223.95000000000002,2011-03-10 09:41:00,13,United Kingdom,275,223.95000000000002,1,1,0.9966666666666667,294.15141380358773,Low CLV,High Risk,"DO NOT INVEST: low value, unlikely to be saved profitably"
16473,165,3,316.11,2011-01-07 10:55:00,18,United Kingdom,337,105.37,1,1,0.42333333333333334,675.3685459940654,Low CLV,Medium Risk,MONITOR: no action needed yet
16474,7,7,1871.5,2011-07-17 14:51:00,237,United Kingdom,145,267.35714285714283,0,0,0.006666666666666667,9292.96551724138,High CLV,Low Risk,REWARD: early access / loyalty perks (already staying)
16475,88,4,544.3,2011-03-11 09:39:00,23,United Kingdom,274,136.075,0,0,0.14333333333333334,1430.2773722627735,Low CLV,Low Risk,MONITOR: no action needed yet
16477,64,7,2494.46,2010-12-03 12:48:00,111,United Kingdom,372,356.3514285714286,0,0,0.013333333333333334,4827.987096774194,Mid CLV,Low Risk,MONITOR: no action needed yet
16478,25,3,331.0,2011-10-05 12:02:00,15,United Kingdom,66,110.33333333333333,0,0,0.0033333333333333335,3610.9090909090905,Mid CLV,Low Risk,MONITOR: no action needed yet
16479,10,2,300.83,2011-11-29 13:04:00,35,United Kingdom,10,150.415,0,0,0.01,7219.92,High CLV,Low Risk,REWARD: early access / loyalty perks (already staying)
16480,76,1,769.29,2011-09-25 11:40:00,51,United Kingdom,76,769.29,0,0,0.0033333333333333335,7288.010526315789,High CLV,Low Risk,REWARD: early access / loyalty perks (already staying)
16482,16,1,220.62,2011-11-24 12:33:00,18,United Kingdom,16,220.62,0,0,0.0,5294.88,High CLV,,MONITOR: no action needed yet
16483,192,1,139.35,2011-05-31 13:08:00,19,United Kingdom,192,139.35,1,1,0.99,263.9204545454545,Low CLV,High Risk,"DO NOT INVEST: low value, unlikely to be saved profitably"
16484,174,2,404.3,2011-06-02 10:39:00,25,United Kingdom,191,202.15,1,1,0.2633333333333333,1524.062827225131,Low CLV,Low Risk,MONITOR: no action needed yet
16485,77,1,363.65,2011-09-23 15:50:00,41,United Kingdom,77,363.65,0,0,0.0033333333333333335,3400.363636363636,Mid CLV,Low Risk,MONITOR: no action needed yet
16488,33,3,498.8,2011-07-14 11:46:00,28,United Kingdom,149,166.26666666666668,0,0,0.09,2410.308724832215,Mid CLV,Low Risk,MONITOR: no action needed yet
16491,47,1,731.5,2011-10-24 10:18:00,39,United Kingdom,47,731.5,0,0,0.0,11205.95744680851,High CLV,,MONITOR: no action needed yet
16493,80,4,1351.63,2011-01-14 08:16:00,40,United Kingdom,330,337.9075,0,0,0.12,2949.0109090909095,Mid CLV,Low Risk,MONITOR: no action needed yet
16494,297,1,826.53,2011-02-16 12:49:00,47,United Kingdom,297,826.53,1,1,0.9666666666666667,1036.4012539184953,Low CLV,High Risk,"DO NOT INVEST: low value, unlikely to be saved profitably"
16495,3,3,684.41,2011-03-08 16:38:00,78,United Kingdom,276,228.13666666666666,0,0,0.07,1785.4173913043478,Mid CLV,Low Risk,MONITOR: no action needed yet
16496,9,3,1599.52,2011-01-27 09:42:00,92,United Kingdom,317,533.1733333333333,0,0,0.13666666666666666,3632.979179810726,Mid CLV,Low Risk,MONITOR: no action needed yet
16497,50,6,2965.69,2011-01-10 13:20:00,128,United Kingdom,333,494.2816666666667,0,0,0.01,6412.302702702703,High CLV,Low Risk,REWARD: early access / loyalty perks (already staying)
16498,161,2,100.97,2011-06-30 19:52:00,15,United Kingdom,162,50.485,1,1,0.8133333333333334,275.87431693989066,Low CLV,High Risk,"DO NOT INVEST: low value, unlikely to be saved profitably"
16499,360,2,365.45,2010-12-10 10:27:00,18,United Kingdom,365,182.725,1,1,0.9166666666666666,393.2114570361146,Low CLV,High Risk,"DO NOT INVEST: low value, unlikely to be saved profitably"
16500,5,6,400.86,2011-01-13 10:28:00,8,United Kingdom,331,66.81,0,0,0.2,871.9613293051361,Low CLV,Low Risk,MONITOR: no action needed yet
16503,107,4,1431.93,2010-12-14 13:50:00,71,United Kingdom,360,357.9825,1,0,0.66,2169.5909090909095,Mid CLV,High Risk,MONITOR: no action needed yet
16504,25,1,484.38,2011-11-14 15:18:00,76,United Kingdom,25,484.38,0,0,0.006666666666666667,11625.119999999999,High CLV,Low Risk,REWARD: early access / loyalty perks (already staying)
16505,32,1,777.6,2011-11-08 12:14:00,4,United Kingdom,32,777.6,0,0,0.006666666666666667,17496.0,High CLV,Low Risk,REWARD: early access / loyalty perks (already staying)
16506,20,2,90.30000000000001,2011-10-30 15:50:00,3,United Kingdom,40,45.150000000000006,0,0,0.0033333333333333335,1625.4,Mid CLV,Low Risk,MONITOR: no action needed yet
16509,297,1,363.7,2011-02-16 09:25:00,13,United Kingdom,297,363.7,1,1,0.99,445.30149984695436,Low CLV,High Risk,"DO NOT INVEST: low value, unlikely to be saved profitably"
16510,372,1,248.1,2010-12-02 13:39:00,13,United Kingdom,372,248.1,1,1,0.9966666666666667,240.89977343834283,Low CLV,High Risk,"DO NOT INVEST: low value, unlikely to be saved profitably"
16511,22,3,950.26,2011-03-18 11:24:00,135,United Kingdom,267,316.75333333333333,0,0,0.08,2562.4988764044942,Mid CLV,Low Risk,MONITOR: no action needed yet
16513,5,4,874.59,2011-10-27 14:56:00,33,United Kingdom,43,218.6475,0,0,0.03333333333333333,14644.297674418605,High CLV,Low Risk,REWARD: early access / loyalty perks (already staying)
16515,52,5,1627.13,2011-02-01 13:09:00,89,United Kingdom,311,325.42600000000004,0,0,0.016666666666666666,3766.989067524116,Mid CLV,Low Risk,MONITOR: no action needed yet
16516,30,1,101.69999999999999,2011-11-09 14:59:00,6,United Kingdom,30,101.69999999999999,0,0,0.01,2440.7999999999997,Mid CLV,Low Risk,MONITOR: no action needed yet
16517,277,1,162.7,2011-03-07 13:50:00,17,United Kingdom,277,162.7,1,1,0.99,213.5871348867739,Low CLV,High Risk,"DO NOT INVEST: low value, unlikely to be saved profitably"
16518,61,2,484.32,2011-02-28 16:36:00,36,United Kingdom,284,242.16,0,0,0.19333333333333333,1227.8535211267604,Low CLV,Low Risk,MONITOR: no action needed yet
16519,25,2,215.07999999999998,2010-12-09 14:08:00,13,United Kingdom,365,107.53999999999999,0,0,0.2966666666666667,424.267397260274,Low CLV,Low Risk,MONITOR: no action needed yet
16520,186,3,1046.57,2010-12-09 13:08:00,129,United Kingdom,365,348.8566666666666,1,1,0.7366666666666667,1401.221843426517,Low CLV,High Risk,"DO NOT INVEST: low value, unlikely to be saved profitably"
16523,2,21,9418.470000000001,2011-01-28 12:06:00,151,United Kingdom,316,448.4985714285715,0,3,0.0,21459.805063291144,High CLV,,MONITOR: no action needed yet
16525,2,26,13027.45,2010-12-08 11:31:00,75,United Kingdom,367,501.0557692307693,0,3,0.0033333333333333335,25557.940054495914,High CLV,Low Risk,REWARD: early access / loyalty perks (already staying)
16526,172,1,290.36,2011-06-21 12:02:00,15,United Kingdom,172,290.36,1,1,0.9933333333333333,611.8089589511472,Low CLV,High Risk,"DO NOT INVEST: low value, unlikely to be saved profitably"
16527,81,1,228.06,2011-09-19 16:21:00,14,United Kingdom,81,228.06,0,0,0.0033333333333333335,2027.2,Mid CLV,Low Risk,MONITOR: no action needed yet
16528,4,1,244.41,2011-12-06 12:45:00,17,United Kingdom,4,244.41,0,0,0.0,5865.84,High CLV,,MONITOR: no action needed yet
16529,190,1,455.25,2011-06-02 17:23:00,30,United Kingdom,190,455.25,1,1,1.0,862.578947368421,Low CLV,High Risk,"DO NOT INVEST: low value, unlikely to be saved profitably"
16531,22,7,1244.59,2010-12-14 13:19:00,68,United Kingdom,360,177.79857142857142,0,0,0.013333333333333334,2489.18,Mid CLV,Low Risk,MONITOR: no action needed yet
16532,18,3,6748.8,2011-01-05 12:37:00,2,United Kingdom,339,2249.6,0,0,0.20666666666666667,14333.734513274336,High CLV,Low Risk,REWARD: early access / loyalty perks (already staying)
16533,19,3,1095.56,2011-10-02 15:07:00,112,United Kingdom,68,365.18666666666667,0,0,0.01,11600.04705882353,High CLV,Low Risk,REWARD: early access / loyalty perks (already staying)
16535,5,1,593.75,2011-12-04 15:18:00,31,United Kingdom,5,593.75,0,0,0.02,14250.0,High CLV,Low Risk,REWARD: early access / loyalty perks (already staying)
16536,110,1,548.97,2011-08-21 15:54:00,49,United Kingdom,110,548.97,1,0,0.95,1891.1885167464116,Mid CLV,High Risk,MONITOR: no action needed yet
16539,3,4,1388.81,2010-12-01 15:40:00,36,United Kingdom,373,347.2025,0,0,0.2966666666666667,2680.8128686327073,Mid CLV,Low Risk,MONITOR: no action needed yet
16542,54,1,119.62,2011-10-17 10:47:00,5,United Kingdom,54,119.62,0,0,0.0033333333333333335,1594.9333333333334,Mid CLV,Low Risk,MONITOR: no action needed yet
16545,165,1,339.3,2011-06-28 10:37:00,3,United Kingdom,165,339.3,1,1,0.9866666666666667,750.2948402948402,Low CLV,High Risk,"DO NOT INVEST: low value, unlikely to be saved profitably"
16546,291,2,787.15,2010-12-02 12:07:00,25,United Kingdom,373,393.575,1,1,0.75,1012.9544235924933,Low CLV,High Risk,"DO NOT INVEST: low value, unlikely to be saved profitably"
16549,10,10,4154.64,2011-01-09 14:03:00,445,United Kingdom,334,415.46400000000006,0,0,0.0,8956.11017964072,High CLV,,MONITOR: no action needed yet
16550,109,5,2298.97,2010-12-06 13:53:00,162,United Kingdom,368,459.794,1,0,0.71,3167.5949173300664,Mid CLV,High Risk,MONITOR: no action needed yet
16551,96,3,922.12,2011-01-07 10:24:00,26,United Kingdom,337,307.37333333333333,1,0,0.8066666666666666,1221.1413296711382,Low CLV,High Risk,"DO NOT INVEST: low value, unlikely to be saved profitably"
16552,243,2,379.73,2010-12-01 12:36:00,17,United Kingdom,374,189.865,1,1,0.8433333333333334,433.41759844433636,Low CLV,High Risk,"DO NOT INVEST: low value, unlikely to be saved profitably"
16553,163,12,5719.82,2010-12-14 13:58:00,62,United Kingdom,360,476.65166666666664,1,0,0.03333333333333333,11439.64,High CLV,Low Risk,REWARD: early access / loyalty perks (already staying)
16554,42,3,837.1,2011-01-12 12:41:00,51,United Kingdom,332,279.03333333333336,0,0,0.08333333333333333,1815.397590361446,Mid CLV,Low Risk,MONITOR: no action needed yet
16555,35,2,285.89,2011-08-22 12:32:00,15,United Kingdom,110,142.945,0,0,0.03333333333333333,1871.28,Mid CLV,Low Risk,MONITOR: no action needed yet
16556,67,7,3313.79,2010-12-14 13:32:00,144,United Kingdom,360,473.3985714285714,0,0,0.043333333333333335,6627.58,High CLV,Low Risk,REWARD: early access / loyalty perks (already staying)
16557,24,2,281.85,2011-07-25 13:28:00,11,United Kingdom,137,140.925,0,0,0.05,1481.2554744525548,Low CLV,Low Risk,MONITOR: no action needed yet
16558,1,20,8338.49,2010-12-08 12:01:00,264,United Kingdom,367,416.92449999999997,0,3,0.0,16358.890463215259,High CLV,,MONITOR: no action needed yet
16560,27,2,841.41,2010-12-16 14:36:00,52,United Kingdom,358,420.705,0,0,0.14333333333333334,1692.2212290502794,Mid CLV,Low Risk,MONITOR: no action needed yet
16561,6,2,511.12,2011-10-11 09:53:00,29,United Kingdom,60,255.56,0,0,0.0033333333333333335,6133.4400000000005,High CLV,Low Risk,REWARD: early access / loyalty perks (already staying)
16563,54,1,1077.74,2011-10-17 11:51:00,19,United Kingdom,54,1077.74,0,0,0.0033333333333333335,14369.866666666665,High CLV,Low Risk,REWARD: early access / loyalty perks (already staying)
16565,364,1,173.7,2010-12-10 15:21:00,3,United Kingdom,364,173.7,1,1,0.9933333333333333,172.94416992403572,Low CLV,High Risk,"DO NOT INVEST: low value, unlikely to be saved profitably"
16566,15,5,614.66,2011-02-20 10:29:00,14,United Kingdom,293,122.93199999999999,0,0,0.18,1510.427303754266,Low CLV,Low Risk,MONITOR: no action needed yet
16567,194,2,865.6,2011-01-07 09:31:00,34,United Kingdom,337,432.8,1,1,0.8233333333333334,1123.0889366763176,Low CLV,High Risk,"DO NOT INVEST: low value, unlikely to be saved profitably"
16569,3,1,124.2,2011-12-06 15:32:00,5,United Kingdom,3,124.2,0,0,0.006666666666666667,2980.8,Mid CLV,Low Risk,MONITOR: no action needed yet
16570,15,10,3738.4,2011-02-01 10:37:00,68,United Kingdom,312,373.84000000000003,0,0,0.06333333333333334,8627.076923076922,High CLV,Low Risk,REWARD: early access / loyalty perks (already staying)
16571,27,3,1421.69,2011-03-03 09:41:00,73,United Kingdom,282,473.8966666666667,0,0,0.21,3629.8468085106388,Mid CLV,Low Risk,MONITOR: no action needed yet
16572,127,3,1009.6,2011-03-09 12:04:00,40,United Kingdom,276,336.53333333333336,1,0,0.7333333333333333,1795.731225296443,Mid CLV,High Risk,MONITOR: no action needed yet
16573,85,2,663.61,2011-02-22 15:14:00,40,United Kingdom,290,331.805,0,0,0.24,1647.5834482758623,Mid CLV,Low Risk,MONITOR: no action needed yet
16574,71,1,451.44,2011-09-29 13:39:00,28,United Kingdom,71,451.44,0,0,0.013333333333333334,4577.98309859155,Mid CLV,Low Risk,MONITOR: no action needed yet
16581,183,1,105.84,2011-06-10 10:05:00,9,United Kingdom,183,105.84,1,1,0.9966666666666667,208.90619003234826,Low CLV,High Risk,"DO NOT INVEST: low value, unlikely to be saved profitably"
16582,113,1,313.62,2011-08-18 17:02:00,6,United Kingdom,113,313.62,1,0,1.0,999.1433628318584,Low CLV,High Risk,"DO NOT INVEST: low value, unlikely to be saved profitably"
16583,374,1,233.45,2010-12-01 12:03:00,14,United Kingdom,374,233.45,1,1,0.99,226.9810403500243,Low CLV,High Risk,"DO NOT INVEST: low value, unlikely to be saved profitably"
16584,80,2,936.08,2011-03-30 13:14:00,25,United Kingdom,254,468.04,0,0,0.3466666666666667,2653.455118110236,Mid CLV,Medium Risk,MONITOR: no action needed yet
16586,249,1,463.95,2011-04-05 09:32:00,8,United Kingdom,249,463.95,1,1,0.9866666666666667,679.8355584500162,Low CLV,High Risk,"DO NOT INVEST: low value, unlikely to be saved profitably"
16587,232,1,225.15,2011-04-21 15:51:00,13,United Kingdom,232,225.15,1,1,1.0,349.37068965517244,Low CLV,High Risk,"DO NOT INVEST: low value, unlikely to be saved profitably"
16589,71,3,459.24,2011-07-01 13:31:00,31,United Kingdom,161,153.08,0,0,0.06666666666666667,2053.7440993788823,Mid CLV,Low Risk,MONITOR: no action needed yet
16591,69,1,213.5,2011-10-02 10:43:00,10,United Kingdom,69,213.5,0,0,0.0,2227.826086956522,Mid CLV,,MONITOR: no action needed yet
16592,4,16,4113.68,2011-02-25 10:19:00,142,United Kingdom,288,257.105,0,3,0.006666666666666667,10284.2,High CLV,Low Risk,REWARD: early access / loyalty perks (already staying)
16593,51,3,330.03,2011-01-16 12:11:00,24,United Kingdom,328,110.00999999999999,0,0,0.41,724.4560975609755,Low CLV,Medium Risk,MONITOR: no action needed yet
16594,75,1,181.09,2011-09-25 14:08:00,53,United Kingdom,75,181.09,0,0,0.0,1738.4640000000002,Mid CLV,,MONITOR: no action needed yet
16595,61,1,360.16,2011-10-09 13:15:00,83,United Kingdom,61,360.16,0,0,0.01,4251.068852459017,Mid CLV,Low Risk,MONITOR: no action needed yet
16596,16,2,250.15,2010-12-08 16:18:00,12,United Kingdom,366,125.075,0,0,0.25666666666666665,492.09836065573774,Low CLV,Low Risk,MONITOR: no action needed yet
16597,4,1,90.04,2011-12-05 15:44:00,7,United Kingdom,4,90.04,0,0,0.0,2160.96,Mid CLV,,MONITOR: no action needed yet
16598,286,1,145.04999999999998,2011-02-27 11:42:00,10,United Kingdom,286,145.04999999999998,1,1,0.99,184.42466624284805,Low CLV,High Risk,"DO NOT INVEST: low value, unlikely to be saved profitably"
16600,4,6,813.52,2011-01-05 12:13:00,50,United Kingdom,339,135.58666666666667,0,0,0.043333333333333335,1727.8300884955752,Mid CLV,Low Risk,MONITOR: no action needed yet
16601,41,1,244.79999999999998,2011-10-30 11:09:00,29,United Kingdom,41,244.79999999999998,0,0,0.0033333333333333335,4298.926829268292,Mid CLV,Low Risk,MONITOR: no action needed yet
16602,36,1,528.08,2011-11-03 15:54:00,29,United Kingdom,36,528.08,0,0,0.0,10561.600000000002,High CLV,,MONITOR: no action needed yet
16603,75,2,482.47,2011-09-09 13:02:00,34,United Kingdom,91,241.235,0,0,0.0,3817.3450549450554,Mid CLV,,MONITOR: no action needed yet
16607,18,14,3347.71,2010-12-16 08:41:00,140,United Kingdom,359,239.12214285714285,0,0,0.06666666666666667,6714.070194986072,High CLV,Low Risk,REWARD: early access / loyalty perks (already staying)
16609,15,7,5493.46,2011-04-01 10:11:00,155,United Kingdom,253,784.78,0,0,0.016666666666666666,15633.56205533597,High CLV,Low Risk,REWARD: early access / loyalty perks (already staying)
16610,219,1,75.66,2011-05-04 13:13:00,6,United Kingdom,219,75.66,1,1,0.9966666666666667,124.78856462179868,Low CLV,High Risk,"DO NOT INVEST: low value, unlikely to be saved profitably"
16611,186,1,129.49,2011-06-06 15:46:00,9,United Kingdom,186,129.49,1,1,1.0,250.6258064516129,Low CLV,High Risk,"DO NOT INVEST: low value, unlikely to be saved profitably"
16612,33,4,1187.66,2011-02-01 10:38:00,48,United Kingdom,312,296.915,0,0,0.13666666666666666,2740.753846153846,Mid CLV,Low Risk,MONITOR: no action needed yet
16613,70,1,618.59,2011-09-30 15:52:00,30,United Kingdom,70,618.59,0,0,0.0033333333333333335,6362.64,High CLV,Low Risk,REWARD: early access / loyalty perks (already staying)
16614,183,1,506.19,2011-06-10 11:36:00,26,United Kingdom,183,506.19,1,1,1.0,995.7836065573771,Low CLV,High Risk,"DO NOT INVEST: low value, unlikely to be saved profitably"
16616,15,2,500.42,2011-07-05 13:38:00,31,United Kingdom,157,250.21,0,0,0.22666666666666666,2294.91974522293,Mid CLV,Low Risk,MONITOR: no action needed yet
16617,236,1,151.85,2011-04-18 10:35:00,5,United Kingdom,236,151.85,1,1,0.9966666666666667,232.410294201009,Low CLV,High Risk,"DO NOT INVEST: low value, unlikely to be saved profitably"
16618,31,5,2647.59,2011-01-21 11:55:00,79,United Kingdom,323,529.518,0,0,0.07333333333333333,5901.748606811146,High CLV,Low Risk,REWARD: early access / loyalty perks (already staying)
16619,264,1,226.21,2011-03-21 08:18:00,14,United Kingdom,264,226.21,1,1,0.9966666666666667,309.4998479781088,Low CLV,High Risk,"DO NOT INVEST: low value, unlikely to be saved profitably"
16620,4,2,178.96,2011-03-24 10:37:00,9,United Kingdom,261,89.48,0,0,0.5466666666666666,451.53910849453337,Low CLV,Medium Risk,MONITOR: no action needed yet
16621,52,4,813.48,2011-03-07 11:32:00,22,United Kingdom,278,203.37,0,0,0.12333333333333334,2106.8546762589926,Mid CLV,Low Risk,MONITOR: no action needed yet
16623,246,1,129.45,2011-04-08 10:09:00,5,United Kingdom,246,129.45,1,1,0.9933333333333333,190.71042723850059,Low CLV,High Risk,"DO NOT INVEST: low value, unlikely to be saved profitably"
16624,81,2,810.5699999999999,2011-05-26 14:20:00,44,United Kingdom,197,405.28499999999997,0,0,0.06,2962.489340101523,Mid CLV,Low Risk,MONITOR: no action needed yet
16625,275,1,333.08,2011-03-10 12:50:00,23,United Kingdom,275,333.08,1,1,1.0,436.032,Low CLV,High Risk,"DO NOT INVEST: low value, unlikely to be saved profitably"
16626,1,17,4413.1,2011-03-18 12:27:00,86,United Kingdom,267,259.59411764705885,0,3,0.0,11900.494382022473,High CLV,,MONITOR: no action needed yet
16627,79,1,322.8,2011-09-21 14:38:00,20,United Kingdom,79,322.8,0,0,0.0033333333333333335,2941.974683544304,Mid CLV,Low Risk,MONITOR: no action needed yet
16628,30,5,2188.05,2011-04-19 08:55:00,79,United Kingdom,235,437.61,0,0,0.023333333333333334,6703.8127659574475,High CLV,Low Risk,REWARD: early access / loyalty perks (already staying)
16629,74,2,417.73,2011-09-04 16:12:00,58,United Kingdom,96,208.865,0,0,0.04,3132.9750000000004,Mid CLV,Low Risk,MONITOR: no action needed yet
16633,17,6,2883.1,2011-04-19 14:36:00,115,United Kingdom,234,480.51666666666665,0,0,0.03666666666666667,8871.076923076924,High CLV,Low Risk,REWARD: early access / loyalty perks (already staying)
16634,223,2,217.9,2010-12-02 17:41:00,9,United Kingdom,372,108.95,1,1,0.8466666666666667,249.06019812039628,Low CLV,High Risk,"DO NOT INVEST: low value, unlikely to be saved profitably"
16637,32,4,1154.47,2011-04-28 10:20:00,66,United Kingdom,226,288.6175,0,0,0.043333333333333335,3677.957522123894,Mid CLV,Low Risk,MONITOR: no action needed yet
16638,23,10,1680.72,2010-12-06 10:19:00,92,United Kingdom,369,168.072,0,0,0.013333333333333334,3279.453658536585,Mid CLV,Low Risk,MONITOR: no action needed yet
16639,31,3,1257.51,2011-04-18 09:31:00,48,United Kingdom,236,419.17,0,0,0.07333333333333333,3836.471186440678,Mid CLV,Low Risk,MONITOR: no action needed yet
16641,106,1,231.10000000000002,2011-08-26 12:49:00,12,United Kingdom,106,231.10000000000002,1,0,0.9966666666666667,787.492900864517,Low CLV,High Risk,"DO NOT INVEST: low value, unlikely to be saved profitably"
16642,5,2,688.33,2011-05-16 12:35:00,32,United Kingdom,208,344.165,0,0,0.21333333333333335,2382.6807692307693,Mid CLV,Low Risk,MONITOR: no action needed yet
16643,246,1,487.51,2011-04-08 08:24:00,27,United Kingdom,246,487.51,1,1,1.0,713.429268292683,Low CLV,High Risk,"DO NOT INVEST: low value, unlikely to be saved profitably"
16644,178,2,833.78,2011-05-11 12:53:00,62,United Kingdom,212,416.89,1,1,0.7333333333333333,1930.7084048027443,Mid CLV,High Risk,MONITOR: no action needed yet
16647,170,2,214.06,2011-05-19 09:31:00,12,United Kingdom,205,107.03,1,1,0.6833333333333333,550.1125520523499,Low CLV,High Risk,"DO NOT INVEST: low value, unlikely to be saved profitably"
16648,43,1,290.65999999999997,2011-10-28 08:58:00,19,United Kingdom,43,290.65999999999997,0,0,0.0,4866.865116279069,Mid CLV,,MONITOR: no action needed yet
16650,72,1,518.42,2011-09-29 09:51:00,24,United Kingdom,72,518.42,0,0,0.0,5184.2,High CLV,,MONITOR: no action needed yet
16652,59,7,6773.97,2011-03-11 13:13:00,74,United Kingdom,273,967.71,0,0,0.04666666666666667,17865.415384615386,High CLV,Low Risk,REWARD: early access / loyalty perks (already staying)
16653,16,2,1212.66,2011-09-29 13:38:00,67,United Kingdom,71,606.33,0,0,0.0033333333333333335,12297.397183098592,High CLV,Low Risk,REWARD: early access / loyalty perks (already staying)
16654,141,4,601.27,2010-12-06 15:09:00,29,United Kingdom,368,150.3175,1,0,0.68,864.9984015345267,Low CLV,High Risk,"DO NOT INVEST: low value, unlikely to be saved profitably"
16655,18,6,3794.52,2011-01-12 10:16:00,208,United Kingdom,332,632.42,0,0,0.013333333333333334,8229.079518072289,High CLV,Low Risk,REWARD: early access / loyalty perks (already staying)
16656,22,15,8625.8,2010-12-10 11:23:00,14,United Kingdom,365,575.0533333333333,0,3,0.016666666666666666,17015.276712328767,High CLV,Low Risk,REWARD: early access / loyalty perks (already staying)
16657,10,4,933.62,2011-03-30 12:02:00,158,United Kingdom,255,233.405,0,0,0.07333333333333333,2636.1035294117646,Mid CLV,Low Risk,MONITOR: no action needed yet
16658,368,1,123.24,2010-12-06 13:47:00,8,United Kingdom,368,123.24,1,1,0.9933333333333333,121.37000291800409,Low CLV,High Risk,"DO NOT INVEST: low value, unlikely to be saved profitably"
16659,189,1,39.12,2011-06-03 15:03:00,2,United Kingdom,189,39.12,1,1,0.99,75.26695526695526,Low CLV,High Risk,"DO NOT INVEST: low value, unlikely to be saved profitably"
16660,16,4,1267.6499999999999,2011-01-24 12:44:00,16,United Kingdom,320,316.91249999999997,0,0,0.02666666666666667,2852.2124999999996,Mid CLV,Low Risk,MONITOR: no action needed yet
16665,362,1,135.39999999999998,2010-12-12 14:03:00,9,United Kingdom,362,135.39999999999998,1,1,1.0,134.65193370165744,Low CLV,High Risk,"DO NOT INVEST: low value, unlikely to be saved profitably"
16666,19,1,118.98,2011-11-20 14:01:00,32,United Kingdom,19,118.98,0,0,0.013333333333333334,2855.52,Mid CLV,Low Risk,MONITOR: no action needed yet
16667,68,2,570.13,2011-02-28 12:57:00,52,United Kingdom,284,285.065,0,0,0.11,1445.4,Low CLV,Low Risk,MONITOR: no action needed yet
16668,15,6,306.71999999999997,2011-02-28 12:46:00,9,United Kingdom,285,51.12,0,0,0.21,774.8715789473683,Low CLV,Low Risk,MONITOR: no action needed yet
16669,24,3,1374.8700000000001,2011-09-22 14:13:00,141,United Kingdom,78,458.29,0,0,0.0033333333333333335,12691.107692307693,High CLV,Low Risk,REWARD: early access / loyalty perks (already staying)
16670,17,11,4095.9,2010-12-16 10:30:00,179,United Kingdom,359,372.3545454545455,0,0,0.0,8214.618384401114,High CLV,,MONITOR: no action needed yet
16671,28,3,1692.27,2011-06-28 11:20:00,3,United Kingdom,165,564.09,0,0,0.12666666666666668,7384.450909090909,High CLV,Low Risk,REWARD: early access / loyalty perks (already staying)
16672,2,20,8134.9400000000005,2011-03-18 10:15:00,22,United Kingdom,267,406.747,0,3,0.03333333333333333,21936.916853932584,High CLV,Low Risk,REWARD: early access / loyalty perks (already staying)
16674,55,2,319.61,2011-09-02 13:59:00,89,United Kingdom,98,159.805,0,0,0.05,2348.1551020408165,Mid CLV,Low Risk,MONITOR: no action needed yet
16676,34,4,1592.1200000000001,2011-01-06 13:00:00,75,United Kingdom,337,398.03000000000003,0,0,0.19666666666666666,3401.562017804155,Mid CLV,Low Risk,MONITOR: no action needed yet
16678,3,12,3109.99,2011-03-02 09:24:00,92,United Kingdom,283,259.1658333333333,0,0,0.023333333333333334,7912.342049469964,High CLV,Low Risk,REWARD: early access / loyalty perks (already staying)
16679,366,1,129.75,2010-12-08 13:51:00,3,United Kingdom,366,129.75,1,1,0.99,128.91207153502236,Low CLV,High Risk,"DO NOT INVEST: low value, unlikely to be saved profitably"
16680,43,1,183.7,2011-10-27 17:35:00,10,United Kingdom,43,183.7,0,0,0.0033333333333333335,3075.906976744186,Mid CLV,Low Risk,MONITOR: no action needed yet
16681,73,6,1770.34,2011-03-31 13:46:00,18,United Kingdom,253,295.0566666666667,0,0,0.05,5038.121739130434,High CLV,Low Risk,REWARD: early access / loyalty perks (already staying)
16682,5,5,1028.0,2011-06-05 11:02:00,15,United Kingdom,188,205.6,0,0,0.02,3937.021276595745,Mid CLV,Low Risk,MONITOR: no action needed yet
16684,4,28,66653.56,2010-12-16 17:34:00,119,United Kingdom,358,2380.4842857142858,0,3,0.006666666666666667,134051.85251396647,High CLV,Low Risk,REWARD: early access / loyalty perks (already staying)
16685,61,2,324.24,2011-10-09 13:44:00,60,United Kingdom,61,162.12,0,0,0.0033333333333333335,3827.0950819672134,Mid CLV,Low Risk,MONITOR: no action needed yet
16686,47,7,3062.83,2010-12-19 14:41:00,406,United Kingdom,355,437.54714285714283,0,0,0.016666666666666666,6211.936901408451,High CLV,Low Risk,REWARD: early access / loyalty perks (already staying)
16688,1,4,1260.86,2011-10-10 12:23:00,52,United Kingdom,61,315.215,0,0,0.0,14882.281967213115,High CLV,,MONITOR: no action needed yet
16689,76,2,422.59999999999997,2011-09-18 13:29:00,12,United Kingdom,82,211.29999999999998,0,0,0.006666666666666667,3710.634146341463,Mid CLV,Low Risk,MONITOR: no action needed yet
16690,72,2,225.57999999999998,2011-05-22 10:53:00,10,United Kingdom,202,112.78999999999999,0,0,0.16,804.0475247524753,Low CLV,Low Risk,MONITOR: no action needed yet
16692,256,2,1276.0,2011-02-23 15:41:00,2,United Kingdom,289,638.0,1,1,0.8366666666666667,1899.7780504280456,Mid CLV,High Risk,MONITOR: no action needed yet
16693,69,2,482.01,2011-03-13 11:06:00,58,United Kingdom,272,241.005,0,0,0.11,1275.9088235294118,Low CLV,Low Risk,MONITOR: no action needed yet
16696,135,4,657.9000000000001,2011-04-05 15:20:00,7,United Kingdom,248,164.47500000000002,1,0,0.7866666666666666,1214.0035538545656,Low CLV,High Risk,"DO NOT INVEST: low value, unlikely to be saved profitably"
16697,241,1,112.75,2011-04-12 17:12:00,20,United Kingdom,241,112.75,1,1,0.9966666666666667,168.98652493095935,Low CLV,High Risk,"DO NOT INVEST: low value, unlikely to be saved profitably"
16698,227,2,1998.0,2011-03-31 13:33:00,4,United Kingdom,253,999.0,1,1,0.88,3230.686309737693,Mid CLV,High Risk,MONITOR: no action needed yet
16700,9,13,5076.55,2010-12-08 16:34:00,159,United Kingdom,366,390.50384615384615,0,0,0.016666666666666666,9986.65573770492,High CLV,Low Risk,REWARD: early access / loyalty perks (already staying)
16701,9,13,5398.3,2010-12-13 11:51:00,99,United Kingdom,362,415.25384615384615,0,0,0.0033333333333333335,10736.950276243095,High CLV,Low Risk,REWARD: early access / loyalty perks (already staying)
16705,1,20,14034.99,2010-12-16 10:51:00,133,United Kingdom,359,701.7495,0,3,0.0,28148.169359331474,High CLV,,MONITOR: no action needed yet
16706,37,3,531.35,2011-08-17 15:53:00,108,United Kingdom,114,177.11666666666667,0,0,0.07666666666666666,3355.894736842106,Mid CLV,Low Risk,MONITOR: no action needed yet
16708,46,1,656.63,2011-10-25 12:20:00,27,United Kingdom,46,656.63,0,0,0.0033333333333333335,10277.686956521738,High CLV,Low Risk,REWARD: early access / loyalty perks (already staying)
16709,85,5,3029.87,2011-03-03 10:55:00,64,United Kingdom,282,605.9739999999999,0,0,0.01,7735.83829787234,High CLV,Low Risk,REWARD: early access / loyalty perks (already staying)
16710,19,10,2483.04,2010-12-06 13:13:00,268,United Kingdom,368,248.304,0,0,0.0033333333333333335,4858.121739130434,Mid CLV,Low Risk,MONITOR: no action needed yet
16711,3,5,1651.03,2010-12-17 12:43:00,18,United Kingdom,358,330.206,0,0,0.06333333333333334,3320.507262569832,Mid CLV,Low Risk,MONITOR: no action needed yet
16712,9,11,3645.43,2011-03-08 15:07:00,259,United Kingdom,276,331.40272727272725,0,0,0.016666666666666666,9509.817391304348,High CLV,Low Risk,REWARD: early access / loyalty perks (already staying)
16713,19,15,6923.13,2010-12-08 13:01:00,338,United Kingdom,366,461.54200000000003,0,3,0.0,13619.272131147543,High CLV,,MONITOR: no action needed yet
16714,219,3,1161.53,2011-01-26 13:40:00,77,United Kingdom,317,387.1766666666667,1,1,0.7066666666666667,1866.6335337182313,Mid CLV,High Risk,MONITOR: no action needed yet
16715,78,1,301.71999999999997,2011-09-22 18:15:00,19,United Kingdom,78,301.71999999999997,0,0,0.01,2785.1076923076917,Mid CLV,Low Risk,MONITOR: no action needed yet
16716,267,2,901.2,2011-02-01 15:35:00,1,United Kingdom,311,450.6,1,1,0.9566666666666667,1090.4422062135181,Low CLV,High Risk,"DO NOT INVEST: low value, unlikely to be saved profitably"
16717,24,6,3858.38,2010-12-08 16:48:00,176,United Kingdom,366,643.0633333333334,0,0,0.013333333333333334,7590.255737704919,High CLV,Low Risk,REWARD: early access / loyalty perks (already staying)
16718,369,1,623.75,2010-12-05 13:03:00,41,United Kingdom,369,623.75,1,1,0.94,647.379346133887,Low CLV,High Risk,"DO NOT INVEST: low value, unlikely to be saved profitably"
16719,15,7,1790.42,2010-12-06 12:06:00,107,United Kingdom,369,255.77428571428572,0,0,0.03,3493.5024390243902,Mid CLV,Low Risk,MONITOR: no action needed yet
16720,26,1,155.24,2011-11-13 16:22:00,25,United Kingdom,26,155.24,0,0,0.0033333333333333335,3725.76,Mid CLV,Low Risk,MONITOR: no action needed yet
16721,262,1,292.47,2011-03-22 16:08:00,37,United Kingdom,262,292.47,1,1,0.9966666666666667,403.2112129490159,Low CLV,High Risk,"DO NOT INVEST: low value, unlikely to be saved profitably"
16722,17,13,4730.81,2010-12-06 12:59:00,96,United Kingdom,368,363.90846153846155,0,0,0.013333333333333334,9255.932608695652,High CLV,Low Risk,REWARD: early access / loyalty perks (already staying)
16723,91,2,589.15,2011-08-24 11:31:00,37,United Kingdom,108,294.575,1,0,0.6633333333333333,2960.552763819095,Mid CLV,High Risk,MONITOR: no action needed yet
16725,302,7,781.02,2010-12-03 16:02:00,110,United Kingdom,371,111.57428571428571,1,1,0.6666666666666666,1136.7946091644203,Low CLV,High Risk,"DO NOT INVEST: low value, unlikely to be saved profitably"
16726,26,5,1382.02,2010-12-13 13:28:00,121,United Kingdom,361,276.404,0,0,0.05,2756.383379501385,Mid CLV,Low Risk,MONITOR: no action needed yet
16727,364,1,272.82,2010-12-10 13:48:00,41,United Kingdom,364,272.82,1,1,1.0,269.821978021978,Low CLV,High Risk,"DO NOT INVEST: low value, unlikely to be saved profitably"
16728,46,4,1054.67,2011-03-20 13:28:00,218,United Kingdom,264,263.6675,0,0,0.19666666666666666,2876.3727272727274,Mid CLV,Low Risk,MONITOR: no action needed yet
16729,38,21,7239.92,2011-04-12 14:22:00,234,United Kingdom,241,344.7580952380952,0,3,0.006666666666666667,21629.636514522823,High CLV,Low Risk,REWARD: early access / loyalty perks (already staying)
16730,52,3,743.11,2011-01-24 14:01:00,75,United Kingdom,319,247.70333333333335,0,0,0.30666666666666664,1677.2388714733543,Mid CLV,Medium Risk,MONITOR: no action needed yet
16732,32,1,603.75,2011-11-08 09:54:00,28,United Kingdom,32,603.75,0,0,0.006666666666666667,13584.375,High CLV,Low Risk,REWARD: early access / loyalty perks (already staying)
16734,52,3,650.51,2011-08-17 15:00:00,44,United Kingdom,114,216.83666666666667,0,0,0.10666666666666667,4108.484210526316,Mid CLV,Low Risk,MONITOR: no action needed yet
16735,79,5,2300.56,2011-01-09 12:53:00,88,United Kingdom,334,460.11199999999997,0,0,0.14666666666666667,4959.291017964072,High CLV,Low Risk,REWARD: early access / loyalty perks (already staying)
16737,53,1,417.59999999999997,2011-10-17 13:03:00,1,United Kingdom,53,417.59999999999997,0,0,0.0033333333333333335,5673.056603773584,High CLV,Low Risk,REWARD: early access / loyalty perks (already staying)
16738,298,1,3.75,2011-02-15 09:46:00,1,United Kingdom,298,3.75,1,1,0.9733333333333334,4.654316447549875,Low CLV,High Risk,"DO NOT INVEST: low value, unlikely to be saved profitably"
16739,177,1,323.0,2011-06-16 09:17:00,13,United Kingdom,177,323.0,1,1,0.99,663.5850025680534,Low CLV,High Risk,"DO NOT INVEST: low value, unlikely to be saved profitably"
16742,47,1,464.9,2011-10-24 12:02:00,1,United Kingdom,47,464.9,0,0,0.016666666666666666,7121.8723404255325,High CLV,Low Risk,REWARD: early access / loyalty perks (already staying)
16743,29,7,2238.09,2010-12-16 12:15:00,89,United Kingdom,359,319.7271428571429,0,0,0.01,4488.648467966574,Mid CLV,Low Risk,MONITOR: no action needed yet
16744,11,7,1304.76,2011-06-19 15:13:00,198,United Kingdom,173,186.3942857142857,0,0,0.006666666666666667,5430.215028901734,High CLV,Low Risk,REWARD: early access / loyalty perks (already staying)
16745,87,17,7194.3,2011-02-01 11:31:00,148,United Kingdom,312,423.1941176470588,0,3,0.0,16602.23076923077,High CLV,,MONITOR: no action needed yet
16746,5,18,6697.66,2010-12-16 11:43:00,234,United Kingdom,359,372.09222222222223,0,3,0.0033333333333333335,13432.632869080779,High CLV,Low Risk,REWARD: early access / loyalty perks (already staying)
16747,38,2,836.06,2011-10-03 10:18:00,34,United Kingdom,68,418.03,0,0,0.0033333333333333335,8852.4,High CLV,Low Risk,REWARD: early access / loyalty perks (already staying)
16748,18,5,1515.9,2011-01-09 13:50:00,42,United Kingdom,334,303.18,0,0,0.016666666666666666,3267.8083832335333,Mid CLV,Low Risk,MONITOR: no action needed yet
16750,45,5,623.93,2011-04-21 16:53:00,74,United Kingdom,232,124.78599999999999,0,0,0.09,1936.3344827586207,Mid CLV,Low Risk,MONITOR: no action needed yet
16751,31,1,1764.72,2011-11-09 10:48:00,24,United Kingdom,31,1764.72,0,0,0.006666666666666667,40987.04516129032,High CLV,Low Risk,REWARD: early access / loyalty perks (already staying)
16752,373,1,207.5,2010-12-02 12:18:00,9,United Kingdom,373,207.5,1,1,1.0,200.2680965147453,Low CLV,High Risk,"DO NOT INVEST: low value, unlikely to be saved profitably"
16753,58,1,223.92000000000002,2011-10-12 13:14:00,34,United Kingdom,58,223.92000000000002,0,0,0.0,2779.696551724138,Mid CLV,,MONITOR: no action needed yet
16754,372,1,2002.4,2010-12-02 17:38:00,2,United Kingdom,372,2002.4,1,1,0.9733333333333334,1990.8970393283253,Mid CLV,High Risk,MONITOR: no action needed yet
16755,114,3,1496.83,2011-01-28 10:47:00,133,United Kingdom,316,498.9433333333333,1,0,0.7266666666666667,2346.673440947625,Mid CLV,High Risk,MONITOR: no action needed yet
16756,215,1,239.4,2011-05-09 09:33:00,13,United Kingdom,215,239.4,1,1,0.9933333333333333,403.54612142968637,Low CLV,High Risk,"DO NOT INVEST: low value, unlikely to be saved profitably"
16757,319,1,106.83000000000001,2011-01-25 11:59:00,7,United Kingdom,319,106.83000000000001,1,1,1.0,120.56050156739813,Low CLV,High Risk,"DO NOT INVEST: low value, unlikely to be saved profitably"
16758,65,1,369.34000000000003,2011-10-05 14:47:00,22,United Kingdom,65,369.34000000000003,0,0,0.0033333333333333335,4091.1507692307696,Mid CLV,Low Risk,MONITOR: no action needed yet
16759,8,3,789.79,2011-11-09 09:06:00,40,United Kingdom,31,263.2633333333333,0,0,0.0,18343.50967741935,High CLV,,MONITOR: no action needed yet
16761,97,1,316.62,2011-09-04 11:15:00,13,United Kingdom,97,316.62,1,0,0.9766666666666667,1203.1582280707926,Low CLV,High Risk,"DO NOT INVEST: low value, unlikely to be saved profitably"
16762,20,3,1501.38,2011-07-18 12:52:00,51,United Kingdom,144,500.46000000000004,0,0,0.06,7506.900000000001,High CLV,Low Risk,REWARD: early access / loyalty perks (already staying)
16763,199,1,611.85,2011-05-25 11:52:00,23,United Kingdom,199,611.85,1,1,0.9933333333333333,1114.292941216148,Low CLV,High Risk,"DO NOT INVEST: low value, unlikely to be saved profitably"
16764,4,13,2799.25,2011-07-19 17:17:00,209,United Kingdom,143,215.32692307692307,0,0,0.006666666666666667,14094.125874125875,High CLV,Low Risk,REWARD: early access / loyalty perks (already staying)
16765,294,1,34.0,2011-02-18 15:41:00,1,United Kingdom,294,34.0,1,1,0.99,42.053184910327765,Low CLV,High Risk,"DO NOT INVEST: low value, unlikely to be saved profitably"
16766,273,2,1145.6,2011-03-11 13:34:00,17,United Kingdom,273,572.8,1,1,0.8866666666666667,1703.7759233247955,Mid CLV,High Risk,MONITOR: no action needed yet
16767,31,11,5580.6,2011-01-27 13:38:00,148,United Kingdom,316,507.32727272727277,0,0,0.0033333333333333335,12715.291139240508,High CLV,Low Risk,REWARD: early access / loyalty perks (already staying)
16768,48,3,478.09000000000003,2011-03-13 10:25:00,47,United Kingdom,272,159.36333333333334,0,0,0.11666666666666667,1265.5323529411767,Low CLV,Low Risk,MONITOR: no action needed yet
16769,260,1,380.39,2011-03-24 13:41:00,33,United Kingdom,260,380.39,1,1,0.9933333333333333,530.2287041817244,Low CLV,High Risk,"DO NOT INVEST: low value, unlikely to be saved profitably"
16770,58,5,770.1,2010-12-02 15:49:00,116,United Kingdom,372,154.02,0,0,0.07333333333333333,1490.516129032258,Low CLV,Low Risk,MONITOR: no action needed yet
16771,33,5,2246.81,2011-01-05 13:57:00,200,United Kingdom,338,449.36199999999997,0,0,0.20333333333333334,4786.104142011834,Mid CLV,Low Risk,MONITOR: no action needed yet
16773,57,1,171.59,2011-10-13 14:37:00,23,United Kingdom,57,171.59,0,0,0.0,2167.452631578947,Mid CLV,,MONITOR: no action needed yet
16774,68,4,661.52,2011-06-14 12:45:00,36,United Kingdom,179,165.38,0,0,0.07333333333333333,2660.862569832402,Mid CLV,Low Risk,MONITOR: no action needed yet
16775,10,11,1695.66,2010-12-07 15:15:00,84,United Kingdom,367,154.1509090909091,0,0,0.0033333333333333335,3326.6354223433245,Mid CLV,Low Risk,MONITOR: no action needed yet
16776,60,1,388.28,2011-10-10 13:04:00,61,United Kingdom,60,388.28,0,0,0.006666666666666667,4659.36,Mid CLV,Low Risk,MONITOR: no action needed yet
16777,80,2,226.35,2011-03-27 14:34:00,45,United Kingdom,257,113.175,0,0,0.07666666666666666,634.1322957198444,Low CLV,Low Risk,MONITOR: no action needed yet
16778,74,2,245.94,2011-03-10 15:21:00,16,United Kingdom,274,122.97,0,0,0.22,646.2656934306569,Low CLV,Low Risk,MONITOR: no action needed yet
16779,2,22,10629.720000000001,2010-12-08 09:56:00,161,United Kingdom,367,483.169090909091,0,3,0.0,20853.94659400545,High CLV,,MONITOR: no action needed yet
16780,100,2,425.19,2011-03-25 17:34:00,51,United Kingdom,259,212.595,1,0,0.8466666666666667,698.0287599185239,Low CLV,High Risk,"DO NOT INVEST: low value, unlikely to be saved profitably"
16781,372,1,311.25,2010-12-02 14:26:00,17,United Kingdom,372,311.25,1,1,1.0,301.2096774193549,Low CLV,High Risk,"DO NOT INVEST: low value, unlikely to be saved profitably"
16782,10,13,2279.9,2010-12-09 11:28:00,103,United Kingdom,366,175.37692307692308,0,0,0.07,4485.049180327869,Mid CLV,Low Risk,MONITOR: no action needed yet
16784,20,1,107.6,2011-11-20 12:20:00,3,United Kingdom,20,107.6,0,0,0.0,2582.3999999999996,Mid CLV,,MONITOR: no action needed yet
16788,123,2,597.48,2011-03-30 13:05:00,138,United Kingdom,254,298.74,1,0,0.8066666666666666,1049.7793974100346,Low CLV,High Risk,"DO NOT INVEST: low value, unlikely to be saved profitably"
16789,8,1,80.8,2011-12-01 15:12:00,5,United Kingdom,8,80.8,0,0,0.0033333333333333335,1939.1999999999998,Mid CLV,Low Risk,MONITOR: no action needed yet
16790,4,6,1545.6200000000001,2011-11-02 11:23:00,88,United Kingdom,38,257.60333333333335,0,0,0.013333333333333334,29285.43157894737,High CLV,Low Risk,REWARD: early access / loyalty perks (already staying)
16791,29,7,1721.78,2011-01-11 15:42:00,218,United Kingdom,332,245.96857142857144,0,0,0.0033333333333333335,3733.980722891566,Mid CLV,Low Risk,MONITOR: no action needed yet
16792,282,2,110.38000000000001,2011-03-02 14:39:00,11,United Kingdom,282,55.190000000000005,1,1,0.8533333333333334,165.12965425531917,Low CLV,High Risk,"DO NOT INVEST: low value, unlikely to be saved profitably"
16793,57,1,243.84,2011-10-13 15:08:00,16,United Kingdom,57,243.84,0,0,0.0,3080.0842105263164,Mid CLV,,MONITOR: no action needed yet
16794,1,10,1222.71,2011-06-12 14:15:00,142,United Kingdom,180,122.271,0,0,0.056666666666666664,4890.84,Mid CLV,Low Risk,MONITOR: no action needed yet
16795,365,1,414.88,2010-12-09 14:08:00,64,United Kingdom,365,414.88,1,1,0.9633333333333334,424.7716736976821,Low CLV,High Risk,"DO NOT INVEST: low value, unlikely to be saved profitably"
16796,89,1,305.62,2011-09-11 14:01:00,18,United Kingdom,89,305.62,0,0,0.006666666666666667,2472.4314606741573,Mid CLV,Low Risk,MONITOR: no action needed yet
16800,11,1,1201.49,2011-11-28 14:06:00,148,United Kingdom,11,1201.49,0,0,0.03,28835.760000000002,High CLV,Low Risk,REWARD: early access / loyalty perks (already staying)
16801,163,4,1619.73,2011-03-11 13:56:00,72,United Kingdom,273,404.9325,1,1,0.16333333333333333,4271.815384615385,Mid CLV,Low Risk,MONITOR: no action needed yet
16803,65,1,332.3,2011-10-05 14:28:00,24,United Kingdom,65,332.3,0,0,0.0033333333333333335,3680.861538461539,Mid CLV,Low Risk,MONITOR: no action needed yet
16804,23,3,536.99,2011-03-14 15:48:00,59,United Kingdom,270,178.99666666666667,0,0,0.056666666666666664,1431.9733333333334,Low CLV,Low Risk,MONITOR: no action needed yet
16805,174,2,460.59,2010-12-14 13:35:00,94,United Kingdom,360,230.295,1,1,0.7766666666666666,593.0343347639484,Low CLV,High Risk,"DO NOT INVEST: low value, unlikely to be saved profitably"
16806,103,4,801.49,2011-04-14 19:59:00,68,United Kingdom,239,200.3725,1,0,0.12,2414.530543933054,Mid CLV,Low Risk,MONITOR: no action needed yet
16807,143,3,1121.59,2011-03-14 09:46:00,57,United Kingdom,271,373.8633333333333,1,0,0.10666666666666667,2979.8701107011066,Mid CLV,Low Risk,MONITOR: no action needed yet
16808,99,2,288.42,2011-03-10 19:05:00,21,United Kingdom,274,144.21,1,0,0.8333333333333334,454.7351824817518,Low CLV,High Risk,"DO NOT INVEST: low value, unlikely to be saved profitably"
16809,23,5,914.69,2011-03-22 15:20:00,79,United Kingdom,262,182.93800000000002,0,0,0.04666666666666667,2513.651908396947,Mid CLV,Low Risk,MONITOR: no action needed yet
16810,192,1,309.54,2011-05-31 15:32:00,15,United Kingdom,192,309.54,1,1,1.0,580.3875,Low CLV,High Risk,"DO NOT INVEST: low value, unlikely to be saved profitably"
16811,5,2,547.07,2011-11-22 17:19:00,26,United Kingdom,17,273.535,0,0,0.0,13129.68,High CLV,,MONITOR: no action needed yet
16812,361,1,479.35,2010-12-14 12:35:00,15,United Kingdom,361,479.35,1,1,1.0,478.02216066482,Low CLV,High Risk,"DO NOT INVEST: low value, unlikely to be saved profitably"
16813,8,10,1692.98,2011-05-19 13:28:00,248,United Kingdom,204,169.298,0,0,0.016666666666666666,5975.2235294117645,High CLV,Low Risk,REWARD: early access / loyalty perks (already staying)
16814,14,21,6509.1,2010-12-05 11:45:00,122,United Kingdom,370,309.95714285714286,0,3,0.0,12666.356756756757,High CLV,,MONITOR: no action needed yet
16816,103,4,417.06,2010-12-16 17:01:00,28,United Kingdom,358,104.265,1,0,0.8,524.2374301675978,Low CLV,High Risk,"DO NOT INVEST: low value, unlikely to be saved profitably"
16817,3,9,1604.75,2010-12-06 14:19:00,73,United Kingdom,368,178.30555555555554,0,0,0.016666666666666666,3139.728260869565,Mid CLV,Low Risk,MONITOR: no action needed yet
16818,11,11,3349.57,2011-05-18 11:42:00,172,United Kingdom,206,304.50636363636363,0,0,0.02666666666666667,11707.234951456312,High CLV,Low Risk,REWARD: early access / loyalty perks (already staying)
16820,96,1,497.61,2011-09-05 12:06:00,26,United Kingdom,96,497.61,1,0,0.93,2006.491935483871,Mid CLV,High Risk,MONITOR: no action needed yet
16823,227,1,358.38,2011-04-26 15:00:00,34,United Kingdom,227,358.38,1,1,0.9833333333333333,577.9890987829464,Low CLV,High Risk,"DO NOT INVEST: low value, unlikely to be saved profitably"
16824,16,2,460.64,2011-06-28 13:36:00,23,United Kingdom,164,230.32,0,0,0.25333333333333335,2022.3219512195124,Mid CLV,Low Risk,MONITOR: no action needed yet
16825,39,2,775.1800000000001,2011-06-07 09:44:00,27,United Kingdom,186,387.59000000000003,0,0,0.5266666666666666,2848.762760310331,Mid CLV,Medium Risk,MONITOR: no action needed yet
16826,51,1,341.7,2011-10-19 14:05:00,22,United Kingdom,51,341.7,0,0,0.0,4824.0,Mid CLV,,MONITOR: no action needed yet
16828,93,2,128.5,2011-08-19 13:24:00,8,United Kingdom,112,64.25,1,0,0.6,688.3928571428571,Low CLV,Medium Risk,MONITOR: no action needed yet
16829,157,1,197.22,2011-07-06 10:48:00,11,United Kingdom,157,197.22,1,1,0.9933333333333333,455.2592655922712,Low CLV,High Risk,"DO NOT INVEST: low value, unlikely to be saved profitably"
16830,39,1,325.91,2011-11-01 11:35:00,23,United Kingdom,39,325.91,0,0,0.0,6016.8,High CLV,,MONITOR: no action needed yet
16832,184,3,199.15,2011-05-06 14:12:00,11,United Kingdom,217,66.38333333333334,1,1,0.5866666666666667,563.1598240469208,Low CLV,Medium Risk,MONITOR: no action needed yet
16833,1,4,1106.53,2011-01-09 13:02:00,46,United Kingdom,334,276.6325,0,0,0.06333333333333334,2385.3341317365266,Mid CLV,Low Risk,MONITOR: no action needed yet
16834,228,1,413.46,2011-04-26 09:37:00,24,United Kingdom,228,413.46,1,1,0.9933333333333333,657.2129989403039,Low CLV,High Risk,"DO NOT INVEST: low value, unlikely to be saved profitably"
16835,128,2,180.85,2010-12-01 17:15:00,10,United Kingdom,373,90.425,1,0,0.8633333333333333,202.17789601167618,Low CLV,High Risk,"DO NOT INVEST: low value, unlikely to be saved profitably"
16836,40,2,251.87,2011-08-15 12:38:00,11,United Kingdom,117,125.935,0,0,0.05333333333333334,1549.9692307692308,Mid CLV,Low Risk,MONITOR: no action needed yet
16837,31,11,3170.98,2011-04-08 08:48:00,123,United Kingdom,246,288.2709090909091,0,0,0.03666666666666667,9280.917073170733,High CLV,Low Risk,REWARD: early access / loyalty perks (already staying)
16838,197,2,588.85,2011-02-24 15:01:00,24,United Kingdom,288,294.425,1,1,0.8133333333333334,904.9948770491803,Low CLV,High Risk,"DO NOT INVEST: low value, unlikely to be saved profitably"
16839,9,34,16594.35,2010-12-05 11:15:00,114,United Kingdom,370,488.06911764705876,0,3,0.0033333333333333335,32291.7081081081,High CLV,Low Risk,REWARD: early access / loyalty perks (already staying)
16841,37,6,1869.82,2011-02-25 12:40:00,101,United Kingdom,288,311.63666666666666,0,0,0.04666666666666667,4674.55,Mid CLV,Low Risk,MONITOR: no action needed yet
16842,101,3,1264.19,2011-02-10 14:51:00,45,United Kingdom,302,421.3966666666667,1,0,0.43,3013.962913907285,Mid CLV,Medium Risk,MONITOR: no action needed yet
16843,43,16,10196.57,2011-01-16 16:10:00,226,United Kingdom,327,637.285625,0,3,0.0,22451.16330275229,High CLV,,MONITOR: no action needed yet
16846,50,1,214.32,2011-10-20 13:55:00,11,United Kingdom,50,214.32,0,0,0.0,3086.2079999999996,Mid CLV,,MONITOR: no action needed yet
16847,43,1,193.44,2011-10-27 13:29:00,12,United Kingdom,43,193.44,0,0,0.0,3238.9953488372093,Mid CLV,,MONITOR: no action needed yet
16848,53,1,281.42,2011-10-18 08:42:00,14,United Kingdom,53,281.42,0,0,0.0,3823.0641509433967,Mid CLV,,MONITOR: no action needed yet
16849,187,1,124.57,2011-06-06 09:16:00,8,United Kingdom,187,124.57,1,1,0.99,242.2362664073894,Low CLV,High Risk,"DO NOT INVEST: low value, unlikely to be saved profitably"
16850,334,1,332.41,2011-01-10 11:09:00,19,United Kingdom,334,332.41,1,1,0.9933333333333333,360.69083309890294,Low CLV,High Risk,"DO NOT INVEST: low value, unlikely to be saved profitably"
16851,4,3,342.45,2011-10-19 09:48:00,17,United Kingdom,52,114.14999999999999,0,0,0.0,4741.615384615385,Mid CLV,,MONITOR: no action needed yet
16852,10,2,144.91000000000003,2011-06-16 15:49:00,9,United Kingdom,176,72.45500000000001,0,0,0.3333333333333333,592.8136363636365,Low CLV,Medium Risk,MONITOR: no action needed yet
16855,24,2,328.4,2011-10-27 16:31:00,19,United Kingdom,43,164.2,0,0,0.03666666666666667,5498.790697674418,High CLV,Low Risk,REWARD: early access / loyalty perks (already staying)
16856,15,1,35.400000000000006,2011-11-25 08:59:00,2,United Kingdom,15,35.400000000000006,0,0,0.0,849.6000000000001,Low CLV,,MONITOR: no action needed yet
16858,369,1,375.69000000000005,2010-12-06 09:52:00,9,United Kingdom,369,375.69000000000005,1,1,0.9966666666666667,367.7526715066482,Low CLV,High Risk,"DO NOT INVEST: low value, unlikely to be saved profitably"
16859,145,2,747.81,2011-03-23 13:39:00,50,United Kingdom,261,373.905,1,1,0.76,1357.186932849365,Low CLV,High Risk,"DO NOT INVEST: low value, unlikely to be saved profitably"
16861,60,2,173.76,2011-07-04 15:38:00,6,United Kingdom,158,86.88,0,0,0.39666666666666667,791.8177215189874,Low CLV,Medium Risk,MONITOR: no action needed yet
16863,31,2,502.8,2010-12-08 08:58:00,25,United Kingdom,367,251.4,0,0,0.22666666666666666,986.4196185286105,Low CLV,Low Risk,MONITOR: no action needed yet
16866,141,3,207.73999999999998,2011-07-01 12:34:00,10,United Kingdom,162,69.24666666666666,1,0,0.43666666666666665,923.2888888888887,Low CLV,Medium Risk,MONITOR: no action needed yet
16869,23,4,825.42,2011-06-17 13:01:00,113,United Kingdom,175,206.355,0,0,0.01,3396.013714285714,Mid CLV,Low Risk,MONITOR: no action needed yet
16871,22,6,2812.34,2011-03-14 10:31:00,131,United Kingdom,271,468.72333333333336,0,0,0.0033333333333333335,7471.8996309963095,High CLV,Low Risk,REWARD: early access / loyalty perks (already staying)
16872,77,3,680.02,2011-06-08 14:32:00,5,United Kingdom,184,226.67333333333332,0,0,0.15,2660.9478260869564,Mid CLV,Low Risk,MONITOR: no action needed yet
16873,5,6,7123.62,2010-12-10 15:45:00,179,United Kingdom,364,1187.27,0,0,0.03666666666666667,14090.676923076922,High CLV,Low Risk,REWARD: early access / loyalty perks (already staying)
16875,67,5,2095.53,2011-01-04 10:37:00,93,United Kingdom,340,419.10600000000005,0,0,0.10666666666666667,4437.592941176471,Mid CLV,Low Risk,MONITOR: no action needed yet
16877,12,6,853.72,2011-05-15 16:13:00,111,United Kingdom,208,142.28666666666666,0,0,0.04,2955.1846153846154,Mid CLV,Low Risk,MONITOR: no action needed yet
16878,84,1,13.3,2011-09-16 17:39:00,3,United Kingdom,84,13.3,0,0,0.01,114.00000000000003,Low CLV,Low Risk,MONITOR: no action needed yet
16880,31,7,1519.08,2011-06-03 16:45:00,121,United Kingdom,189,217.01142857142855,0,0,0.006666666666666667,5786.971428571428,High CLV,Low Risk,REWARD: early access / loyalty perks (already staying)
16881,67,1,432.0,2011-10-04 10:33:00,1,United Kingdom,67,432.0,0,0,0.01,4642.388059701492,Mid CLV,Low Risk,MONITOR: no action needed yet
16882,67,3,705.12,2011-01-26 17:43:00,39,United Kingdom,317,235.04,0,0,0.17666666666666667,1601.5343848580442,Mid CLV,Low Risk,MONITOR: no action needed yet
16883,187,2,276.73,2010-12-03 10:33:00,33,United Kingdom,372,138.365,1,1,0.84,318.81336405529953,Low CLV,High Risk,"DO NOT INVEST: low value, unlikely to be saved profitably"
16884,38,2,429.84000000000003,2011-11-02 10:16:00,26,United Kingdom,38,214.92000000000002,0,0,0.0,8144.336842105265,High CLV,,MONITOR: no action needed yet
16885,15,3,471.51,2010-12-17 17:23:00,82,United Kingdom,357,157.17,0,0,0.21,950.944537815126,Low CLV,Low Risk,MONITOR: no action needed yet
16887,35,1,194.88,2011-11-04 14:07:00,35,United Kingdom,35,194.88,0,0,0.006666666666666667,4008.96,Mid CLV,Low Risk,MONITOR: no action needed yet
16889,195,3,1578.67,2011-01-07 10:47:00,112,United Kingdom,337,526.2233333333334,1,1,0.7166666666666667,2353.13449727417,Mid CLV,High Risk,MONITOR: no action needed yet
16891,2,5,809.7,2010-12-03 11:35:00,166,United Kingdom,372,161.94,0,0,0.06333333333333334,1567.1612903225805,Mid CLV,Low Risk,MONITOR: no action needed yet
16892,1,5,525.54,2011-06-09 11:35:00,87,United Kingdom,184,105.10799999999999,0,0,0.06666666666666667,2056.460869565217,Mid CLV,Low Risk,MONITOR: no action needed yet
16893,367,1,145.93,2010-12-08 12:06:00,44,United Kingdom,367,145.93,1,1,0.93,153.9210688230641,Low CLV,High Risk,"DO NOT INVEST: low value, unlikely to be saved profitably"
16895,65,1,219.14,2011-10-06 12:15:00,57,United Kingdom,65,219.14,0,0,0.02,2427.396923076923,Mid CLV,Low Risk,MONITOR: no action needed yet
16897,299,2,289.78,2011-01-30 11:52:00,37,United Kingdom,314,144.89,1,1,0.8666666666666667,383.3444390004899,Low CLV,High Risk,"DO NOT INVEST: low value, unlikely to be saved profitably"
16898,26,3,508.81,2010-12-06 12:23:00,150,United Kingdom,369,169.60333333333332,0,0,0.05333333333333334,992.8,Low CLV,Low Risk,MONITOR: no action needed yet
16899,8,6,1281.56,2010-12-14 13:11:00,80,United Kingdom,360,213.59333333333333,0,0,0.08333333333333333,2563.12,Mid CLV,Low Risk,MONITOR: no action needed yet
16900,17,3,887.11,2011-10-07 13:17:00,78,United Kingdom,63,295.7033333333333,0,0,0.0,10138.4,High CLV,,MONITOR: no action needed yet
16902,116,1,1706.88,2011-08-15 14:17:00,43,United Kingdom,116,1706.88,1,0,0.91,5821.114058355438,High CLV,High Risk,PRIORITIZE: proactive retention offer
16903,29,1,373.24,2011-11-10 15:32:00,50,United Kingdom,29,373.24,0,0,0.0,8957.76,High CLV,,MONITOR: no action needed yet
16904,4,16,3754.27,2010-12-07 13:29:00,387,United Kingdom,367,234.641875,0,3,0.01,7365.3253405994565,High CLV,Low Risk,REWARD: early access / loyalty perks (already staying)
16905,5,7,3102.43,2010-12-03 10:43:00,117,United Kingdom,372,443.2042857142857,0,0,0.016666666666666666,6004.703225806452,High CLV,Low Risk,REWARD: early access / loyalty perks (already staying)
16906,82,4,579.77,2011-04-05 12:30:00,74,United Kingdom,249,144.9425,0,0,0.1,1676.4433734939757,Mid CLV,Low Risk,MONITOR: no action needed yet
16907,29,5,981.65,2010-12-09 16:52:00,89,United Kingdom,365,196.32999999999998,0,0,0.05333333333333334,1936.4054794520548,Mid CLV,Low Risk,MONITOR: no action needed yet
16909,72,1,379.14,2011-09-28 16:45:00,18,United Kingdom,72,379.14,0,0,0.01,3791.3999999999996,Mid CLV,Low Risk,MONITOR: no action needed yet
16910,4,8,1510.06,2011-09-09 14:14:00,318,United Kingdom,91,188.7575,0,0,0.0,11947.727472527473,High CLV,,MONITOR: no action needed yet
16912,29,11,2575.38,2011-01-20 15:42:00,88,United Kingdom,323,234.12545454545455,0,0,0.07666666666666666,5740.785139318886,High CLV,Low Risk,REWARD: early access / loyalty perks (already staying)
16913,290,1,113.44,2011-02-22 12:56:00,8,United Kingdom,290,113.44,1,1,1.0,140.82206896551725,Low CLV,High Risk,"DO NOT INVEST: low value, unlikely to be saved profitably"
16914,36,1,208.46,2011-11-03 15:27:00,25,United Kingdom,36,208.46,0,0,0.006666666666666667,4169.2,Mid CLV,Low Risk,MONITOR: no action needed yet
16915,9,6,621.6800000000001,2011-03-01 09:52:00,46,United Kingdom,284,103.61333333333334,0,0,0.3933333333333333,1576.0901408450704,Mid CLV,Medium Risk,MONITOR: no action needed yet
16916,24,2,576.26,2010-12-02 13:14:00,129,United Kingdom,372,288.13,0,0,0.18,1115.3419354838709,Low CLV,Low Risk,MONITOR: no action needed yet
16917,277,1,391.52,2011-03-08 11:55:00,9,United Kingdom,277,391.52,1,1,1.0,508.83465703971115,Low CLV,High Risk,"DO NOT INVEST: low value, unlikely to be saved profitably"
16918,50,6,1068.82,2011-01-26 17:37:00,97,United Kingdom,317,178.13666666666666,0,0,0.09333333333333334,2427.6037854889587,Mid CLV,Low Risk,MONITOR: no action needed yet
16919,156,11,2596.45,2010-12-06 12:52:00,141,United Kingdom,368,236.04090909090908,1,0,0.57,4456.149885583523,Mid CLV,Medium Risk,MONITOR: no action needed yet
16921,61,1,169.79,2011-10-09 16:22:00,50,United Kingdom,61,169.79,0,0,0.0033333333333333335,2004.0786885245902,Mid CLV,Low Risk,MONITOR: no action needed yet
16923,12,19,7247.61,2010-12-12 11:06:00,313,United Kingdom,363,381.4531578947368,0,3,0.0,14375.42479338843,High CLV,,MONITOR: no action needed yet
16924,21,3,846.75,2011-09-16 12:54:00,69,United Kingdom,84,282.25,0,0,0.0033333333333333335,7257.857142857143,High CLV,Low Risk,REWARD: early access / loyalty perks (already staying)
16926,371,1,230.25,2010-12-03 13:42:00,14,United Kingdom,371,230.25,1,1,0.9933333333333333,224.92266502650196,Low CLV,High Risk,"DO NOT INVEST: low value, unlikely to be saved profitably"
16927,116,3,543.05,2010-12-13 11:57:00,5,United Kingdom,362,181.01666666666665,1,0,0.7633333333333333,707.4887210789162,Low CLV,High Risk,"DO NOT INVEST: low value, unlikely to be saved profitably"
16928,80,17,2847.6,2010-12-01 15:21:00,69,United Kingdom,373,167.50588235294117,0,3,0.043333333333333335,5496.707774798928,High CLV,Low Risk,REWARD: early access / loyalty perks (already staying)
16929,4,7,1295.39,2011-07-07 12:39:00,51,United Kingdom,156,185.0557142857143,0,0,0.006666666666666667,5978.723076923077,High CLV,Low Risk,REWARD: early access / loyalty perks (already staying)
16930,26,3,380.55,2011-10-02 14:25:00,47,United Kingdom,68,126.85000000000001,0,0,0.013333333333333334,4029.352941176471,Mid CLV,Low Risk,MONITOR: no action needed yet
16931,5,21,4604.22,2010-12-05 11:40:00,448,United Kingdom,370,219.24857142857144,0,3,0.0,8959.563243243243,High CLV,,MONITOR: no action needed yet
16932,53,1,161.94,2011-10-17 14:12:00,44,United Kingdom,53,161.94,0,0,0.006666666666666667,2199.9396226415092,Mid CLV,Low Risk,MONITOR: no action needed yet
16933,1,2,563.23,2011-04-14 13:33:00,42,United Kingdom,239,281.615,0,0,0.12333333333333334,1696.7598326359832,Mid CLV,Low Risk,MONITOR: no action needed yet
16934,55,2,950.9300000000001,2011-10-16 12:25:00,59,United Kingdom,55,475.46500000000003,0,0,0.006666666666666667,12448.538181818183,High CLV,Low Risk,REWARD: early access / loyalty perks (already staying)
16936,26,1,262.68,2011-11-14 11:04:00,56,United Kingdom,26,262.68,0,0,0.01,6304.32,High CLV,Low Risk,REWARD: early access / loyalty perks (already staying)
16938,9,4,2736.38,2011-02-04 09:34:00,212,United Kingdom,309,684.095,0,0,0.05,6376.031067961165,High CLV,Low Risk,REWARD: early access / loyalty perks (already staying)
16940,52,3,3049.88,2011-02-23 12:27:00,226,United Kingdom,290,1016.6266666666667,0,0,0.06333333333333334,7572.115862068967,High CLV,Low Risk,REWARD: early access / loyalty perks (already staying)
16942,13,9,1920.59,2011-04-26 11:59:00,159,United Kingdom,228,213.39888888888888,0,0,0.02666666666666667,6065.021052631579,High CLV,Low Risk,REWARD: early access / loyalty perks (already staying)
16943,212,3,816.73,2011-01-25 14:00:00,23,United Kingdom,318,272.24333333333334,1,1,0.8966666666666666,1031.1524163568774,Low CLV,High Risk,"DO NOT INVEST: low value, unlikely to be saved profitably"
16945,22,19,4345.5,2010-12-16 17:49:00,137,United Kingdom,358,228.71052631578948,0,3,0.02,8739.553072625698,High CLV,Low Risk,REWARD: early access / loyalty perks (already staying)
16947,236,1,406.48,2011-04-18 09:38:00,21,United Kingdom,236,406.48,1,1,1.0,620.0542372881357,Low CLV,High Risk,"DO NOT INVEST: low value, unlikely to be saved profitably"
16948,139,3,435.02,2011-01-18 10:58:00,15,United Kingdom,326,145.00666666666666,1,0,0.97,495.24761242173173,Low CLV,High Risk,"DO NOT INVEST: low value, unlikely to be saved profitably"
16949,4,6,1286.27,2011-01-27 12:11:00,57,United Kingdom,317,214.37833333333333,0,0,0.04,2921.4965299684545,Mid CLV,Low Risk,MONITOR: no action needed yet
16950,57,3,1178.56,2010-12-07 15:20:00,39,United Kingdom,367,392.8533333333333,0,0,0.11333333333333333,2312.1613079019075,Mid CLV,Low Risk,MONITOR: no action needed yet
16951,135,3,1277.75,2011-02-08 14:58:00,73,United Kingdom,304,425.9166666666667,1,0,0.75,2017.5,Mid CLV,High Risk,MONITOR: no action needed yet
16952,109,2,167.61,2011-08-22 12:58:00,16,United Kingdom,109,83.805,1,0,0.7433333333333333,744.718805282429,Low CLV,High Risk,"DO NOT INVEST: low value, unlikely to be saved profitably"
16953,30,1,20.8,2011-11-09 15:54:00,1,United Kingdom,30,20.8,0,0,0.013333333333333334,499.20000000000005,Low CLV,Low Risk,MONITOR: no action needed yet
16954,1,9,2085.08,2010-12-15 10:41:00,40,United Kingdom,360,231.67555555555555,0,0,0.013333333333333334,4170.16,Mid CLV,Low Risk,MONITOR: no action needed yet
16955,185,4,518.67,2010-12-01 13:31:00,18,United Kingdom,373,129.6675,1,1,0.8733333333333333,573.198125370935,Low CLV,High Risk,"DO NOT INVEST: low value, unlikely to be saved profitably"
16956,18,1,308.74,2011-11-22 08:56:00,16,United Kingdom,18,308.74,0,0,0.0,7409.76,High CLV,,MONITOR: no action needed yet
16957,239,2,416.64,2011-03-03 09:25:00,15,United Kingdom,282,208.32,1,1,0.9233333333333333,576.0442430294186,Low CLV,High Risk,"DO NOT INVEST: low value, unlikely to be saved profitably"
16959,87,1,117.35000000000001,2011-09-13 15:03:00,7,United Kingdom,87,117.35000000000001,0,0,0.0033333333333333335,971.1724137931036,Low CLV,Low Risk,MONITOR: no action needed yet
16960,39,3,507.05,2011-04-01 11:54:00,92,United Kingdom,253,169.01666666666668,0,0,0.04,1442.9881422924902,Low CLV,Low Risk,MONITOR: no action needed yet
16961,116,1,234.17,2011-08-15 13:46:00,14,United Kingdom,116,234.17,1,0,0.99,734.0752351097178,Low CLV,High Risk,"DO NOT INVEST: low value, unlikely to be saved profitably"
16963,187,1,110.55000000000001,2011-06-05 13:48:00,7,United Kingdom,187,110.55000000000001,1,1,0.9966666666666667,213.5353137910683,Low CLV,High Risk,"DO NOT INVEST: low value, unlikely to be saved profitably"
16965,227,1,201.19,2011-04-27 12:08:00,26,United Kingdom,227,201.19,1,1,0.99,322.29074889867843,Low CLV,High Risk,"DO NOT INVEST: low value, unlikely to be saved profitably"
16966,8,7,2154.97,2011-04-13 14:17:00,8,United Kingdom,240,307.8528571428571,0,0,0.04666666666666667,6464.91,High CLV,Low Risk,REWARD: early access / loyalty perks (already staying)
16967,189,1,319.02,2011-06-03 14:24:00,21,United Kingdom,189,319.02,1,1,0.99,613.7950937950937,Low CLV,High Risk,"DO NOT INVEST: low value, unlikely to be saved profitably"
16968,4,2,439.43,2011-08-24 10:51:00,31,United Kingdom,108,219.715,0,0,0.05333333333333334,2929.5333333333333,Mid CLV,Low Risk,MONITOR: no action needed yet
16969,39,3,650.41,2011-06-01 12:10:00,42,United Kingdom,192,216.8033333333333,0,0,0.15,2439.0375,Mid CLV,Low Risk,MONITOR: no action needed yet
16971,38,1,357.21,2011-11-01 15:06:00,40,United Kingdom,38,357.21,0,0,0.006666666666666667,6768.1894736842105,High CLV,Low Risk,REWARD: early access / loyalty perks (already staying)
16976,267,1,251.51999999999998,2011-03-17 16:33:00,2,United Kingdom,267,251.51999999999998,1,1,1.0,339.1280898876404,Low CLV,High Risk,"DO NOT INVEST: low value, unlikely to be saved profitably"
16978,78,1,344.33,2011-09-23 12:50:00,39,United Kingdom,78,344.33,0,0,0.01,3178.430769230769,Mid CLV,Low Risk,MONITOR: no action needed yet
16979,4,6,1852.0,2011-02-15 09:20:00,64,United Kingdom,298,308.6666666666667,0,0,0.08,4474.6308724832215,Mid CLV,Low Risk,MONITOR: no action needed yet
16980,255,2,1078.96,2011-02-21 12:58:00,71,United Kingdom,291,539.48,1,1,0.8666666666666667,1540.1490880253768,Mid CLV,High Risk,MONITOR: no action needed yet
16982,61,1,384.06,2011-10-10 12:28:00,22,United Kingdom,61,384.06,0,0,0.0033333333333333335,4533.167213114754,Mid CLV,Low Risk,MONITOR: no action needed yet
16983,13,7,1931.25,2010-12-05 12:34:00,112,United Kingdom,370,275.89285714285717,0,0,0.03,3758.1081081081084,Mid CLV,Low Risk,MONITOR: no action needed yet
16984,88,2,4481.35,2011-08-01 17:37:00,354,United Kingdom,130,2240.675,0,0,0.03333333333333333,24819.78461538462,High CLV,Low Risk,REWARD: early access / loyalty perks (already staying)
16985,17,10,5464.12,2010-12-16 10:38:00,62,United Kingdom,359,546.412,0,0,0.023333333333333334,10958.68077994429,High CLV,Low Risk,REWARD: early access / loyalty perks (already staying)
16986,30,2,1873.2,2011-11-09 15:52:00,3,United Kingdom,30,936.6,0,0,0.03666666666666667,44956.8,High CLV,Low Risk,REWARD: early access / loyalty perks (already staying)
16987,3,7,1625.05,2011-05-18 15:55:00,74,United Kingdom,205,232.15,0,0,0.02,5707.49268292683,High CLV,Low Risk,REWARD: early access / loyalty perks (already staying)
16988,5,1,126.12,2011-12-04 16:02:00,7,United Kingdom,5,126.12,0,0,0.0,3026.88,Mid CLV,,MONITOR: no action needed yet
16989,7,6,1133.25,2011-07-12 09:11:00,7,United Kingdom,151,188.875,0,0,0.043333333333333335,5403.576158940397,High CLV,Low Risk,REWARD: early access / loyalty perks (already staying)
16990,219,1,179.0,2011-05-05 08:30:00,1,United Kingdom,219,179.0,1,1,1.0,294.24657534246575,Low CLV,High Risk,"DO NOT INVEST: low value, unlikely to be saved profitably"
16992,11,5,1614.31,2011-02-28 10:37:00,84,United Kingdom,285,322.86199999999997,0,0,0.02,4078.256842105263,Mid CLV,Low Risk,MONITOR: no action needed yet
16996,30,6,1456.96,2010-12-21 13:22:00,13,United Kingdom,353,242.82666666666668,0,0,0.11,2971.7031161473087,Mid CLV,Low Risk,MONITOR: no action needed yet
16997,288,3,702.0,2011-01-18 11:51:00,7,United Kingdom,326,234.0,1,1,0.4166666666666667,1550.4294478527606,Mid CLV,Medium Risk,MONITOR: no action needed yet
16998,150,4,295.0,2011-02-08 15:42:00,1,United Kingdom,304,73.75,1,1,0.7633333333333333,457.65341300850383,Low CLV,High Risk,"DO NOT INVEST: low value, unlikely to be saved profitably"
16999,23,2,484.82,2011-09-26 15:43:00,21,United Kingdom,74,242.41,0,0,0.006666666666666667,4717.167567567567,Mid CLV,Low Risk,MONITOR: no action needed yet
17001,1,11,3989.57,2010-12-16 09:35:00,75,United Kingdom,359,362.6881818181818,0,0,0.0,8001.366016713091,High CLV,,MONITOR: no action needed yet
17002,86,3,1493.73,2011-02-22 11:46:00,41,United Kingdom,291,497.91,0,0,0.2,3695.8268041237116,Mid CLV,Low Risk,MONITOR: no action needed yet
17004,46,2,1412.94,2011-09-08 12:16:00,38,United Kingdom,93,706.47,0,0,0.04666666666666667,10938.890322580646,High CLV,Low Risk,REWARD: early access / loyalty perks (already staying)
17006,5,4,781.78,2011-09-25 12:15:00,37,United Kingdom,76,195.445,0,0,0.013333333333333334,7406.336842105264,High CLV,Low Risk,REWARD: early access / loyalty perks (already staying)
17007,51,6,889.9300000000001,2010-12-17 13:57:00,50,United Kingdom,357,148.3216666666667,0,0,0.043333333333333335,1794.8168067226893,Mid CLV,Low Risk,MONITOR: no action needed yet
17010,18,1,195.36,2011-11-21 14:49:00,11,United Kingdom,18,195.36,0,0,0.0,4688.64,Mid CLV,,MONITOR: no action needed yet
17011,30,1,270.9,2011-11-09 13:30:00,15,United Kingdom,30,270.9,0,0,0.0,6501.599999999999,High CLV,,MONITOR: no action needed yet
17014,8,3,586.33,2011-10-04 11:36:00,63,United Kingdom,67,195.44333333333336,0,0,0.0033333333333333335,6300.859701492538,High CLV,Low Risk,REWARD: early access / loyalty perks (already staying)
17015,29,3,1842.56,2011-06-07 13:19:00,182,United Kingdom,185,614.1866666666666,0,0,0.056666666666666664,7171.044324324324,High CLV,Low Risk,REWARD: early access / loyalty perks (already staying)
17017,3,20,8694.26,2010-12-02 10:17:00,88,United Kingdom,373,434.713,0,3,0.013333333333333334,16782.48579088472,High CLV,Low Risk,REWARD: early access / loyalty perks (already staying)
17018,41,2,920.1,2011-01-18 08:46:00,15,United Kingdom,326,460.05,0,0,0.2866666666666667,2032.122699386503,Mid CLV,Low Risk,MONITOR: no action needed yet
17019,11,4,1272.61,2010-12-06 12:55:00,166,United Kingdom,368,318.1525,0,0,0.12,2489.889130434782,Mid CLV,Low Risk,MONITOR: no action needed yet
17022,31,1,71.0,2011-11-08 17:09:00,7,United Kingdom,31,71.0,0,0,0.01,1649.032258064516,Mid CLV,Low Risk,MONITOR: no action needed yet
17024,45,3,95.85,2011-07-05 09:31:00,2,United Kingdom,158,31.95,0,0,0.17666666666666667,436.7848101265823,Low CLV,Low Risk,MONITOR: no action needed yet
17025,61,3,357.77,2010-12-01 15:45:00,8,United Kingdom,373,119.25666666666666,0,0,0.22,690.6016085790884,Low CLV,Low Risk,MONITOR: no action needed yet
17026,185,2,154.82999999999998,2010-12-05 12:47:00,4,United Kingdom,370,77.41499999999999,1,1,0.93,161.98430688753268,Low CLV,High Risk,"DO NOT INVEST: low value, unlikely to be saved profitably"
17027,79,6,890.29,2011-01-26 14:19:00,110,United Kingdom,317,148.38166666666666,0,0,0.07,2022.1097791798106,Mid CLV,Low Risk,MONITOR: no action needed yet
17029,111,2,716.0,2011-04-17 10:57:00,1,United Kingdom,237,358.0,1,0,0.86,1264.6452752428613,Low CLV,High Risk,"DO NOT INVEST: low value, unlikely to be saved profitably"
17030,64,1,146.87,2011-10-07 08:49:00,11,United Kingdom,64,146.87,0,0,0.006666666666666667,1652.2875000000001,Mid CLV,Low Risk,MONITOR: no action needed yet
17031,12,2,380.35,2011-07-08 09:38:00,19,United Kingdom,155,190.175,0,0,0.08333333333333333,1766.7870967741933,Mid CLV,Low Risk,MONITOR: no action needed yet
17033,86,3,1030.14,2010-12-15 13:21:00,24,United Kingdom,359,343.38000000000005,0,0,0.18,2066.018941504178,Mid CLV,Low Risk,MONITOR: no action needed yet
17034,16,3,745.52,2011-02-25 10:10:00,28,United Kingdom,288,248.50666666666666,0,0,0.23333333333333334,1863.8,Mid CLV,Low Risk,MONITOR: no action needed yet
17035,246,2,433.53000000000003,2011-02-01 12:27:00,27,United Kingdom,312,216.76500000000001,1,1,0.4666666666666667,1000.4538461538461,Low CLV,Medium Risk,MONITOR: no action needed yet
17037,88,1,1267.32,2011-09-13 12:49:00,75,United Kingdom,88,1267.32,0,0,0.043333333333333335,10368.98181818182,High CLV,Low Risk,REWARD: early access / loyalty perks (already staying)
17038,30,1,112.4,2011-11-09 13:50:00,22,United Kingdom,30,112.4,0,0,0.01,2697.6000000000004,Mid CLV,Low Risk,MONITOR: no action needed yet
17040,138,1,449.73,2011-07-25 10:19:00,15,United Kingdom,138,449.73,1,0,0.9833333333333333,1193.093588798821,Low CLV,High Risk,"DO NOT INVEST: low value, unlikely to be saved profitably"
17041,27,3,1081.57,2010-12-14 11:43:00,59,United Kingdom,361,360.5233333333333,0,0,0.18,2157.147922437673,Mid CLV,Low Risk,MONITOR: no action needed yet
17042,3,5,1044.3799999999999,2011-04-06 14:53:00,74,United Kingdom,247,208.87599999999998,0,0,0.05333333333333334,3044.3465587044534,Mid CLV,Low Risk,MONITOR: no action needed yet
17043,32,4,1735.18,2011-03-18 14:53:00,100,United Kingdom,266,433.795,0,0,0.013333333333333334,4696.7278195488725,Mid CLV,Low Risk,MONITOR: no action needed yet
17044,25,1,948.48,2011-11-14 14:28:00,6,United Kingdom,25,948.48,0,0,0.0033333333333333335,22763.52,High CLV,Low Risk,REWARD: early access / loyalty perks (already staying)
17045,113,3,339.44,2011-04-06 12:08:00,20,United Kingdom,248,113.14666666666666,1,0,0.2833333333333333,985.4709677419353,Low CLV,Low Risk,MONITOR: no action needed yet
17046,157,1,642.02,2011-07-05 14:24:00,22,United Kingdom,157,642.02,1,1,0.9833333333333333,1497.0994278311562,Low CLV,High Risk,"DO NOT INVEST: low value, unlikely to be saved profitably"
17047,85,3,1100.9,2011-05-18 16:50:00,59,United Kingdom,205,366.9666666666667,0,0,0.04666666666666667,3866.575609756098,Mid CLV,Low Risk,MONITOR: no action needed yet
17048,118,3,925.35,2011-01-12 16:51:00,41,United Kingdom,331,308.45,1,0,0.7866666666666666,1279.3512212606893,Low CLV,High Risk,"DO NOT INVEST: low value, unlikely to be saved profitably"
17049,3,9,5659.9800000000005,2011-03-09 08:33:00,201,United Kingdom,276,628.8866666666668,0,0,0.0,14765.165217391306,High CLV,,MONITOR: no action needed yet
17050,96,6,3228.84,2011-02-13 12:41:00,169,United Kingdom,300,538.14,1,0,0.6533333333333333,5930.522448979593,High CLV,High Risk,PRIORITIZE: proactive retention offer
17051,194,1,247.14000000000001,2011-05-29 14:13:00,40,United Kingdom,194,247.14000000000001,1,1,0.99,463.2427366447985,Low CLV,High Risk,"DO NOT INVEST: low value, unlikely to be saved profitably"
17052,28,1,413.75,2011-11-11 14:50:00,72,United Kingdom,28,413.75,0,0,0.0033333333333333335,9930.0,High CLV,Low Risk,REWARD: early access / loyalty perks (already staying)
17053,131,1,498.48,2011-08-01 10:23:00,13,United Kingdom,131,498.48,1,0,0.9933333333333333,1379.0624519698758,Low CLV,High Risk,"DO NOT INVEST: low value, unlikely to be saved profitably"
17054,28,5,1356.33,2011-04-08 13:14:00,64,United Kingdom,245,271.26599999999996,0,0,0.02666666666666667,3985.949387755102,Mid CLV,Low Risk,MONITOR: no action needed yet
17058,82,3,1179.89,2011-04-14 09:18:00,51,United Kingdom,240,393.2966666666667,0,0,0.08666666666666667,3539.67,Mid CLV,Low Risk,MONITOR: no action needed yet
17059,30,5,3095.04,2010-12-05 12:35:00,292,United Kingdom,370,619.008,0,0,0.04,6022.780540540541,High CLV,Low Risk,REWARD: early access / loyalty perks (already staying)
17060,266,1,234.24,2011-03-18 13:27:00,5,United Kingdom,266,234.24,1,1,1.0,317.01654135338345,Low CLV,High Risk,"DO NOT INVEST: low value, unlikely to be saved profitably"
17061,74,11,5232.2300000000005,2011-04-21 13:29:00,57,United Kingdom,232,475.65727272727275,0,0,0.09666666666666666,16237.955172413795,High CLV,Low Risk,REWARD: early access / loyalty perks (already staying)
17062,314,4,538.37,2010-12-05 11:59:00,52,United Kingdom,370,134.5925,1,1,0.8466666666666667,618.6844009363695,Low CLV,High Risk,"DO NOT INVEST: low value, unlikely to be saved profitably"
17063,21,7,1461.14,2011-02-23 13:44:00,66,United Kingdom,289,208.73428571428573,0,0,0.02,3640.210380622838,Mid CLV,Low Risk,MONITOR: no action needed yet
17064,59,3,859.35,2011-01-16 16:10:00,53,United Kingdom,327,286.45,0,0,0.06333333333333334,1892.1467889908258,Mid CLV,Low Risk,MONITOR: no action needed yet
17068,12,21,4552.14,2010-12-06 13:58:00,116,United Kingdom,368,216.76857142857145,0,3,0.006666666666666667,8906.360869565218,High CLV,Low Risk,REWARD: early access / loyalty perks (already staying)
17069,28,9,2709.7000000000003,2010-12-01 16:49:00,111,United Kingdom,373,301.0777777777778,0,0,0.016666666666666666,5230.520107238606,High CLV,Low Risk,REWARD: early access / loyalty perks (already staying)
17070,114,1,312.14,2011-08-17 17:01:00,62,United Kingdom,114,312.14,1,0,0.9866666666666667,999.0256045519203,Low CLV,High Risk,"DO NOT INVEST: low value, unlikely to be saved profitably"
17071,28,9,2429.03,2011-02-03 08:18:00,102,United Kingdom,310,269.89222222222224,0,0,0.0033333333333333335,5641.618064516129,High CLV,Low Risk,REWARD: early access / loyalty perks (already staying)
17073,18,4,1446.09,2011-08-22 14:37:00,142,United Kingdom,109,361.5225,0,0,0.006666666666666667,9552.154128440367,High CLV,Low Risk,REWARD: early access / loyalty perks (already staying)
17075,18,4,834.12,2011-01-26 13:20:00,62,United Kingdom,317,208.53,0,0,0.04,1894.5312302839116,Mid CLV,Low Risk,MONITOR: no action needed yet
17076,36,3,841.0799999999999,2010-12-10 10:08:00,17,United Kingdom,365,280.35999999999996,0,0,0.21666666666666667,1659.1167123287669,Mid CLV,Low Risk,MONITOR: no action needed yet
17078,36,2,378.2,2011-11-03 18:49:00,28,United Kingdom,36,189.1,0,0,0.0033333333333333335,7564.0,High CLV,Low Risk,REWARD: early access / loyalty perks (already staying)
17079,78,1,118.80000000000001,2011-09-22 15:34:00,2,United Kingdom,78,118.80000000000001,0,0,0.0033333333333333335,1096.6153846153848,Low CLV,Low Risk,MONITOR: no action needed yet
17080,22,2,287.62,2011-03-15 12:05:00,8,United Kingdom,270,143.81,0,0,0.25333333333333335,766.9866666666667,Low CLV,Low Risk,MONITOR: no action needed yet
17081,25,2,290.16,2011-10-24 13:08:00,55,United Kingdom,46,145.08,0,0,0.0,4541.634782608696,Mid CLV,,MONITOR: no action needed yet
17082,33,2,2003.85,2011-01-25 14:36:00,75,United Kingdom,318,1001.925,0,0,0.6066666666666667,3739.301264772963,Mid CLV,High Risk,MONITOR: no action needed yet
17083,109,3,1405.78,2011-02-09 11:38:00,24,United Kingdom,304,468.5933333333333,1,0,0.9,1849.7105263157896,Mid CLV,High Risk,MONITOR: no action needed yet
17084,35,2,2949.75,2011-11-04 14:49:00,146,United Kingdom,35,1474.875,0,0,0.006666666666666667,60680.57142857142,High CLV,Low Risk,REWARD: early access / loyalty perks (already staying)
17085,123,5,1566.65,2010-12-12 12:24:00,115,United Kingdom,363,313.33000000000004,1,0,0.7133333333333334,2178.087587858191,Mid CLV,High Risk,MONITOR: no action needed yet
17086,7,6,2050.08,2011-10-07 11:22:00,76,United Kingdom,64,341.68,0,0,0.03333333333333333,23063.4,High CLV,Low Risk,REWARD: early access / loyalty perks (already staying)
17088,28,4,1991.01,2011-03-31 09:48:00,96,United Kingdom,254,497.7525,0,0,0.09333333333333334,5643.807874015748,High CLV,Low Risk,REWARD: early access / loyalty perks (already staying)
17090,4,7,2043.95,2010-12-20 13:52:00,45,United Kingdom,354,291.99285714285713,0,0,0.016666666666666666,4157.186440677966,Mid CLV,Low Risk,MONITOR: no action needed yet
17091,3,9,3827.76,2010-12-07 09:55:00,119,United Kingdom,368,425.3066666666667,0,0,0.0033333333333333335,7489.095652173913,High CLV,Low Risk,REWARD: early access / loyalty perks (already staying)
17092,50,4,1777.78,2011-03-07 14:51:00,99,United Kingdom,277,444.445,0,0,0.01,4620.944404332131,Mid CLV,Low Risk,MONITOR: no action needed yet
17094,322,1,302.0,2011-01-21 13:09:00,14,United Kingdom,322,302.0,1,1,0.9966666666666667,338.76898149109866,Low CLV,High Risk,"DO NOT INVEST: low value, unlikely to be saved profitably"
17095,23,3,1324.16,2011-01-09 11:05:00,69,United Kingdom,335,441.3866666666667,0,0,0.29333333333333333,2845.9558208955227,Mid CLV,Low Risk,MONITOR: no action needed yet
17096,15,4,1022.13,2011-03-23 12:05:00,46,United Kingdom,262,255.5325,0,0,0.19333333333333333,2808.906870229008,Mid CLV,Low Risk,MONITOR: no action needed yet
17097,2,8,954.42,2010-12-09 14:55:00,153,Spain,365,119.3025,0,0,0.10333333333333333,1882.6915068493151,Mid CLV,Low Risk,MONITOR: no action needed yet
17100,18,2,971.74,2011-11-21 16:36:00,65,United Kingdom,18,485.87,0,0,0.0033333333333333335,23321.760000000002,High CLV,Low Risk,REWARD: early access / loyalty perks (already staying)
17101,10,4,1621.73,2011-06-14 14:49:00,28,United Kingdom,178,405.4325,0,0,0.07,6559.806741573033,High CLV,Low Risk,REWARD: early access / loyalty perks (already staying)
17102,262,1,25.5,2011-03-23 10:08:00,1,United Kingdom,262,25.5,1,1,0.9766666666666667,35.87525727535628,Low CLV,High Risk,"DO NOT INVEST: low value, unlikely to be saved profitably"
17105,159,2,665.78,2011-02-06 14:46:00,80,United Kingdom,306,332.89,1,1,0.7133333333333334,1098.0428807036835,Low CLV,High Risk,"DO NOT INVEST: low value, unlikely to be saved profitably"
17107,33,6,10815.43,2011-03-06 15:17:00,269,United Kingdom,278,1802.5716666666667,0,0,0.02,28011.185611510788,High CLV,Low Risk,REWARD: early access / loyalty perks (already staying)
17109,29,6,885.04,2011-04-21 15:46:00,107,United Kingdom,232,147.50666666666666,0,0,0.05,2746.675862068965,Mid CLV,Low Risk,MONITOR: no action needed yet
17110,165,1,163.29999999999998,2011-06-27 12:58:00,12,United Kingdom,165,163.29999999999998,1,1,0.9966666666666667,357.48251748251744,Low CLV,High Risk,"DO NOT INVEST: low value, unlikely to be saved profitably"
17111,47,1,248.61,2011-10-23 15:59:00,29,United Kingdom,47,248.61,0,0,0.0033333333333333335,3808.493617021277,Mid CLV,Low Risk,MONITOR: no action needed yet
17114,6,8,808.62,2011-01-09 11:39:00,85,United Kingdom,335,101.0775,0,0,0.09,1737.929552238806,Mid CLV,Low Risk,MONITOR: no action needed yet
17115,8,3,837.5,2011-04-20 14:46:00,33,United Kingdom,233,279.1666666666667,0,0,0.28,2587.982832618026,Mid CLV,Low Risk,MONITOR: no action needed yet
17117,288,1,116.19999999999999,2011-02-24 13:54:00,9,United Kingdom,288,116.19999999999999,1,1,1.0,145.25,Low CLV,High Risk,"DO NOT INVEST: low value, unlikely to be saved profitably"
17118,318,1,157.02,2011-01-26 12:19:00,10,United Kingdom,318,157.02,1,1,0.9933333333333333,178.95150056983667,Low CLV,High Risk,"DO NOT INVEST: low value, unlikely to be saved profitably"
17119,3,2,606.91,2011-10-11 11:03:00,35,United Kingdom,60,303.455,0,0,0.0033333333333333335,7282.92,High CLV,Low Risk,REWARD: early access / loyalty perks (already staying)
17120,233,1,307.46,2011-04-20 15:21:00,18,United Kingdom,233,307.46,1,1,1.0,475.04549356223174,Low CLV,High Risk,"DO NOT INVEST: low value, unlikely to be saved profitably"
17122,119,1,138.32,2011-08-12 14:33:00,7,United Kingdom,119,138.32,1,0,1.0,418.44705882352935,Low CLV,High Risk,"DO NOT INVEST: low value, unlikely to be saved profitably"
17123,162,1,345.29999999999995,2011-07-01 10:47:00,9,United Kingdom,162,345.29999999999995,1,1,0.98,782.9931972789113,Low CLV,High Risk,"DO NOT INVEST: low value, unlikely to be saved profitably"
17124,185,1,298.89,2011-06-07 14:02:00,31,United Kingdom,185,298.89,1,1,0.9866666666666667,589.4835646457267,Low CLV,High Risk,"DO NOT INVEST: low value, unlikely to be saved profitably"
17125,50,1,259.35,2011-10-20 14:41:00,34,United Kingdom,50,259.35,0,0,0.0033333333333333335,3734.6400000000003,Mid CLV,Low Risk,MONITOR: no action needed yet
17126,152,5,1004.75,2010-12-12 11:26:00,187,United Kingdom,363,200.95,1,1,0.06666666666666667,1992.892561983471,Mid CLV,Low Risk,MONITOR: no action needed yet
17128,335,1,157.09,2011-01-09 12:02:00,14,United Kingdom,335,157.09,1,1,1.0,168.81313432835822,Low CLV,High Risk,"DO NOT INVEST: low value, unlikely to be saved profitably"
17131,5,5,2463.17,2011-09-25 12:42:00,78,United Kingdom,76,492.634,0,0,0.006666666666666667,23335.29473684211,High CLV,Low Risk,REWARD: early access / loyalty perks (already staying)
17133,16,7,4892.240000000001,2011-03-18 13:47:00,13,United Kingdom,266,698.8914285714287,0,0,0.02,13242.153383458648,High CLV,Low Risk,REWARD: early access / loyalty perks (already staying)
17134,107,2,425.0,2011-03-20 11:56:00,21,United Kingdom,265,212.5,1,0,0.9133333333333333,632.1443327365375,Low CLV,High Risk,"DO NOT INVEST: low value, unlikely to be saved profitably"
17135,16,7,1139.73,2010-12-03 09:31:00,34,United Kingdom,372,162.81857142857143,0,0,0.07666666666666666,2205.9290322580646,Mid CLV,Low Risk,MONITOR: no action needed yet
17138,276,1,380.5,2011-03-09 11:54:00,24,United Kingdom,276,380.5,1,1,0.9966666666666667,497.9642285880471,Low CLV,High Risk,"DO NOT INVEST: low value, unlikely to be saved profitably"
17139,16,12,10668.47,2011-02-24 09:32:00,309,United Kingdom,289,889.0391666666666,0,3,0.013333333333333334,26578.88719723183,High CLV,Low Risk,REWARD: early access / loyalty perks (already staying)
17140,247,1,465.32,2011-04-06 13:33:00,16,United Kingdom,247,465.32,1,1,0.9966666666666667,680.4674150000677,Low CLV,High Risk,"DO NOT INVEST: low value, unlikely to be saved profitably"
17142,239,1,579.0,2011-04-14 18:22:00,15,United Kingdom,239,579.0,1,1,1.0,872.1338912133891,Low CLV,High Risk,"DO NOT INVEST: low value, unlikely to be saved profitably"
17144,1,2,984.57,2011-09-16 12:50:00,42,United Kingdom,85,492.285,0,0,0.0,8339.88705882353,High CLV,,MONITOR: no action needed yet
17146,106,3,749.78,2010-12-16 12:20:00,33,United Kingdom,359,249.92666666666665,1,0,0.8433333333333334,891.5437039646799,Low CLV,High Risk,"DO NOT INVEST: low value, unlikely to be saved profitably"
17147,23,4,1714.59,2011-02-01 09:36:00,68,United Kingdom,312,428.6475,0,0,0.08333333333333333,3956.7461538461534,Mid CLV,Low Risk,MONITOR: no action needed yet
17148,52,1,124.88,2011-10-19 09:59:00,9,United Kingdom,52,124.88,0,0,0.0033333333333333335,1729.107692307692,Mid CLV,Low Risk,MONITOR: no action needed yet
17152,195,3,1689.5,2011-03-21 16:20:00,9,United Kingdom,263,563.1666666666666,1,1,0.7966666666666666,2902.874779260862,Mid CLV,High Risk,MONITOR: no action needed yet
17153,24,1,213.78,2011-11-15 13:42:00,14,United Kingdom,24,213.78,0,0,0.0,5130.72,High CLV,,MONITOR: no action needed yet
17154,75,1,329.34,2011-09-25 13:42:00,23,United Kingdom,75,329.34,0,0,0.0,3161.6639999999998,Mid CLV,,MONITOR: no action needed yet
17155,18,2,251.70000000000002,2011-06-15 10:22:00,19,United Kingdom,178,125.85000000000001,0,0,0.17666666666666667,1018.1123595505619,Low CLV,Low Risk,MONITOR: no action needed yet
17157,8,2,319.0,2011-06-16 15:08:00,11,United Kingdom,176,159.5,0,0,0.13333333333333333,1305.0000000000002,Low CLV,Low Risk,MONITOR: no action needed yet
17158,32,3,1266.97,2010-12-14 13:03:00,53,United Kingdom,360,422.3233333333333,0,0,0.11333333333333333,2533.94,Mid CLV,Low Risk,MONITOR: no action needed yet
17159,22,3,1538.88,2011-06-21 09:49:00,96,United Kingdom,172,512.96,0,0,0.01,6441.823255813953,High CLV,Low Risk,REWARD: early access / loyalty perks (already staying)
17160,31,6,3518.03,2011-04-12 12:00:00,111,United Kingdom,242,586.3383333333334,0,0,0.023333333333333334,10466.86611570248,High CLV,Low Risk,REWARD: early access / loyalty perks (already staying)
17162,29,10,1715.46,2011-02-07 12:27:00,81,United Kingdom,306,171.546,0,0,0.006666666666666667,4036.3764705882354,Mid CLV,Low Risk,MONITOR: no action needed yet
17163,22,2,293.1,2011-09-22 15:54:00,3,United Kingdom,78,146.55,0,0,0.0,2705.538461538462,Mid CLV,,MONITOR: no action needed yet
17164,33,7,2467.35,2011-03-11 14:26:00,92,United Kingdom,273,352.4785714285714,0,0,0.0,6507.296703296703,High CLV,,MONITOR: no action needed yet
17165,284,1,158.68,2011-02-28 16:39:00,10,United Kingdom,284,158.68,1,1,0.9966666666666667,201.81638324932877,Low CLV,High Risk,"DO NOT INVEST: low value, unlikely to be saved profitably"
17166,39,2,206.34,2011-05-20 08:18:00,11,United Kingdom,204,103.17,0,0,0.24,728.2588235294118,Low CLV,Low Risk,MONITOR: no action needed yet
17169,58,2,835.78,2011-06-09 13:16:00,51,United Kingdom,183,417.89,0,0,0.33666666666666667,3288.3147540983605,Mid CLV,Medium Risk,MONITOR: no action needed yet
17171,289,1,224.91,2011-02-23 16:37:00,16,United Kingdom,289,224.91,1,1,1.0,280.16470588235296,Low CLV,High Risk,"DO NOT INVEST: low value, unlikely to be saved profitably"
17172,79,1,317.76,2011-09-22 09:36:00,15,United Kingdom,79,317.76,0,0,0.0,2896.040506329114,Mid CLV,,MONITOR: no action needed yet
17173,5,8,3766.6,2011-07-31 15:26:00,36,United Kingdom,131,470.825,0,0,0.19,20701.923664122136,High CLV,Low Risk,REWARD: early access / loyalty perks (already staying)
17174,218,1,59.9,2011-05-06 11:47:00,4,United Kingdom,218,59.9,1,1,1.0,98.91743119266056,Low CLV,High Risk,"DO NOT INVEST: low value, unlikely to be saved profitably"
17175,44,4,1443.69,2011-02-16 14:56:00,42,United Kingdom,296,360.9225,0,0,0.08333333333333333,3511.6783783783785,Mid CLV,Low Risk,MONITOR: no action needed yet
17176,202,1,306.13,2011-05-22 12:41:00,15,United Kingdom,202,306.13,1,1,0.9966666666666667,547.4028941355674,Low CLV,High Risk,"DO NOT INVEST: low value, unlikely to be saved profitably"
17179,178,3,711.79,2010-12-13 14:24:00,56,United Kingdom,361,237.26333333333332,1,1,0.7533333333333333,942.23665825019,Low CLV,High Risk,"DO NOT INVEST: low value, unlikely to be saved profitably"
17180,56,4,796.03,2011-01-27 18:05:00,91,United Kingdom,316,199.0075,0,0,0.04,1813.7392405063292,Mid CLV,Low Risk,MONITOR: no action needed yet
17181,57,2,239.92000000000002,2010-12-01 12:38:00,23,United Kingdom,374,119.96000000000001,0,0,0.15,461.87807486631016,Low CLV,Low Risk,MONITOR: no action needed yet
17183,8,6,3347.31,2011-08-26 15:25:00,42,United Kingdom,105,557.885,0,0,0.023333333333333334,22952.98285714286,High CLV,Low Risk,REWARD: early access / loyalty perks (already staying)
17186,47,2,144.0,2011-10-10 12:52:00,1,United Kingdom,60,72.0,0,0,0.023333333333333334,1728.0,Mid CLV,Low Risk,MONITOR: no action needed yet
17187,227,1,203.95,2011-04-27 12:39:00,10,United Kingdom,227,203.95,1,1,1.0,323.44493392070484,Low CLV,High Risk,"DO NOT INVEST: low value, unlikely to be saved profitably"
17188,11,7,2474.23,2010-12-12 12:56:00,71,United Kingdom,362,353.4614285714286,0,0,0.0033333333333333335,4921.12044198895,Mid CLV,Low Risk,MONITOR: no action needed yet
17189,106,2,384.40000000000003,2010-12-15 17:28:00,52,United Kingdom,359,192.20000000000002,1,0,0.7933333333333333,485.8875026333654,Low CLV,High Risk,"DO NOT INVEST: low value, unlikely to be saved profitably"
17190,59,2,444.74,2011-05-16 15:29:00,19,United Kingdom,207,222.37,0,0,0.20666666666666667,1546.9217391304348,Mid CLV,Low Risk,MONITOR: no action needed yet
17191,28,7,2095.13,2010-12-06 14:36:00,163,United Kingdom,368,299.30428571428575,0,0,0.013333333333333334,4099.167391304348,Mid CLV,Low Risk,MONITOR: no action needed yet
17193,36,7,1699.3000000000002,2011-06-16 10:04:00,17,United Kingdom,177,242.7571428571429,0,0,0.016666666666666666,6912.406779661018,High CLV,Low Risk,REWARD: early access / loyalty perks (already staying)
17194,274,2,262.62,2010-12-14 12:06:00,26,United Kingdom,361,131.31,1,1,0.8933333333333333,293.16326952495143,Low CLV,High Risk,"DO NOT INVEST: low value, unlikely to be saved profitably"
17197,30,1,1013.01,2011-11-10 10:32:00,29,United Kingdom,30,1013.01,0,0,0.0033333333333333335,24312.239999999998,High CLV,Low Risk,REWARD: early access / loyalty perks (already staying)
17198,24,3,692.22,2010-12-03 14:54:00,89,United Kingdom,371,230.74,0,0,0.11666666666666667,1343.3919137466307,Low CLV,Low Risk,MONITOR: no action needed yet
17201,54,1,342.63,2011-10-17 11:55:00,38,United Kingdom,54,342.63,0,0,0.0033333333333333335,4568.4,Mid CLV,Low Risk,MONITOR: no action needed yet
17203,36,6,3563.85,2011-10-10 14:37:00,116,United Kingdom,60,593.975,0,0,0.0033333333333333335,42766.2,High CLV,Low Risk,REWARD: early access / loyalty perks (already staying)
17204,175,4,1564.56,2011-03-21 12:42:00,44,United Kingdom,264,391.14,1,1,0.79,2700.6214039125425,Mid CLV,High Risk,MONITOR: no action needed yet
17205,54,1,384.08,2011-10-17 12:46:00,13,United Kingdom,54,384.08,0,0,0.0,5121.066666666667,High CLV,,MONITOR: no action needed yet
17206,53,1,204.24,2011-10-17 13:25:00,7,United Kingdom,53,204.24,0,0,0.01,2774.581132075472,Mid CLV,Low Risk,MONITOR: no action needed yet
17211,27,8,2317.2200000000003,2010-12-05 12:44:00,150,United Kingdom,370,289.65250000000003,0,0,0.056666666666666664,4509.184864864865,Mid CLV,Low Risk,MONITOR: no action needed yet
17212,253,1,226.85,2011-03-31 19:42:00,4,United Kingdom,253,226.85,1,1,0.9966666666666667,323.87008076989173,Low CLV,High Risk,"DO NOT INVEST: low value, unlikely to be saved profitably"
17213,40,7,2781.23,2010-12-08 13:03:00,85,United Kingdom,366,397.31857142857143,0,0,0.006666666666666667,5471.272131147542,High CLV,Low Risk,REWARD: early access / loyalty perks (already staying)
17214,60,6,1069.1200000000001,2010-12-15 15:14:00,79,United Kingdom,359,178.1866666666667,0,0,0.14666666666666667,2144.1961002785515,Mid CLV,Low Risk,MONITOR: no action needed yet
17217,234,1,113.5,2011-04-19 17:19:00,9,United Kingdom,234,113.5,1,1,1.0,174.6153846153846,Low CLV,High Risk,"DO NOT INVEST: low value, unlikely to be saved profitably"
17218,4,10,1960.72,2010-12-06 15:25:00,146,United Kingdom,368,196.072,0,0,0.08,3836.191304347826,Mid CLV,Low Risk,MONITOR: no action needed yet
17219,32,1,114.23,2011-11-08 11:25:00,24,United Kingdom,32,114.23,0,0,0.0,2570.175,Mid CLV,,MONITOR: no action needed yet
17220,24,14,3198.25,2010-12-10 14:54:00,303,United Kingdom,364,228.44642857142858,0,0,0.016666666666666666,6326.208791208792,High CLV,Low Risk,REWARD: early access / loyalty perks (already staying)
17221,7,2,335.13,2011-11-03 17:39:00,59,United Kingdom,36,167.565,0,0,0.02,6702.6,High CLV,Low Risk,REWARD: early access / loyalty perks (already staying)
17222,65,1,354.15,2011-10-05 13:58:00,27,United Kingdom,65,354.15,0,0,0.0,3922.8923076923074,Mid CLV,,MONITOR: no action needed yet
17223,310,2,426.79,2010-12-06 14:08:00,43,United Kingdom,368,213.395,1,1,0.7766666666666666,537.5690427318528,Low CLV,High Risk,"DO NOT INVEST: low value, unlikely to be saved profitably"
17226,309,1,393.49,2011-02-04 11:52:00,21,United Kingdom,309,393.49,1,1,1.0,458.4349514563107,Low CLV,High Risk,"DO NOT INVEST: low value, unlikely to be saved profitably"
17227,19,6,939.32,2010-12-06 11:16:00,28,United Kingdom,369,156.55333333333334,0,0,0.07,1832.8195121951217,Mid CLV,Low Risk,MONITOR: no action needed yet
17228,16,8,1906.09,2010-12-02 16:00:00,140,United Kingdom,372,238.26125,0,0,0.22666666666666666,3689.206451612903,Mid CLV,Low Risk,MONITOR: no action needed yet
17229,96,2,318.76,2011-07-20 12:38:00,39,United Kingdom,143,159.38,1,0,0.6533333333333333,1228.274582560297,Low CLV,High Risk,"DO NOT INVEST: low value, unlikely to be saved profitably"
17230,264,8,3638.41,2010-12-15 11:22:00,51,United Kingdom,360,454.80125,1,1,0.12,7276.82,High CLV,Low Risk,REWARD: early access / loyalty perks (already staying)
17231,12,10,3174.32,2010-12-13 14:16:00,292,United Kingdom,361,317.432,0,0,0.0,6331.053739612188,High CLV,,MONITOR: no action needed yet
17232,3,2,421.52,2011-11-25 12:24:00,30,United Kingdom,15,210.76,0,0,0.0,10116.48,High CLV,,MONITOR: no action needed yet
17233,35,1,190.88,2011-11-04 14:06:00,25,United Kingdom,35,190.88,0,0,0.01,3926.6742857142854,Mid CLV,Low Risk,MONITOR: no action needed yet
17234,183,1,149.89000000000001,2011-06-10 11:20:00,14,United Kingdom,183,149.89000000000001,1,1,0.9833333333333333,299.8632953598222,Low CLV,High Risk,"DO NOT INVEST: low value, unlikely to be saved profitably"
17235,25,2,550.06,2010-12-02 13:38:00,24,United Kingdom,372,275.03,0,0,0.14333333333333334,1064.632258064516,Low CLV,Low Risk,MONITOR: no action needed yet
17236,13,6,916.13,2010-12-12 11:49:00,88,United Kingdom,363,152.68833333333333,0,0,0.07,1817.1173553719009,Mid CLV,Low Risk,MONITOR: no action needed yet
17237,11,2,314.69,2011-11-17 12:55:00,18,United Kingdom,22,157.345,0,0,0.006666666666666667,7552.5599999999995,High CLV,Low Risk,REWARD: early access / loyalty perks (already staying)
17238,3,17,3744.65,2010-12-03 15:05:00,297,United Kingdom,371,220.2735294117647,0,3,0.0,7267.245283018868,High CLV,,MONITOR: no action needed yet
17239,313,1,382.5,2011-01-31 09:41:00,15,United Kingdom,313,382.5,1,1,0.9933333333333333,442.88869352659907,Low CLV,High Risk,"DO NOT INVEST: low value, unlikely to be saved profitably"
17242,108,2,1135.04,2011-06-12 13:04:00,30,United Kingdom,180,567.52,1,0,0.79,2873.518987341771,Mid CLV,High Risk,MONITOR: no action needed yet
17243,1,26,8676.85,2010-12-05 10:03:00,180,United Kingdom,370,333.725,0,3,0.0,16884.681081081082,High CLV,,MONITOR: no action needed yet
17244,53,1,954.9,2011-10-17 15:19:00,31,United Kingdom,53,954.9,0,0,0.0033333333333333335,12972.226415094341,High CLV,Low Risk,REWARD: early access / loyalty perks (already staying)
17245,205,1,171.45,2011-05-19 10:43:00,9,United Kingdom,205,171.45,1,1,0.9866666666666667,305.1516150296638,Low CLV,High Risk,"DO NOT INVEST: low value, unlikely to be saved profitably"
17247,15,1,282.19,2011-11-24 15:21:00,53,United Kingdom,15,282.19,0,0,0.0033333333333333335,6772.5599999999995,High CLV,Low Risk,REWARD: early access / loyalty perks (already staying)
17248,120,1,318.65,2011-08-11 13:34:00,68,United Kingdom,120,318.65,1,0,0.9233333333333333,1035.3249097472924,Low CLV,High Risk,"DO NOT INVEST: low value, unlikely to be saved profitably"
17250,4,2,384.52,2011-03-23 16:45:00,55,United Kingdom,261,192.26,0,0,0.26666666666666666,1060.744827586207,Low CLV,Low Risk,MONITOR: no action needed yet
17251,363,1,283.28000000000003,2010-12-12 11:06:00,37,United Kingdom,363,283.28000000000003,1,1,0.9966666666666667,281.87843776776583,Low CLV,High Risk,"DO NOT INVEST: low value, unlikely to be saved profitably"
17252,117,2,353.86,2011-06-06 16:41:00,86,United Kingdom,186,176.93,1,0,0.67,1022.2243620606644,Low CLV,High Risk,"DO NOT INVEST: low value, unlikely to be saved profitably"
17253,18,1,178.26,2011-11-21 12:59:00,18,United Kingdom,18,178.26,0,0,0.0033333333333333335,4278.24,Mid CLV,Low Risk,MONITOR: no action needed yet
17254,5,2,272.44,2011-11-24 14:09:00,100,United Kingdom,15,136.22,0,0,0.006666666666666667,6538.5599999999995,High CLV,Low Risk,REWARD: early access / loyalty perks (already staying)
17255,41,2,298.41,2011-02-13 15:18:00,69,United Kingdom,299,149.205,0,0,0.29333333333333333,718.5792642140468,Low CLV,Low Risk,MONITOR: no action needed yet
17256,107,2,240.0,2011-01-31 14:53:00,12,United Kingdom,312,120.0,1,0,0.8,346.15384615384613,Low CLV,High Risk,"DO NOT INVEST: low value, unlikely to be saved profitably"
17259,148,2,603.37,2010-12-06 12:55:00,104,United Kingdom,368,301.685,1,1,0.7633333333333333,773.2575469906968,Low CLV,High Risk,"DO NOT INVEST: low value, unlikely to be saved profitably"
17262,52,5,1253.3600000000001,2010-12-08 13:30:00,9,United Kingdom,366,250.67200000000003,0,0,0.06666666666666667,2465.626229508197,Mid CLV,Low Risk,MONITOR: no action needed yet
17263,208,1,63.440000000000005,2011-05-15 14:32:00,23,United Kingdom,208,63.440000000000005,1,1,0.9833333333333333,111.66101694915254,Low CLV,High Risk,"DO NOT INVEST: low value, unlikely to be saved profitably"
17265,139,2,562.9,2011-06-12 12:00:00,106,United Kingdom,181,281.45,1,0,0.7533333333333333,1486.1682882706693,Low CLV,High Risk,"DO NOT INVEST: low value, unlikely to be saved profitably"
17266,2,3,310.64,2011-07-15 11:57:00,60,United Kingdom,148,103.54666666666667,0,0,0.16666666666666666,1511.2216216216216,Low CLV,Low Risk,MONITOR: no action needed yet
17267,127,2,317.62,2011-08-04 17:19:00,37,United Kingdom,127,158.81,1,0,0.4033333333333333,1800.6803149606299,Mid CLV,Medium Risk,MONITOR: no action needed yet
17268,108,4,763.64,2011-04-08 13:20:00,3,United Kingdom,245,190.91,1,0,0.69,1626.2076308784385,Mid CLV,High Risk,MONITOR: no action needed yet
17272,42,4,2148.63,2011-03-22 12:05:00,70,United Kingdom,263,537.1575,0,0,0.25333333333333335,5882.180988593156,High CLV,Low Risk,REWARD: early access / loyalty perks (already staying)
17274,35,1,111.97999999999999,2011-11-04 13:16:00,24,United Kingdom,35,111.97999999999999,0,0,0.006666666666666667,2303.588571428571,Mid CLV,Low Risk,MONITOR: no action needed yet
17277,228,2,1065.3500000000001,2011-01-21 12:37:00,67,United Kingdom,323,532.6750000000001,1,1,0.87,1364.8126401195689,Low CLV,High Risk,"DO NOT INVEST: low value, unlikely to be saved profitably"
17278,241,1,246.04,2011-04-12 13:10:00,15,United Kingdom,241,246.04,1,1,1.0,367.52863070539416,Low CLV,High Risk,"DO NOT INVEST: low value, unlikely to be saved profitably"
17279,58,1,187.82999999999998,2011-10-13 11:58:00,8,United Kingdom,58,187.82999999999998,0,0,0.0,2331.6827586206896,Mid CLV,,MONITOR: no action needed yet
17282,130,3,1703.41,2011-02-13 11:36:00,79,United Kingdom,300,567.8033333333334,1,0,0.7533333333333333,2713.3964601769912,Mid CLV,High Risk,MONITOR: no action needed yet
17284,60,6,1652.58,2011-01-07 14:31:00,229,United Kingdom,336,275.43,0,0,0.02666666666666667,3541.2428571428572,Mid CLV,Low Risk,MONITOR: no action needed yet
17286,22,1,153.92,2011-11-18 12:47:00,44,United Kingdom,22,153.92,0,0,0.016666666666666666,3694.08,Mid CLV,Low Risk,MONITOR: no action needed yet
17287,26,7,1064.11,2010-12-02 12:22:00,88,United Kingdom,373,152.01571428571427,0,0,0.15666666666666668,2054.046112600536,Mid CLV,Low Risk,MONITOR: no action needed yet
17288,9,7,1419.73,2010-12-16 13:33:00,118,United Kingdom,358,202.81857142857143,0,0,0.03333333333333333,2855.322905027933,Mid CLV,Low Risk,MONITOR: no action needed yet
17289,32,3,944.41,2011-06-12 13:51:00,86,United Kingdom,180,314.80333333333334,0,0,0.013333333333333334,3777.6400000000003,Mid CLV,Low Risk,MONITOR: no action needed yet
17290,4,2,525.24,2011-11-23 15:53:00,92,United Kingdom,16,262.62,0,0,0.0033333333333333335,12605.76,High CLV,Low Risk,REWARD: early access / loyalty perks (already staying)
17291,308,1,550.8000000000001,2011-02-04 13:04:00,1,United Kingdom,308,550.8000000000001,1,1,0.9833333333333333,654.703940127669,Low CLV,High Risk,"DO NOT INVEST: low value, unlikely to be saved profitably"
17293,8,9,1875.1100000000001,2010-12-13 14:55:00,93,United Kingdom,361,208.34555555555556,0,0,0.013333333333333334,3739.831578947368,Mid CLV,Low Risk,MONITOR: no action needed yet
17295,29,3,556.95,2011-10-06 12:22:00,53,United Kingdom,65,185.65,0,0,0.0033333333333333335,6169.292307692308,High CLV,Low Risk,REWARD: early access / loyalty perks (already staying)
17297,17,1,131.78,2011-11-22 14:43:00,49,United Kingdom,17,131.78,0,0,0.0,3162.7200000000003,Mid CLV,,MONITOR: no action needed yet
17298,101,2,498.42,2011-08-07 12:21:00,30,United Kingdom,125,249.21,1,0,0.21666666666666667,2870.8992,Mid CLV,Low Risk,MONITOR: no action needed yet
17299,12,4,669.11,2011-06-19 16:04:00,50,United Kingdom,173,167.2775,0,0,0.11333333333333333,2784.735260115607,Mid CLV,Low Risk,MONITOR: no action needed yet
17301,21,1,197.63,2011-11-18 13:43:00,59,United Kingdom,21,197.63,0,0,0.0,4743.12,Mid CLV,,MONITOR: no action needed yet
17302,15,5,1135.63,2011-02-07 10:14:00,68,United Kingdom,306,227.12600000000003,0,0,0.07,2672.0705882352945,Mid CLV,Low Risk,MONITOR: no action needed yet
17303,361,1,250.04,2010-12-13 13:32:00,53,United Kingdom,361,250.04,1,1,0.9733333333333334,256.1788031723143,Low CLV,High Risk,"DO NOT INVEST: low value, unlikely to be saved profitably"
17306,11,19,8631.31,2010-12-21 13:34:00,13,United Kingdom,353,454.2794736842105,0,3,0.016666666666666666,17604.93824362606,High CLV,Low Risk,REWARD: early access / loyalty perks (already staying)
17309,95,1,82.75,2011-09-05 15:20:00,11,United Kingdom,95,82.75,1,0,0.9766666666666667,321.07059457517516,Low CLV,High Risk,"DO NOT INVEST: low value, unlikely to be saved profitably"
17311,78,2,1384.85,2011-01-27 10:56:00,55,United Kingdom,317,692.425,0,0,0.24,3145.4006309148263,Mid CLV,Low Risk,MONITOR: no action needed yet
17312,139,3,644.3,2011-07-03 13:12:00,11,United Kingdom,159,214.76666666666665,1,0,0.6666666666666666,2188.188679245283,Mid CLV,High Risk,MONITOR: no action needed yet
17313,31,1,2328.84,2011-11-08 15:45:00,24,United Kingdom,31,2328.84,0,0,0.01,54089.187096774185,High CLV,Low Risk,REWARD: early access / loyalty perks (already staying)
17314,25,8,2527.92,2011-01-31 11:25:00,120,United Kingdom,313,315.99,0,0,0.0,5815.023642172524,High CLV,,MONITOR: no action needed yet
17315,2,38,6292.26,2010-12-17 12:24:00,256,United Kingdom,358,165.58578947368423,0,3,0.0,12654.824581005587,High CLV,,MONITOR: no action needed yet
17317,46,3,2600.34,2011-09-11 12:45:00,8,United Kingdom,90,866.7800000000001,0,0,0.0033333333333333335,20802.72,High CLV,Low Risk,REWARD: early access / loyalty perks (already staying)
17320,100,3,1200.6200000000001,2010-12-06 15:38:00,57,United Kingdom,368,400.2066666666667,1,0,0.6733333333333333,1744.335987946621,Mid CLV,High Risk,MONITOR: no action needed yet
17321,8,2,700.86,2011-10-03 11:34:00,94,United Kingdom,68,350.43,0,0,0.01,7420.870588235293,High CLV,Low Risk,REWARD: early access / loyalty perks (already staying)
17323,15,7,921.07,2011-02-20 14:38:00,125,United Kingdom,292,131.58142857142857,0,0,0.12,2271.1315068493154,Mid CLV,Low Risk,MONITOR: no action needed yet
17324,18,4,990.23,2010-12-08 12:45:00,43,United Kingdom,367,247.5575,0,0,0.056666666666666664,1942.6855585831065,Mid CLV,Low Risk,MONITOR: no action needed yet
17325,280,1,96.8,2011-03-04 13:09:00,6,United Kingdom,280,96.8,1,1,0.9966666666666667,124.8733874820831,Low CLV,High Risk,"DO NOT INVEST: low value, unlikely to be saved profitably"
17329,14,2,523.11,2011-01-28 15:29:00,29,United Kingdom,315,261.555,0,0,0.19666666666666666,1195.68,Low CLV,Low Risk,MONITOR: no action needed yet
17330,23,2,363.9,2011-10-03 11:26:00,5,United Kingdom,68,181.95,0,0,0.02,3853.0588235294117,Mid CLV,Low Risk,MONITOR: no action needed yet
17331,124,1,175.2,2011-08-08 11:55:00,1,United Kingdom,124,175.2,1,0,0.99,513.782991202346,Low CLV,High Risk,"DO NOT INVEST: low value, unlikely to be saved profitably"
17333,86,1,494.25,2011-09-15 10:11:00,28,United Kingdom,86,494.25,0,0,0.0,4137.906976744186,Mid CLV,,MONITOR: no action needed yet
17334,302,2,307.02,2011-02-04 09:03:00,11,United Kingdom,309,153.51,1,1,0.9366666666666666,381.87886535604457,Low CLV,High Risk,"DO NOT INVEST: low value, unlikely to be saved profitably"
17337,151,4,2027.8700000000001,2011-02-02 17:06:00,421,United Kingdom,310,506.96750000000003,1,1,0.65,3622.9935483870963,Mid CLV,High Risk,MONITOR: no action needed yet
17338,17,8,6643.93,2010-12-13 12:57:00,389,United Kingdom,361,830.49125,0,0,0.01,13251.051523545706,High CLV,Low Risk,REWARD: early access / loyalty perks (already staying)
17339,94,2,243.36,2010-12-09 14:44:00,9,United Kingdom,365,121.68,1,0,0.8433333333333334,284.6161676322486,Low CLV,High Risk,"DO NOT INVEST: low value, unlikely to be saved profitably"
17340,30,11,12353.29,2010-12-08 15:56:00,229,United Kingdom,366,1123.0263636363636,0,3,0.02,24301.55409836066,High CLV,Low Risk,REWARD: early access / loyalty perks (already staying)
17341,157,3,781.36,2010-12-08 12:46:00,147,United Kingdom,367,260.4533333333333,1,1,0.6833333333333333,1121.6439157307107,Low CLV,High Risk,"DO NOT INVEST: low value, unlikely to be saved profitably"
17343,355,1,193.64,2010-12-19 15:07:00,17,United Kingdom,355,193.64,1,1,0.9966666666666667,197.02407084648354,Low CLV,High Risk,"DO NOT INVEST: low value, unlikely to be saved profitably"
17344,46,1,160.57,2011-10-24 12:56:00,31,United Kingdom,46,160.57,0,0,0.0033333333333333335,2513.269565217391,Mid CLV,Low Risk,MONITOR: no action needed yet
17345,15,4,537.74,2011-05-27 12:26:00,70,United Kingdom,197,134.435,0,0,0.21333333333333335,1965.3441624365482,Mid CLV,Low Risk,MONITOR: no action needed yet
17346,4,15,2676.56,2010-12-01 14:34:00,299,United Kingdom,373,178.43733333333333,0,3,0.01,5166.550134048257,High CLV,Low Risk,REWARD: early access / loyalty perks (already staying)
17347,86,1,228.96,2011-09-14 13:12:00,1,United Kingdom,86,228.96,0,0,0.013333333333333334,1916.874418604651,Mid CLV,Low Risk,MONITOR: no action needed yet
17348,15,5,1159.52,2011-02-15 10:49:00,180,United Kingdom,298,231.904,0,0,0.05,2801.524832214765,Mid CLV,Low Risk,MONITOR: no action needed yet
17349,179,1,110.75,2011-06-13 14:29:00,8,United Kingdom,179,110.75,1,1,1.0,222.73743016759775,Low CLV,High Risk,"DO NOT INVEST: low value, unlikely to be saved profitably"
17350,8,4,1286.07,2011-10-19 16:05:00,66,United Kingdom,51,321.5175,0,0,0.0033333333333333335,18156.282352941176,High CLV,Low Risk,REWARD: early access / loyalty perks (already staying)
17351,36,3,587.15,2011-03-11 16:05:00,22,United Kingdom,273,195.71666666666667,0,0,0.26,1548.5274725274726,Mid CLV,Low Risk,MONITOR: no action needed yet
17353,129,2,1740.0,2011-07-08 16:17:00,5,United Kingdom,154,870.0,1,0,0.8866666666666667,4587.442632555414,Mid CLV,High Risk,MONITOR: no action needed yet
17354,51,1,1393.06,2011-10-20 10:34:00,15,United Kingdom,51,1393.06,0,0,0.0033333333333333335,19666.729411764703,High CLV,Low Risk,REWARD: early access / loyalty perks (already staying)
17356,312,1,178.22,2011-02-01 11:07:00,19,United Kingdom,312,178.22,1,1,0.9966666666666667,206.3262155904296,Low CLV,High Risk,"DO NOT INVEST: low value, unlikely to be saved profitably"
17357,24,2,388.14,2011-11-15 16:29:00,41,United Kingdom,24,194.07,0,0,0.0,9315.36,High CLV,,MONITOR: no action needed yet
17358,303,2,365.85,2010-12-19 14:16:00,55,United Kingdom,355,182.925,1,1,0.4533333333333333,742.0056338028169,Low CLV,Medium Risk,MONITOR: no action needed yet
17359,11,1,127.86,2011-11-28 14:37:00,13,United Kingdom,11,127.86,0,0,0.0,3068.64,Mid CLV,,MONITOR: no action needed yet
17360,17,3,585.79,2011-06-08 17:09:00,113,United Kingdom,184,195.26333333333332,0,0,0.03,2292.2217391304343,Mid CLV,Low Risk,MONITOR: no action needed yet
17361,49,3,488.2,2011-02-21 09:55:00,26,United Kingdom,292,162.73333333333332,0,0,0.19,1203.7808219178082,Low CLV,Low Risk,MONITOR: no action needed yet
17362,239,2,312.23,2011-02-03 10:26:00,30,United Kingdom,310,156.115,1,1,0.8533333333333334,424.90977822580646,Low CLV,High Risk,"DO NOT INVEST: low value, unlikely to be saved profitably"
17364,1,11,4481.18,2011-01-12 16:57:00,288,United Kingdom,331,407.38000000000005,0,0,0.0,9747.581873111783,High CLV,,MONITOR: no action needed yet
17365,13,8,4801.56,2011-01-11 12:11:00,278,United Kingdom,333,600.195,0,0,0.0033333333333333335,10381.751351351353,High CLV,Low Risk,REWARD: early access / loyalty perks (already staying)
17367,238,1,168.4,2011-04-15 14:21:00,33,United Kingdom,238,168.4,1,1,0.9833333333333333,259.0400227887765,Low CLV,High Risk,"DO NOT INVEST: low value, unlikely to be saved profitably"
17368,23,8,1912.67,2011-01-06 11:57:00,93,United Kingdom,338,239.08375,0,0,0.13,4074.326627218935,Mid CLV,Low Risk,MONITOR: no action needed yet
17370,73,4,446.18,2011-06-23 11:50:00,31,United Kingdom,170,111.545,0,0,0.18,1889.7035294117645,Mid CLV,Low Risk,MONITOR: no action needed yet
17371,17,3,423.89,2010-12-13 15:20:00,83,United Kingdom,361,141.29666666666665,0,0,0.39666666666666667,845.4315789473683,Low CLV,Medium Risk,MONITOR: no action needed yet
17372,41,8,1342.68,2010-12-12 12:00:00,215,United Kingdom,363,167.835,0,0,0.0033333333333333335,2663.1669421487604,Mid CLV,Low Risk,MONITOR: no action needed yet
17373,40,4,646.92,2011-01-31 11:46:00,47,United Kingdom,313,161.73,0,0,0.13666666666666666,1488.1226837060703,Low CLV,Low Risk,MONITOR: no action needed yet
17374,219,2,495.77,2011-03-03 12:53:00,24,United Kingdom,281,247.885,1,1,0.86,738.5467185301663,Low CLV,High Risk,"DO NOT INVEST: low value, unlikely to be saved profitably"
17375,199,3,400.1,2010-12-13 15:16:00,63,United Kingdom,361,133.36666666666667,1,1,0.89,448.3052693828006,Low CLV,High Risk,"DO NOT INVEST: low value, unlikely to be saved profitably"
17376,71,2,203.2,2011-02-01 14:12:00,23,United Kingdom,311,101.6,0,0,0.19,470.43086816720256,Low CLV,Low Risk,MONITOR: no action needed yet
17377,24,20,4100.92,2010-12-01 12:35:00,190,United Kingdom,374,205.046,0,3,0.02666666666666667,7894.819251336898,High CLV,Low Risk,REWARD: early access / loyalty perks (already staying)
17379,11,1,404.66,2011-11-28 13:56:00,71,United Kingdom,11,404.66,0,0,0.006666666666666667,9711.84,High CLV,Low Risk,REWARD: early access / loyalty perks (already staying)
17381,9,29,20275.61,2010-12-02 12:58:00,40,United Kingdom,372,699.1589655172414,0,3,0.0,39243.116129032256,High CLV,,MONITOR: no action needed yet
17382,65,1,65.4,2011-10-05 13:05:00,2,United Kingdom,65,65.4,0,0,0.02,724.4307692307693,Low CLV,Low Risk,MONITOR: no action needed yet
17383,4,1,199.29,2011-12-05 17:36:00,49,United Kingdom,4,199.29,0,0,0.0033333333333333335,4782.96,Mid CLV,Low Risk,MONITOR: no action needed yet
17384,19,2,336.4,2011-05-04 16:07:00,12,United Kingdom,219,168.2,0,0,0.7433333333333333,743.9277596903986,Low CLV,High Risk,"DO NOT INVEST: low value, unlikely to be saved profitably"
17385,15,1,261.11,2011-11-25 11:02:00,42,United Kingdom,15,261.11,0,0,0.0,6266.64,High CLV,,MONITOR: no action needed yet
17386,8,6,2686.42,2011-06-27 12:11:00,23,United Kingdom,166,447.7366666666667,0,0,0.006666666666666667,11651.9421686747,High CLV,Low Risk,REWARD: early access / loyalty perks (already staying)
17387,20,2,784.11,2011-11-06 11:25:00,71,United Kingdom,34,392.055,0,0,0.0,16604.682352941178,High CLV,,MONITOR: no action needed yet
17388,78,4,1259.56,2011-02-25 12:28:00,13,United Kingdom,288,314.89,0,0,0.023333333333333334,3148.9000000000005,Mid CLV,Low Risk,MONITOR: no action needed yet
17389,1,34,31833.68,2011-01-12 15:48:00,45,United Kingdom,331,936.2847058823529,0,3,0.006666666666666667,69245.4670694864,High CLV,Low Risk,REWARD: early access / loyalty perks (already staying)
17391,164,2,508.8,2011-06-28 12:21:00,2,United Kingdom,165,254.4,1,1,0.82,1353.7915742793793,Low CLV,High Risk,"DO NOT INVEST: low value, unlikely to be saved profitably"
17392,307,2,457.91,2010-12-16 19:04:00,53,United Kingdom,358,228.955,1,1,0.8466666666666667,543.8600272731272,Low CLV,High Risk,"DO NOT INVEST: low value, unlikely to be saved profitably"
17394,219,1,203.86999999999998,2011-05-04 13:22:00,4,United Kingdom,219,203.86999999999998,1,1,1.0,335.1287671232876,Low CLV,High Risk,"DO NOT INVEST: low value, unlikely to be saved profitably"
17396,39,8,7330.8,2010-12-03 09:45:00,24,United Kingdom,372,916.35,0,0,0.05,14188.645161290324,High CLV,Low Risk,REWARD: early access / loyalty perks (already staying)
17397,22,2,696.41,2011-11-17 13:58:00,88,United Kingdom,22,348.205,0,0,0.01,16713.84,High CLV,Low Risk,REWARD: early access / loyalty perks (already staying)
17398,115,3,653.38,2011-03-29 13:04:00,30,United Kingdom,255,217.79333333333332,1,0,0.7266666666666667,1269.3837021046952,Low CLV,High Risk,"DO NOT INVEST: low value, unlikely to be saved profitably"
17400,126,5,2129.96,2010-12-21 17:16:00,175,United Kingdom,353,425.992,1,0,0.6566666666666666,3307.914467724076,Mid CLV,High Risk,MONITOR: no action needed yet
17402,5,13,2633.85,2010-12-05 13:53:00,33,United Kingdom,369,202.60384615384615,0,0,0.006666666666666667,5139.219512195122,High CLV,Low Risk,REWARD: early access / loyalty perks (already staying)
17403,36,1,281.62,2011-11-03 15:18:00,32,United Kingdom,36,281.62,0,0,0.0,5632.4,High CLV,,MONITOR: no action needed yet
17404,4,15,31906.82,2010-12-14 13:28:00,111,Other,360,2127.1213333333335,0,3,0.03666666666666667,63813.64,High CLV,Low Risk,REWARD: early access / loyalty perks (already staying)
17405,1,3,1031.41,2011-07-12 14:17:00,77,United Kingdom,150,343.80333333333334,0,0,0.03,4950.768,High CLV,Low Risk,REWARD: early access / loyalty perks (already staying)
17406,333,3,2200.42,2010-12-08 10:35:00,99,United Kingdom,367,733.4733333333334,1,1,0.32666666666666666,4316.900272479565,Mid CLV,Medium Risk,MONITOR: no action needed yet
17408,163,1,32.65,2011-06-29 12:53:00,2,United Kingdom,163,32.65,1,1,0.98,73.58207086515587,Low CLV,High Risk,"DO NOT INVEST: low value, unlikely to be saved profitably"
17409,185,2,771.85,2011-04-05 16:42:00,13,United Kingdom,248,385.925,1,1,0.7533333333333333,1487.293034541821,Low CLV,High Risk,"DO NOT INVEST: low value, unlikely to be saved profitably"
17410,16,5,1214.72,2011-05-08 15:21:00,57,United Kingdom,215,242.94400000000002,0,0,0.01,4067.899534883721,Mid CLV,Low Risk,MONITOR: no action needed yet
17411,12,3,778.94,2011-03-23 13:44:00,39,United Kingdom,261,259.6466666666667,0,0,0.2,2148.8,Mid CLV,Low Risk,MONITOR: no action needed yet
17412,3,7,1258.06,2010-12-02 16:29:00,48,United Kingdom,372,179.72285714285712,0,0,0.043333333333333335,2434.9548387096775,Mid CLV,Low Risk,MONITOR: no action needed yet
17414,44,2,778.0,2011-06-08 11:43:00,5,United Kingdom,185,389.0,0,0,0.6566666666666666,2305.501440526821,Mid CLV,High Risk,MONITOR: no action needed yet
17415,80,1,507.84,2011-09-21 12:50:00,14,United Kingdom,80,507.84,0,0,0.0033333333333333335,4570.5599999999995,Mid CLV,Low Risk,MONITOR: no action needed yet
17416,30,7,6893.42,2011-03-03 13:45:00,186,United Kingdom,281,984.7742857142857,0,0,0.02,17662.855516014235,High CLV,Low Risk,REWARD: early access / loyalty perks (already staying)
17418,42,2,463.46000000000004,2011-01-20 11:39:00,29,United Kingdom,324,231.73000000000002,0,0,0.22333333333333333,1029.911111111111,Low CLV,Low Risk,MONITOR: no action needed yet
17419,11,12,4226.57,2010-12-07 15:03:00,155,United Kingdom,367,352.21416666666664,0,0,0.013333333333333334,8291.908446866484,High CLV,Low Risk,REWARD: early access / loyalty perks (already staying)
17420,50,3,598.83,2010-12-01 09:56:00,28,United Kingdom,374,199.61,0,0,0.09666666666666666,1152.8278074866312,Low CLV,Low Risk,MONITOR: no action needed yet
17422,16,6,1979.37,2011-02-16 14:44:00,93,United Kingdom,296,329.895,0,0,0.03666666666666667,4814.683783783784,Mid CLV,Low Risk,MONITOR: no action needed yet
17423,46,2,698.41,2011-05-06 09:14:00,26,United Kingdom,218,349.205,0,0,0.16333333333333333,2306.6752293577983,Mid CLV,Low Risk,MONITOR: no action needed yet
17425,19,2,759.17,2011-10-10 11:37:00,42,United Kingdom,61,379.585,0,0,0.0,8960.695081967213,High CLV,,MONITOR: no action needed yet
17426,8,6,5037.26,2011-03-02 16:34:00,179,United Kingdom,282,839.5433333333334,0,0,0.0,12861.089361702128,High CLV,,MONITOR: no action needed yet
17427,72,1,100.8,2011-09-29 11:29:00,2,United Kingdom,72,100.8,0,0,0.0033333333333333335,1008.0,Low CLV,Low Risk,MONITOR: no action needed yet
17428,1,28,17256.85,2010-12-06 09:37:00,252,United Kingdom,369,616.3160714285714,0,3,0.0,33671.90243902439,High CLV,,MONITOR: no action needed yet
17429,128,3,524.9200000000001,2011-05-05 09:53:00,36,United Kingdom,219,174.97333333333336,1,0,0.6933333333333334,1244.541622760801,Low CLV,High Risk,"DO NOT INVEST: low value, unlikely to be saved profitably"
17430,33,2,265.76,2010-12-09 13:05:00,14,United Kingdom,365,132.88,0,0,0.7133333333333334,367.4571757777493,Low CLV,High Risk,"DO NOT INVEST: low value, unlikely to be saved profitably"
17431,313,1,403.3,2011-01-30 14:36:00,41,United Kingdom,313,403.3,1,1,0.99,468.5448736566948,Low CLV,High Risk,"DO NOT INVEST: low value, unlikely to be saved profitably"
17432,18,2,365.76,2011-11-02 17:30:00,44,United Kingdom,37,182.88,0,0,0.006666666666666667,7117.491891891892,High CLV,Low Risk,REWARD: early access / loyalty perks (already staying)
17433,88,1,303.15999999999997,2011-09-12 14:24:00,53,United Kingdom,88,303.15999999999997,0,0,0.016666666666666666,2480.3999999999996,Mid CLV,Low Risk,MONITOR: no action needed yet
17434,2,7,2373.82,2011-09-15 13:54:00,100,United Kingdom,85,339.1171428571429,0,0,0.01,20107.651764705883,High CLV,Low Risk,REWARD: early access / loyalty perks (already staying)
17436,2,2,216.29999999999998,2011-04-27 11:33:00,7,United Kingdom,227,108.14999999999999,0,0,0.58,591.4324775938022,Low CLV,Medium Risk,MONITOR: no action needed yet
17438,254,1,388.45000000000005,2011-03-31 10:26:00,17,United Kingdom,254,388.45000000000005,1,1,1.0,550.5590551181103,Low CLV,High Risk,"DO NOT INVEST: low value, unlikely to be saved profitably"
17440,157,3,186.42000000000002,2011-04-06 12:05:00,3,United Kingdom,248,62.14000000000001,1,1,0.57,474.7538200339559,Low CLV,Medium Risk,MONITOR: no action needed yet
17442,37,6,2248.56,2011-02-22 13:02:00,96,United Kingdom,290,374.76,0,0,0.08666666666666667,5582.631724137931,High CLV,Low Risk,REWARD: early access / loyalty perks (already staying)
17443,220,1,534.24,2011-05-04 10:47:00,1,Other,220,534.24,1,1,0.9766666666666667,895.0964939497363,Low CLV,High Risk,"DO NOT INVEST: low value, unlikely to be saved profitably"
17444,148,3,2940.04,2011-06-20 09:04:00,132,Other,173,980.0133333333333,1,1,0.65,9412.311249444198,High CLV,High Risk,PRIORITIZE: proactive retention offer
17446,177,2,120.9,2011-02-02 14:40:00,6,United Kingdom,310,60.45,1,1,0.5633333333333334,249.2307692307692,Low CLV,Medium Risk,MONITOR: no action needed yet
17447,40,2,541.53,2011-09-29 10:10:00,33,United Kingdom,72,270.765,0,0,0.0033333333333333335,5415.299999999999,High CLV,Low Risk,REWARD: early access / loyalty perks (already staying)
17449,2,7,2520.86,2010-12-15 10:57:00,178,United Kingdom,360,360.1228571428572,0,0,0.0033333333333333335,5041.72,High CLV,Low Risk,REWARD: early access / loyalty perks (already staying)
17450,8,46,194550.79,2010-12-07 09:23:00,124,United Kingdom,368,4229.365,0,2,0.006666666666666667,380642.85,High CLV,Low Risk,REWARD: early access / loyalty perks (already staying)
17451,1,7,1721.4,2011-08-26 11:54:00,83,United Kingdom,106,245.91428571428574,0,0,0.01,11692.528301886794,High CLV,Low Risk,REWARD: early access / loyalty perks (already staying)
17453,18,2,486.71999999999997,2011-10-06 17:02:00,19,United Kingdom,64,243.35999999999999,0,0,0.0,5475.599999999999,High CLV,,MONITOR: no action needed yet
17454,192,4,517.53,2010-12-15 10:54:00,57,United Kingdom,360,129.3825,1,1,0.8366666666666667,618.5617529880477,Low CLV,High Risk,"DO NOT INVEST: low value, unlikely to be saved profitably"
17455,204,1,131.7,2011-05-20 12:31:00,8,United Kingdom,204,131.7,1,1,0.9966666666666667,233.18906157780836,Low CLV,High Risk,"DO NOT INVEST: low value, unlikely to be saved profitably"
17456,365,1,249.86,2010-12-09 15:23:00,17,United Kingdom,365,249.86,1,1,1.0,246.43726027397264,Low CLV,High Risk,"DO NOT INVEST: low value, unlikely to be saved profitably"
17457,127,5,1737.7,2011-01-04 14:33:00,14,United Kingdom,339,347.54,1,0,0.65,2838.9925119128657,Mid CLV,High Risk,MONITOR: no action needed yet
17458,15,1,316.5,2011-11-24 13:01:00,52,United Kingdom,15,316.5,0,0,0.006666666666666667,7596.0,High CLV,Low Risk,REWARD: early access / loyalty perks (already staying)
17459,43,2,657.3,2011-10-10 17:00:00,88,United Kingdom,60,328.65,0,0,0.0,7887.599999999999,High CLV,,MONITOR: no action needed yet
17460,94,6,622.4300000000001,2010-12-01 16:24:00,18,United Kingdom,373,103.73833333333334,1,0,0.8533333333333334,703.9883545576408,Low CLV,High Risk,"DO NOT INVEST: low value, unlikely to be saved profitably"
17461,23,3,757.46,2011-11-10 12:01:00,104,United Kingdom,30,252.48666666666668,0,0,0.0,18179.04,High CLV,,MONITOR: no action needed yet
17462,60,2,675.69,2011-02-28 17:01:00,25,United Kingdom,284,337.845,0,0,0.23333333333333334,1713.0169014084508,Mid CLV,Low Risk,MONITOR: no action needed yet
17463,16,5,1896.41,2011-01-30 15:48:00,162,United Kingdom,313,379.28200000000004,0,0,0.02666666666666667,4362.3488817891375,Mid CLV,Low Risk,MONITOR: no action needed yet
17464,158,1,289.96000000000004,2011-07-04 13:19:00,9,United Kingdom,158,289.96000000000004,1,1,0.9933333333333333,665.1023702319261,Low CLV,High Risk,"DO NOT INVEST: low value, unlikely to be saved profitably"
17466,10,2,763.28,2011-09-22 09:16:00,41,United Kingdom,79,381.64,0,0,0.0033333333333333335,6956.475949367089,High CLV,Low Risk,REWARD: early access / loyalty perks (already staying)
17468,10,2,137.0,2011-11-25 12:52:00,5,United Kingdom,14,68.5,0,0,0.0033333333333333335,3288.0,Mid CLV,Low Risk,MONITOR: no action needed yet
17469,16,5,1870.97,2011-05-19 08:55:00,61,United Kingdom,205,374.194,0,0,0.043333333333333335,6571.211707317074,High CLV,Low Risk,REWARD: early access / loyalty perks (already staying)
17470,45,5,1125.07,2010-12-07 09:57:00,67,United Kingdom,368,225.01399999999998,0,0,0.03333333333333333,2201.223913043478,Mid CLV,Low Risk,MONITOR: no action needed yet
17472,191,3,710.29,2011-02-13 14:40:00,142,United Kingdom,299,236.76333333333332,1,1,0.28,1710.3973244147155,Mid CLV,Low Risk,MONITOR: no action needed yet
17475,79,1,194.37,2011-09-21 14:55:00,14,United Kingdom,79,194.37,0,0,0.0,1771.473417721519,Mid CLV,,MONITOR: no action needed yet
17480,78,1,511.82,2011-09-23 11:39:00,29,United Kingdom,78,511.82,0,0,0.0,4724.492307692308,Mid CLV,,MONITOR: no action needed yet
17481,4,4,1255.59,2011-09-07 09:57:00,69,United Kingdom,94,313.8975,0,0,0.006666666666666667,9617.285106382977,High CLV,Low Risk,REWARD: early access / loyalty perks (already staying)
17483,65,3,414.04,2011-06-09 19:40:00,18,United Kingdom,183,138.01333333333335,0,0,0.06666666666666667,1629.009836065574,Mid CLV,Low Risk,MONITOR: no action needed yet
17486,261,1,396.87,2011-03-23 14:00:00,24,United Kingdom,261,396.87,1,1,0.98,558.5784658691063,Low CLV,High Risk,"DO NOT INVEST: low value, unlikely to be saved profitably"
17489,59,2,376.64,2011-05-11 11:34:00,28,United Kingdom,213,188.32,0,0,0.1,1273.149295774648,Low CLV,Low Risk,MONITOR: no action needed yet
17490,1,7,2092.32,2011-06-16 09:15:00,63,United Kingdom,177,298.90285714285716,0,0,0.03333333333333333,8511.13220338983,High CLV,Low Risk,REWARD: early access / loyalty perks (already staying)
17491,1,10,3558.87,2010-12-07 12:18:00,72,United Kingdom,368,355.887,0,0,0.006666666666666667,6963.00652173913,High CLV,Low Risk,REWARD: early access / loyalty perks (already staying)
17492,248,1,374.57,2011-04-05 15:21:00,12,United Kingdom,248,374.57,1,1,1.0,543.7306451612902,Low CLV,High Risk,"DO NOT INVEST: low value, unlikely to be saved profitably"
17495,8,2,497.56,2011-11-01 12:06:00,21,United Kingdom,39,248.78,0,0,0.0,9185.723076923077,High CLV,,MONITOR: no action needed yet
17496,359,1,271.05,2010-12-16 08:39:00,10,United Kingdom,359,271.05,1,1,0.9966666666666667,272.71406079689956,Low CLV,High Risk,"DO NOT INVEST: low value, unlikely to be saved profitably"
17498,76,1,272.22,2011-09-25 12:25:00,17,United Kingdom,76,272.22,0,0,0.0,2578.926315789474,Mid CLV,,MONITOR: no action needed yet
17499,290,1,622.88,2011-02-23 09:14:00,40,United Kingdom,290,622.88,1,1,1.0,773.2303448275862,Low CLV,High Risk,"DO NOT INVEST: low value, unlikely to be saved profitably"
17500,17,3,1138.0,2011-11-10 09:08:00,3,United Kingdom,30,379.3333333333333,0,0,0.06,27312.0,High CLV,Low Risk,REWARD: early access / loyalty perks (already staying)
17501,221,2,288.6,2011-05-03 09:46:00,18,United Kingdom,221,144.3,1,1,0.8933333333333333,526.251097453907,Low CLV,High Risk,"DO NOT INVEST: low value, unlikely to be saved profitably"
17502,9,4,689.1,2011-11-10 16:39:00,25,United Kingdom,29,172.275,0,0,0.01,16538.4,High CLV,Low Risk,REWARD: early access / loyalty perks (already staying)
17503,3,2,558.96,2011-11-01 11:12:00,36,United Kingdom,39,279.48,0,0,0.0033333333333333335,10319.261538461538,High CLV,Low Risk,REWARD: early access / loyalty perks (already staying)
17504,206,9,2997.0299999999997,2011-01-21 11:09:00,112,United Kingdom,323,333.00333333333333,1,1,0.6366666666666667,5246.612095375487,High CLV,High Risk,PRIORITIZE: proactive retention offer
17505,162,2,1145.84,2011-05-18 09:01:00,48,United Kingdom,206,572.92,1,1,0.6933333333333334,2888.132935026139,Mid CLV,High Risk,MONITOR: no action needed yet
17506,76,1,302.2,2011-09-25 11:39:00,14,United Kingdom,76,302.2,0,0,0.006666666666666667,2862.9473684210525,Mid CLV,Low Risk,MONITOR: no action needed yet
17507,262,2,605.58,2011-02-03 18:08:00,79,United Kingdom,309,302.79,1,1,0.8633333333333333,817.2163286726395,Low CLV,High Risk,"DO NOT INVEST: low value, unlikely to be saved profitably"
17508,281,1,387.31,2011-03-04 08:10:00,22,Other,281,387.31,1,1,0.9966666666666667,497.8573894000166,Low CLV,High Risk,"DO NOT INVEST: low value, unlikely to be saved profitably"
17509,58,8,6115.14,2011-10-07 13:14:00,75,United Kingdom,63,764.3925,0,0,0.03333333333333333,69887.31428571428,High CLV,Low Risk,REWARD: early access / loyalty perks (already staying)
17510,25,1,308.48,2011-11-15 10:00:00,20,United Kingdom,25,308.48,0,0,0.0,7403.52,High CLV,,MONITOR: no action needed yet
17511,3,31,91062.38,2010-12-01 10:19:00,453,United Kingdom,374,2937.496129032258,0,2,0.01,175307.25561497326,High CLV,Low Risk,REWARD: early access / loyalty perks (already staying)
17512,29,10,2924.9900000000002,2011-02-11 12:22:00,61,United Kingdom,302,292.499,0,0,0.03666666666666667,6973.486092715232,High CLV,Low Risk,REWARD: early access / loyalty perks (already staying)
17513,72,1,513.2,2011-09-28 16:42:00,6,United Kingdom,72,513.2,0,0,0.0033333333333333335,5132.000000000001,High CLV,Low Risk,REWARD: early access / loyalty perks (already staying)
17514,128,1,208.65,2011-08-03 15:45:00,40,United Kingdom,128,208.65,1,0,0.97,604.9774484536083,Low CLV,High Risk,"DO NOT INVEST: low value, unlikely to be saved profitably"
17515,31,4,639.02,2011-01-25 14:33:00,49,United Kingdom,318,159.755,0,0,0.25,1446.8377358490566,Low CLV,Low Risk,MONITOR: no action needed yet
17516,15,5,768.08,2011-02-27 12:41:00,113,United Kingdom,286,153.616,0,0,0.056666666666666664,1933.6279720279722,Mid CLV,Low Risk,MONITOR: no action needed yet
17517,309,1,153.94,2011-02-04 11:48:00,11,United Kingdom,309,153.94,1,1,1.0,179.34757281553397,Low CLV,High Risk,"DO NOT INVEST: low value, unlikely to be saved profitably"
17519,17,6,1844.02,2010-12-06 15:18:00,60,United Kingdom,368,307.33666666666664,0,0,0.02666666666666667,3607.865217391304,Mid CLV,Low Risk,MONITOR: no action needed yet
17520,54,1,546.81,2011-10-17 12:04:00,30,United Kingdom,54,546.81,0,0,0.0,7290.799999999999,High CLV,,MONITOR: no action needed yet
17521,30,3,723.2099999999999,2011-05-24 15:14:00,38,United Kingdom,199,241.06999999999996,0,0,0.11333333333333333,2616.639195979899,Mid CLV,Low Risk,MONITOR: no action needed yet
17522,2,5,1070.71,2011-05-05 16:31:00,59,United Kingdom,218,214.142,0,0,0.006666666666666667,3536.289908256881,Mid CLV,Low Risk,MONITOR: no action needed yet
17523,11,4,652.74,2011-11-20 13:40:00,25,United Kingdom,19,163.185,0,0,0.016666666666666666,15665.76,High CLV,Low Risk,REWARD: early access / loyalty perks (already staying)
17524,361,1,145.0,2010-12-13 14:32:00,6,United Kingdom,361,145.0,1,1,1.0,144.5983379501385,Low CLV,High Risk,"DO NOT INVEST: low value, unlikely to be saved profitably"
17525,360,1,422.70000000000005,2010-12-15 12:05:00,9,United Kingdom,360,422.70000000000005,1,1,0.9833333333333333,429.864406779661,Low CLV,High Risk,"DO NOT INVEST: low value, unlikely to be saved profitably"
17526,5,4,1195.8999999999999,2010-12-09 12:20:00,17,United Kingdom,366,298.97499999999997,0,0,0.07333333333333333,2352.590163934426,Mid CLV,Low Risk,MONITOR: no action needed yet
17527,54,4,939.37,2011-05-05 13:43:00,45,United Kingdom,218,234.8425,0,0,0.17666666666666667,3102.5064220183485,Mid CLV,Low Risk,MONITOR: no action needed yet
17528,1,8,3628.5,2011-09-29 13:04:00,183,United Kingdom,71,453.5625,0,0,0.0033333333333333335,36796.05633802817,High CLV,Low Risk,REWARD: early access / loyalty perks (already staying)
17530,1,10,2385.0,2010-12-09 20:01:00,306,United Kingdom,365,238.5,0,0,0.02666666666666667,4704.657534246575,Mid CLV,Low Risk,MONITOR: no action needed yet
17531,190,1,296.7,2011-06-02 19:17:00,14,United Kingdom,190,296.7,1,1,0.9866666666666667,569.7652916073968,Low CLV,High Risk,"DO NOT INVEST: low value, unlikely to be saved profitably"
17534,54,1,223.36,2011-10-17 12:47:00,9,United Kingdom,54,223.36,0,0,0.0,2978.133333333333,Mid CLV,,MONITOR: no action needed yet
17535,280,1,164.4,2011-03-04 15:20:00,13,United Kingdom,280,164.4,1,1,0.99,213.5064935064935,Low CLV,High Risk,"DO NOT INVEST: low value, unlikely to be saved profitably"
17536,177,1,76.5,2011-06-15 13:23:00,3,United Kingdom,177,76.5,1,1,0.9933333333333333,156.63747013991585,Low CLV,High Risk,"DO NOT INVEST: low value, unlikely to be saved profitably"
17537,30,2,897.62,2011-02-09 13:37:00,74,United Kingdom,303,448.81,0,0,0.2633333333333333,2132.958415841584,Mid CLV,Low Risk,MONITOR: no action needed yet
17538,26,1,98.42,2011-11-14 12:12:00,9,United Kingdom,26,98.42,0,0,0.0033333333333333335,2362.08,Mid CLV,Low Risk,MONITOR: no action needed yet
17540,25,2,578.9,2011-01-27 14:35:00,20,United Kingdom,316,289.45,0,0,0.11,1319.012658227848,Low CLV,Low Risk,MONITOR: no action needed yet
17542,270,1,170.75,2011-03-15 11:45:00,24,United Kingdom,270,170.75,1,1,0.9833333333333333,231.52542372881354,Low CLV,High Risk,"DO NOT INVEST: low value, unlikely to be saved profitably"
17545,43,3,645.96,2011-10-27 13:48:00,122,United Kingdom,43,215.32000000000002,0,0,0.0033333333333333335,10816.07441860465,High CLV,Low Risk,REWARD: early access / loyalty perks (already staying)
17548,234,1,103.3,2011-04-20 12:01:00,5,United Kingdom,234,103.3,1,1,1.0,158.9230769230769,Low CLV,High Risk,"DO NOT INVEST: low value, unlikely to be saved profitably"
17549,24,2,148.86,2011-10-19 10:05:00,5,United Kingdom,52,74.43,0,0,0.01,2061.1384615384613,Mid CLV,Low Risk,MONITOR: no action needed yet
17550,197,3,267.16,2011-04-10 15:19:00,42,United Kingdom,243,89.05333333333334,1,1,0.6866666666666666,576.3969795037757,Low CLV,High Risk,"DO NOT INVEST: low value, unlikely to be saved profitably"
17551,359,1,306.84,2010-12-15 14:12:00,39,United Kingdom,359,306.84,1,1,0.99,310.8027348695872,Low CLV,High Risk,"DO NOT INVEST: low value, unlikely to be saved profitably"
17552,60,4,930.41,2010-12-02 18:45:00,43,United Kingdom,372,232.6025,0,0,0.11333333333333333,1800.7935483870967,Mid CLV,Low Risk,MONITOR: no action needed yet
17553,130,1,1487.6,2011-08-02 10:00:00,2,United Kingdom,130,1487.6,1,0,0.9733333333333334,4232.3709167544785,Mid CLV,High Risk,MONITOR: no action needed yet
17554,1,5,1952.45,2011-07-14 20:01:00,58,United Kingdom,148,390.49,0,0,0.023333333333333334,9498.405405405405,High CLV,Low Risk,REWARD: early access / loyalty perks (already staying)
17555,20,2,483.26,2011-01-09 12:31:00,101,United Kingdom,335,241.63,0,0,0.13,1038.6483582089554,Low CLV,Low Risk,MONITOR: no action needed yet
17556,206,1,157.9,2011-05-18 10:48:00,6,United Kingdom,206,157.9,1,1,0.9966666666666667,276.8646296717213,Low CLV,High Risk,"DO NOT INVEST: low value, unlikely to be saved profitably"
17557,14,3,541.46,2011-09-19 14:23:00,27,United Kingdom,81,180.48666666666668,0,0,0.023333333333333334,4812.977777777778,Mid CLV,Low Risk,MONITOR: no action needed yet
17560,95,4,854.95,2011-02-02 11:14:00,22,United Kingdom,311,213.7375,1,0,0.6766666666666666,1462.5409849048833,Low CLV,High Risk,"DO NOT INVEST: low value, unlikely to be saved profitably"
17561,19,1,167.62,2011-11-20 12:53:00,44,United Kingdom,19,167.62,0,0,0.0033333333333333335,4022.88,Mid CLV,Low Risk,MONITOR: no action needed yet
17562,14,7,1122.38,2011-06-19 13:06:00,48,United Kingdom,173,160.34,0,0,0.023333333333333334,4671.176878612718,Mid CLV,Low Risk,MONITOR: no action needed yet
17564,24,3,454.01,2011-09-20 14:00:00,38,United Kingdom,80,151.33666666666667,0,0,0.006666666666666667,4086.09,Mid CLV,Low Risk,MONITOR: no action needed yet
17566,8,2,901.21,2011-11-14 13:42:00,113,United Kingdom,25,450.605,0,0,0.0,21629.04,High CLV,,MONITOR: no action needed yet
17567,7,8,4331.48,2010-12-02 15:18:00,110,United Kingdom,372,541.435,0,0,0.01,8383.509677419353,High CLV,Low Risk,REWARD: early access / loyalty perks (already staying)
17569,332,1,344.14,2011-01-11 14:15:00,29,United Kingdom,332,344.14,1,1,0.9866666666666667,378.2066102246825,Low CLV,High Risk,"DO NOT INVEST: low value, unlikely to be saved profitably"
17571,50,4,1498.51,2011-02-14 15:15:00,247,United Kingdom,298,374.6275,0,0,0.043333333333333335,3620.5610738255027,Mid CLV,Low Risk,MONITOR: no action needed yet
17572,71,4,226.75000000000003,2010-12-01 12:51:00,7,United Kingdom,373,56.68750000000001,0,0,0.20333333333333334,437.6943699731904,Low CLV,Low Risk,MONITOR: no action needed yet
17573,29,3,380.6,2011-09-07 10:36:00,24,United Kingdom,94,126.86666666666667,0,0,0.02666666666666667,2915.2340425531916,Mid CLV,Low Risk,MONITOR: no action needed yet
17574,243,1,185.65,2011-04-11 09:47:00,8,United Kingdom,243,185.65,1,1,0.9966666666666667,275.9568933481977,Low CLV,High Risk,"DO NOT INVEST: low value, unlikely to be saved profitably"
17576,8,19,3622.68,2010-12-09 16:57:00,245,United Kingdom,365,190.66736842105263,0,3,0.006666666666666667,7146.108493150685,High CLV,Low Risk,REWARD: early access / loyalty perks (already staying)
17578,218,1,143.45999999999998,2011-05-05 18:38:00,5,United Kingdom,218,143.45999999999998,1,1,1.0,236.90642201834856,Low CLV,High Risk,"DO NOT INVEST: low value, unlikely to be saved profitably"
17579,5,3,448.90000000000003,2011-06-13 14:12:00,46,United Kingdom,179,149.63333333333335,0,0,0.08333333333333333,1805.6312849162014,Mid CLV,Low Risk,MONITOR: no action needed yet
17580,253,3,215.72,2010-12-16 15:27:00,43,United Kingdom,358,71.90666666666667,1,1,0.8433333333333334,257.2234857685428,Low CLV,High Risk,"DO NOT INVEST: low value, unlikely to be saved profitably"
17581,1,25,11045.04,2010-12-02 14:47:00,229,United Kingdom,372,441.8016,0,3,0.0,21377.496774193547,High CLV,,MONITOR: no action needed yet
17582,236,1,175.27,2011-04-17 13:18:00,28,United Kingdom,236,175.27,1,1,0.9866666666666667,270.9740036646816,Low CLV,High Risk,"DO NOT INVEST: low value, unlikely to be saved profitably"
17584,7,2,1242.3,2011-08-04 14:12:00,30,United Kingdom,127,621.15,0,0,0.32666666666666666,7042.96062992126,High CLV,Medium Risk,PRIORITIZE: proactive retention offer
17585,109,4,1133.07,2011-01-05 15:09:00,176,United Kingdom,338,283.2675,1,0,0.6,2011.3668639053253,Mid CLV,Medium Risk,MONITOR: no action needed yet
17588,100,3,1240.2,2011-04-21 10:31:00,19,United Kingdom,233,413.40000000000003,1,0,0.82,2336.815660002094,Mid CLV,High Risk,MONITOR: no action needed yet
17589,60,4,2404.17,2011-04-13 13:47:00,172,United Kingdom,240,601.0425,0,0,0.17,7212.51,High CLV,Low Risk,REWARD: early access / loyalty perks (already staying)
17590,2,3,1479.22,2011-10-30 14:05:00,162,United Kingdom,40,493.0733333333333,0,0,0.02,26625.960000000006,High CLV,Low Risk,REWARD: early access / loyalty perks (already staying)
17591,73,7,2225.9700000000003,2010-12-07 15:39:00,81,United Kingdom,367,317.9957142857143,0,0,0.013333333333333334,4367.025613079019,Mid CLV,Low Risk,MONITOR: no action needed yet
17593,4,5,3927.34,2010-12-22 10:29:00,190,United Kingdom,353,785.4680000000001,0,0,0.02,8010.438526912181,High CLV,Low Risk,REWARD: early access / loyalty perks (already staying)
17594,85,2,993.18,2011-03-30 10:32:00,42,United Kingdom,255,496.59,0,0,0.15666666666666668,2804.2729411764703,Mid CLV,Low Risk,MONITOR: no action needed yet
17595,12,2,388.79,2011-11-02 16:19:00,68,United Kingdom,37,194.395,0,0,0.0,7565.643243243243,High CLV,,MONITOR: no action needed yet
17596,23,7,2827.93,2010-12-06 12:34:00,168,United Kingdom,369,403.98999999999995,0,0,0.013333333333333334,5517.91219512195,High CLV,Low Risk,REWARD: early access / loyalty perks (already staying)
17597,214,1,2044.3700000000001,2011-05-10 11:54:00,55,United Kingdom,214,2044.3700000000001,1,1,0.92,3738.1816334823243,Mid CLV,High Risk,MONITOR: no action needed yet
17600,18,1,161.67000000000002,2011-11-22 09:43:00,13,United Kingdom,18,161.67000000000002,0,0,0.0,3880.0800000000004,Mid CLV,,MONITOR: no action needed yet
17601,239,1,116.00999999999999,2011-04-14 18:02:00,9,United Kingdom,239,116.00999999999999,1,1,1.0,174.7430962343096,Low CLV,High Risk,"DO NOT INVEST: low value, unlikely to be saved profitably"
17602,2,6,5102.97,2011-01-19 16:18:00,335,United Kingdom,324,850.495,0,0,0.02,11339.933333333332,High CLV,Low Risk,REWARD: early access / loyalty perks (already staying)
17603,78,1,394.72,2011-09-22 14:18:00,11,United Kingdom,78,394.72,0,0,0.0,3643.569230769231,Mid CLV,,MONITOR: no action needed yet
17604,217,2,309.36,2011-01-31 15:09:00,57,United Kingdom,312,154.68,1,1,0.78,457.6331360946745,Low CLV,High Risk,"DO NOT INVEST: low value, unlikely to be saved profitably"
17608,33,2,193.42,2011-11-06 13:00:00,54,United Kingdom,33,96.71,0,0,0.006666666666666667,4220.072727272727,Mid CLV,Low Risk,MONITOR: no action needed yet
17609,41,5,1112.22,2011-01-16 16:23:00,199,United Kingdom,327,222.44400000000002,0,0,0.07333333333333333,2448.9247706422016,Mid CLV,Low Risk,MONITOR: no action needed yet
17611,7,15,3984.22,2010-12-13 13:52:00,440,United Kingdom,361,265.61466666666666,0,3,0.0033333333333333335,7946.366759002771,High CLV,Low Risk,REWARD: early access / loyalty perks (already staying)
17612,53,6,2048.45,2011-02-15 10:40:00,116,United Kingdom,298,341.4083333333333,0,0,0.016666666666666666,4949.275167785234,High CLV,Low Risk,REWARD: early access / loyalty perks (already staying)
17613,23,14,4559.150000000001,2011-02-07 11:20:00,211,United Kingdom,306,325.65357142857147,0,0,0.0,10727.411764705885,High CLV,,MONITOR: no action needed yet
17614,57,1,390.07,2011-10-13 16:01:00,97,United Kingdom,57,390.07,0,0,0.016666666666666666,4927.200000000001,Mid CLV,Low Risk,MONITOR: no action needed yet
17615,130,3,329.6,2011-05-01 15:33:00,13,United Kingdom,222,109.86666666666667,1,0,0.5033333333333333,1061.8936817612314,Low CLV,Medium Risk,MONITOR: no action needed yet
17616,174,3,571.1999999999999,2010-12-07 10:04:00,1,United Kingdom,368,190.39999999999998,1,1,0.38666666666666666,1117.565217391304,Low CLV,Medium Risk,MONITOR: no action needed yet
17618,6,3,971.58,2010-12-12 16:05:00,56,United Kingdom,362,323.86,0,0,0.25333333333333335,1932.4243093922653,Mid CLV,Low Risk,MONITOR: no action needed yet
17619,312,1,218.52,2011-01-31 14:18:00,71,United Kingdom,312,218.52,1,1,0.97,259.93655828707375,Low CLV,High Risk,"DO NOT INVEST: low value, unlikely to be saved profitably"
17620,60,1,81.44,2011-10-11 12:08:00,4,United Kingdom,60,81.44,0,0,0.0,977.28,Low CLV,,MONITOR: no action needed yet
17621,21,3,1379.9,2010-12-20 13:31:00,24,United Kingdom,354,459.9666666666667,0,0,0.16333333333333333,2806.576271186441,Mid CLV,Low Risk,MONITOR: no action needed yet
17623,33,1,527.0500000000001,2011-11-07 11:32:00,33,United Kingdom,33,527.0500000000001,0,0,0.0,11499.272727272728,High CLV,,MONITOR: no action needed yet
17624,15,2,843.48,2011-05-05 17:59:00,49,United Kingdom,218,421.74,0,0,0.17666666666666667,2785.805504587156,Mid CLV,Low Risk,MONITOR: no action needed yet
17625,18,4,2047.0,2011-03-27 12:21:00,223,United Kingdom,258,511.75,0,0,0.08,5712.5581395348845,High CLV,Low Risk,REWARD: early access / loyalty perks (already staying)
17628,81,1,75.75,2011-09-19 15:21:00,5,United Kingdom,81,75.75,0,0,0.023333333333333334,673.3333333333333,Low CLV,Low Risk,MONITOR: no action needed yet
17629,6,8,1814.12,2010-12-15 09:58:00,106,United Kingdom,360,226.765,0,0,0.03333333333333333,3628.24,Mid CLV,Low Risk,MONITOR: no action needed yet
17630,170,2,503.59999999999997,2011-04-21 14:03:00,24,United Kingdom,232,251.79999999999998,1,1,0.87,898.2164090368609,Low CLV,High Risk,"DO NOT INVEST: low value, unlikely to be saved profitably"
17631,2,3,528.33,2011-04-21 13:22:00,39,United Kingdom,232,176.11,0,0,0.19,1639.644827586207,Mid CLV,Low Risk,MONITOR: no action needed yet
17633,31,4,1324.84,2011-08-11 15:43:00,59,United Kingdom,120,331.21,0,0,0.02,7949.039999999999,High CLV,Low Risk,REWARD: early access / loyalty perks (already staying)
17634,36,9,2361.9700000000003,2011-01-06 12:45:00,209,United Kingdom,338,262.4411111111111,0,0,0.03666666666666667,5031.415384615385,High CLV,Low Risk,REWARD: early access / loyalty perks (already staying)
17636,19,1,285.56,2011-11-20 14:40:00,20,United Kingdom,19,285.56,0,0,0.0,6853.4400000000005,High CLV,,MONITOR: no action needed yet
17637,31,2,547.0600000000001,2011-08-16 13:25:00,35,United Kingdom,115,273.53000000000003,0,0,0.056666666666666664,3425.0713043478263,Mid CLV,Low Risk,MONITOR: no action needed yet
17639,276,1,108.5,2011-03-08 15:22:00,7,United Kingdom,276,108.5,1,1,1.0,141.5217391304348,Low CLV,High Risk,"DO NOT INVEST: low value, unlikely to be saved profitably"
17640,87,1,621.66,2011-09-14 09:13:00,5,United Kingdom,87,621.66,0,0,0.006666666666666667,5144.772413793104,High CLV,Low Risk,REWARD: early access / loyalty perks (already staying)
17642,120,2,712.29,2011-06-16 12:55:00,34,United Kingdom,176,356.145,1,0,0.8033333333333333,1813.6391927574502,Mid CLV,High Risk,MONITOR: no action needed yet
17643,373,1,101.55,2010-12-01 14:38:00,8,United Kingdom,373,101.55,1,1,1.0,98.01072386058979,Low CLV,High Risk,"DO NOT INVEST: low value, unlikely to be saved profitably"
17644,1,11,2895.64,2011-03-24 09:44:00,102,United Kingdom,261,263.24,0,0,0.02666666666666667,7987.972413793103,High CLV,Low Risk,REWARD: early access / loyalty perks (already staying)
17646,219,3,1008.39,2010-12-09 14:28:00,46,United Kingdom,365,336.13,1,1,0.31333333333333335,1989.1528767123289,Mid CLV,Medium Risk,MONITOR: no action needed yet
17647,65,1,133.06,2011-10-05 15:38:00,7,United Kingdom,65,133.06,0,0,0.0,1473.8953846153847,Low CLV,,MONITOR: no action needed yet
17648,61,4,1797.5,2011-04-04 10:29:00,81,United Kingdom,250,449.375,0,0,0.013333333333333334,5176.799999999999,High CLV,Low Risk,REWARD: early access / loyalty perks (already staying)
17649,138,1,868.49,2011-07-24 15:53:00,52,United Kingdom,138,868.49,1,0,0.9533333333333334,2376.530860443904,Mid CLV,High Risk,MONITOR: no action needed yet
17650,21,1,166.08,2011-11-18 14:52:00,8,United Kingdom,21,166.08,0,0,0.0,3985.92,Mid CLV,,MONITOR: no action needed yet
17651,12,10,3945.0,2011-06-15 15:57:00,149,United Kingdom,177,394.5,0,0,0.03333333333333333,16047.457627118642,High CLV,Low Risk,REWARD: early access / loyalty perks (already staying)
17652,25,12,4867.72,2011-03-03 14:05:00,118,United Kingdom,281,405.6433333333334,0,0,0.0,12472.449822064056,High CLV,,MONITOR: no action needed yet
17653,37,4,1207.56,2011-08-11 15:24:00,44,United Kingdom,120,301.89,0,0,0.03,7245.36,High CLV,Low Risk,REWARD: early access / loyalty perks (already staying)
17654,277,1,117.55,2011-03-07 13:17:00,22,United Kingdom,277,117.55,1,1,0.99,154.31572038070234,Low CLV,High Risk,"DO NOT INVEST: low value, unlikely to be saved profitably"
17655,11,7,2638.94,2010-12-08 16:45:00,66,United Kingdom,366,376.99142857142857,0,0,0.006666666666666667,5191.35737704918,High CLV,Low Risk,REWARD: early access / loyalty perks (already staying)
17656,73,5,1674.69,2011-08-03 10:45:00,67,United Kingdom,129,334.938,0,0,0.01,9347.106976744188,High CLV,Low Risk,REWARD: early access / loyalty perks (already staying)
17658,26,2,595.42,2011-05-12 15:23:00,17,United Kingdom,211,297.71,0,0,0.21666666666666667,2031.7649289099522,Mid CLV,Low Risk,MONITOR: no action needed yet
17659,17,12,2999.46,2010-12-02 16:46:00,127,United Kingdom,372,249.955,0,0,0.03666666666666667,5805.406451612903,High CLV,Low Risk,REWARD: early access / loyalty perks (already staying)
17660,141,1,196.0,2011-07-21 13:37:00,37,United Kingdom,141,196.0,1,0,0.98,510.6382978723404,Low CLV,High Risk,"DO NOT INVEST: low value, unlikely to be saved profitably"
17663,26,7,1802.91,2011-02-25 14:11:00,63,United Kingdom,287,257.55857142857144,0,0,0.07666666666666666,4522.979790940767,Mid CLV,Low Risk,MONITOR: no action needed yet
17664,19,2,604.64,2011-05-11 14:17:00,41,United Kingdom,212,302.32,0,0,0.14666666666666667,2053.4943396226413,Mid CLV,Low Risk,MONITOR: no action needed yet
17666,4,2,728.16,2011-10-05 11:06:00,14,United Kingdom,66,364.08,0,0,0.0,7943.563636363635,High CLV,,MONITOR: no action needed yet
17667,66,5,2055.51,2011-02-14 09:24:00,85,United Kingdom,299,411.10200000000003,0,0,0.056666666666666664,4949.723076923077,High CLV,Low Risk,REWARD: early access / loyalty perks (already staying)
17668,1,2,347.75,2011-11-01 14:45:00,14,United Kingdom,38,173.875,0,0,0.01,6588.9473684210525,High CLV,Low Risk,REWARD: early access / loyalty perks (already staying)
17669,43,7,3406.7200000000003,2011-04-04 10:11:00,45,United Kingdom,250,486.67428571428576,0,0,0.04,9811.3536,High CLV,Low Risk,REWARD: early access / loyalty perks (already staying)
17670,228,1,205.7,2011-04-26 09:12:00,11,United Kingdom,228,205.7,1,1,1.0,324.7894736842105,Low CLV,High Risk,"DO NOT INVEST: low value, unlikely to be saved profitably"
17671,16,4,1572.71,2010-12-09 14:27:00,40,United Kingdom,365,393.1775,0,0,0.34,3102.332054794521,Mid CLV,Medium Risk,MONITOR: no action needed yet
17672,50,2,3178.17,2011-02-03 13:29:00,105,United Kingdom,309,1589.085,0,0,0.10333333333333333,7405.4446601941745,High CLV,Low Risk,REWARD: early access / loyalty perks (already staying)
17673,2,6,1629.12,2011-01-23 15:16:00,118,United Kingdom,320,271.52,0,0,0.013333333333333334,3665.5199999999995,Mid CLV,Low Risk,MONITOR: no action needed yet
17674,74,2,551.04,2010-12-06 10:20:00,19,United Kingdom,369,275.52,0,0,0.11,1075.1999999999998,Low CLV,Low Risk,MONITOR: no action needed yet
17675,1,31,20374.28,2010-12-07 13:22:00,239,United Kingdom,367,657.2348387096774,0,3,0.0,39971.33950953679,High CLV,,MONITOR: no action needed yet
17676,4,6,1387.68,2010-12-08 13:49:00,49,United Kingdom,366,231.28,0,0,0.12666666666666668,2729.8622950819677,Mid CLV,Low Risk,MONITOR: no action needed yet
17677,2,30,16363.23,2010-12-06 08:42:00,178,United Kingdom,369,545.441,0,3,0.0033333333333333335,31928.25365853658,High CLV,Low Risk,REWARD: early access / loyalty perks (already staying)
17678,264,1,298.11,2011-03-21 11:52:00,16,United Kingdom,264,298.11,1,1,0.9966666666666667,407.87321374277894,Low CLV,High Risk,"DO NOT INVEST: low value, unlikely to be saved profitably"
17679,53,2,1992.1100000000001,2011-09-15 10:35:00,29,United Kingdom,86,996.0550000000001,0,0,0.006666666666666667,16678.13023255814,High CLV,Low Risk,REWARD: early access / loyalty perks (already staying)
17680,24,1,184.4,2011-11-16 12:42:00,11,United Kingdom,24,184.4,0,0,0.0033333333333333335,4425.6,Mid CLV,Low Risk,MONITOR: no action needed yet
17682,10,6,2474.33,2010-12-06 13:35:00,48,United Kingdom,368,412.3883333333333,0,0,0.01,4841.080434782608,Mid CLV,Low Risk,MONITOR: no action needed yet
17684,44,1,239.41,2011-10-27 11:10:00,15,United Kingdom,44,239.41,0,0,0.0,3917.618181818182,Mid CLV,,MONITOR: no action needed yet
17685,17,7,3191.53,2010-12-02 14:42:00,88,United Kingdom,372,455.9328571428572,0,0,0.01,6177.154838709677,High CLV,Low Risk,REWARD: early access / loyalty perks (already staying)
17686,7,7,5739.46,2011-02-10 10:18:00,205,United Kingdom,303,819.9228571428572,0,0,0.0033333333333333335,13638.320792079208,High CLV,Low Risk,REWARD: early access / loyalty perks (already staying)
17690,30,15,4757.95,2010-12-01 16:15:00,186,United Kingdom,373,317.19666666666666,0,3,0.0,9184.246648793565,High CLV,,MONITOR: no action needed yet
17691,358,2,290.40000000000003,2010-12-06 11:10:00,18,United Kingdom,369,145.20000000000002,1,1,0.9366666666666666,302.4737435986459,Low CLV,High Risk,"DO NOT INVEST: low value, unlikely to be saved profitably"
17692,127,4,740.9399999999999,2010-12-15 13:37:00,34,United Kingdom,359,185.23499999999999,1,0,0.7233333333333334,1027.1943314121404,Low CLV,High Risk,"DO NOT INVEST: low value, unlikely to be saved profitably"
17693,137,1,200.47,2011-07-25 15:48:00,16,United Kingdom,137,200.47,1,0,1.0,526.7824817518248,Low CLV,High Risk,"DO NOT INVEST: low value, unlikely to be saved profitably"
17694,142,1,283.12,2011-07-21 12:00:00,15,United Kingdom,142,283.12,1,0,1.0,717.769014084507,Low CLV,High Risk,"DO NOT INVEST: low value, unlikely to be saved profitably"
17695,132,2,765.34,2011-06-21 12:35:00,30,United Kingdom,172,382.67,1,0,0.5866666666666667,2730.4677589852004,Mid CLV,Medium Risk,MONITOR: no action needed yet
17696,38,8,2285.71,2010-12-10 09:51:00,78,United Kingdom,365,285.71375,0,0,0.02666666666666667,4508.7978082191785,Mid CLV,Low Risk,MONITOR: no action needed yet
17697,236,1,338.95,2011-04-17 15:40:00,19,United Kingdom,236,338.95,1,1,0.9866666666666667,524.0294319743472,Low CLV,High Risk,"DO NOT INVEST: low value, unlikely to be saved profitably"
17698,261,1,154.95,2011-03-24 11:34:00,8,United Kingdom,261,154.95,1,1,1.0,213.72413793103448,Low CLV,High Risk,"DO NOT INVEST: low value, unlikely to be saved profitably"
17700,17,4,2534.64,2011-03-03 16:34:00,116,United Kingdom,281,633.66,0,0,0.03666666666666667,6494.4512455516015,High CLV,Low Risk,REWARD: early access / loyalty perks (already staying)
17701,253,1,417.95,2011-04-01 12:25:00,24,United Kingdom,253,417.95,1,1,0.99,600.7186489399928,Low CLV,High Risk,"DO NOT INVEST: low value, unlikely to be saved profitably"
17702,30,4,1824.37,2011-05-17 16:23:00,58,United Kingdom,206,456.0925,0,0,0.03666666666666667,6376.438834951456,High CLV,Low Risk,REWARD: early access / loyalty perks (already staying)
17703,35,3,798.74,2011-07-24 13:30:00,47,United Kingdom,138,266.24666666666667,0,0,0.02,4167.339130434783,Mid CLV,Low Risk,MONITOR: no action needed yet
17704,169,2,885.19,2011-04-14 09:28:00,27,United Kingdom,240,442.595,1,1,0.77,1724.3961038961043,Mid CLV,High Risk,MONITOR: no action needed yet
17705,3,9,1823.52,2011-02-11 10:57:00,63,United Kingdom,302,202.61333333333334,0,0,0.006666666666666667,4347.464900662251,Mid CLV,Low Risk,MONITOR: no action needed yet
17706,4,17,10504.49,2010-12-08 11:02:00,270,United Kingdom,367,617.9111764705882,0,3,0.0,20608.263760217986,High CLV,,MONITOR: no action needed yet
17707,185,2,152.4,2011-01-07 13:30:00,3,United Kingdom,336,76.2,1,1,0.9,181.42857142857144,Low CLV,High Risk,"DO NOT INVEST: low value, unlikely to be saved profitably"
17708,188,2,267.08,2011-01-19 10:09:00,28,United Kingdom,325,133.54,1,1,0.9233333333333333,320.4069980560955,Low CLV,High Risk,"DO NOT INVEST: low value, unlikely to be saved profitably"
17709,170,1,137.45,2011-06-23 11:55:00,7,United Kingdom,170,137.45,1,1,1.0,291.0705882352941,Low CLV,High Risk,"DO NOT INVEST: low value, unlikely to be saved profitably"
17711,11,2,385.1,2011-02-23 11:32:00,22,United Kingdom,290,192.55,0,0,0.14,956.1103448275863,Low CLV,Low Risk,MONITOR: no action needed yet
17712,45,1,522.91,2011-10-26 12:28:00,29,United Kingdom,45,522.91,0,0,0.0,8366.56,High CLV,,MONITOR: no action needed yet
17714,321,1,153.0,2011-01-23 10:32:00,10,United Kingdom,321,153.0,1,1,0.9966666666666667,172.16266058200233,Low CLV,High Risk,"DO NOT INVEST: low value, unlikely to be saved profitably"
17715,201,1,326.4,2011-05-23 12:32:00,1,United Kingdom,201,326.4,1,1,0.99,590.5020352781546,Low CLV,High Risk,"DO NOT INVEST: low value, unlikely to be saved profitably"
17716,23,11,5655.99,2011-03-17 10:38:00,171,United Kingdom,268,514.180909090909,0,0,0.006666666666666667,15195.197014925372,High CLV,Low Risk,REWARD: early access / loyalty perks (already staying)
17718,232,1,139.35,2011-04-21 13:39:00,6,United Kingdom,232,139.35,1,1,0.9966666666666667,216.9559451043709,Low CLV,High Risk,"DO NOT INVEST: low value, unlikely to be saved profitably"
17719,38,15,5396.04,2011-03-29 11:29:00,111,United Kingdom,256,359.736,0,3,0.0033333333333333335,15176.362500000001,High CLV,Low Risk,REWARD: early access / loyalty perks (already staying)
17720,26,4,1195.94,2010-12-07 10:43:00,39,United Kingdom,368,298.985,0,0,0.02666666666666667,2339.8826086956524,Mid CLV,Low Risk,MONITOR: no action needed yet
17722,96,4,2424.04,2010-12-08 12:41:00,111,United Kingdom,367,606.01,1,0,0.6966666666666667,3413.1170879887354,Mid CLV,High Risk,MONITOR: no action needed yet
17723,127,6,3276.4000000000005,2011-05-09 14:44:00,4,United Kingdom,214,546.0666666666667,1,0,0.27666666666666667,11023.401869158879,High CLV,Low Risk,REWARD: early access / loyalty perks (already staying)
17724,71,3,1033.0,2011-07-24 13:26:00,38,United Kingdom,138,344.3333333333333,0,0,0.03666666666666667,5389.565217391305,High CLV,Low Risk,REWARD: early access / loyalty perks (already staying)
17725,16,11,3439.08,2011-03-17 19:47:00,115,United Kingdom,267,312.64363636363635,0,0,0.02,9273.923595505617,High CLV,Low Risk,REWARD: early access / loyalty perks (already staying)
17727,15,1,1060.25,2011-11-24 17:06:00,66,United Kingdom,15,1060.25,0,0,0.013333333333333334,25446.0,High CLV,Low Risk,REWARD: early access / loyalty perks (already staying)
17728,4,3,2876.01,2011-09-14 11:39:00,153,United Kingdom,87,958.6700000000001,0,0,0.0033333333333333335,23801.46206896552,High CLV,Low Risk,REWARD: early access / loyalty perks (already staying)
17730,3,13,5298.4800000000005,2011-01-17 14:49:00,127,United Kingdom,326,407.5753846153847,0,0,0.006666666666666667,11702.164417177915,High CLV,Low Risk,REWARD: early access / loyalty perks (already staying)
17731,79,4,1240.11,2011-06-09 14:18:00,54,United Kingdom,183,310.0275,0,0,0.04,4879.12131147541,Mid CLV,Low Risk,MONITOR: no action needed yet
17732,373,1,303.97,2010-12-02 09:29:00,18,United Kingdom,373,303.97,1,1,1.0,293.375871313673,Low CLV,High Risk,"DO NOT INVEST: low value, unlikely to be saved profitably"
17733,39,2,692.19,2011-03-23 09:54:00,33,United Kingdom,262,346.095,0,0,0.31,1902.2015267175575,Mid CLV,Medium Risk,MONITOR: no action needed yet
17734,54,3,700.63,2011-04-20 10:04:00,40,United Kingdom,234,233.54333333333332,0,0,0.03,2155.7846153846153,Mid CLV,Low Risk,MONITOR: no action needed yet
17735,2,19,13110.02,2010-12-07 10:32:00,319,United Kingdom,368,690.001052631579,0,3,0.0,25650.03913043478,High CLV,,MONITOR: no action needed yet
17736,9,3,377.44,2011-08-18 14:33:00,24,United Kingdom,113,125.81333333333333,0,0,0.04666666666666667,2404.927433628319,Mid CLV,Low Risk,MONITOR: no action needed yet
17737,9,2,168.24,2011-10-12 14:42:00,8,United Kingdom,58,84.12,0,0,0.01,2088.496551724138,Mid CLV,Low Risk,MONITOR: no action needed yet
17738,19,4,1879.05,2011-03-02 16:26:00,89,United Kingdom,282,469.7625,0,0,0.10666666666666667,4797.574468085106,Mid CLV,Low Risk,MONITOR: no action needed yet
17739,12,7,2791.35,2010-12-14 14:26:00,29,United Kingdom,360,398.7642857142857,0,0,0.016666666666666666,5582.7,High CLV,Low Risk,REWARD: early access / loyalty perks (already staying)
17742,113,2,355.11,2011-01-11 10:04:00,13,United Kingdom,333,177.555,1,0,0.9333333333333333,411.3243243243243,Low CLV,High Risk,"DO NOT INVEST: low value, unlikely to be saved profitably"
17744,4,6,2322.4,2010-12-16 14:17:00,110,United Kingdom,358,387.06666666666666,0,0,0.023333333333333334,4670.748603351955,Mid CLV,Low Risk,MONITOR: no action needed yet
17746,240,1,110.25,2011-04-13 14:31:00,6,United Kingdom,240,110.25,1,1,0.9966666666666667,165.92809364548495,Low CLV,High Risk,"DO NOT INVEST: low value, unlikely to be saved profitably"
17747,113,1,71.4,2011-08-19 08:13:00,1,United Kingdom,113,71.4,1,0,0.9966666666666667,228.22979252375174,Low CLV,High Risk,"DO NOT INVEST: low value, unlikely to be saved profitably"
17749,178,2,674.52,2011-03-28 13:39:00,33,United Kingdom,256,337.26,1,1,0.79,1200.6882911392402,Low CLV,High Risk,"DO NOT INVEST: low value, unlikely to be saved profitably"
17750,5,9,1797.57,2011-06-28 15:44:00,101,United Kingdom,164,199.73,0,0,0.0,7891.770731707316,High CLV,,MONITOR: no action needed yet
17752,359,1,80.64,2010-12-15 16:19:00,1,United Kingdom,359,80.64,1,1,1.0,80.86462395543175,Low CLV,High Risk,"DO NOT INVEST: low value, unlikely to be saved profitably"
17754,1,5,1772.26,2011-03-24 13:54:00,82,United Kingdom,260,354.452,0,0,0.013333333333333334,4907.796923076923,Mid CLV,Low Risk,MONITOR: no action needed yet
17757,1,30,5605.29,2010-12-02 17:17:00,275,United Kingdom,372,186.843,0,3,0.006666666666666667,10848.948387096774,High CLV,Low Risk,REWARD: early access / loyalty perks (already staying)
17758,19,8,3456.7000000000003,2011-04-03 15:22:00,310,United Kingdom,250,432.08750000000003,0,0,0.0,9955.296,High CLV,,MONITOR: no action needed yet
17759,17,3,834.99,2011-06-23 13:35:00,82,United Kingdom,169,278.33,0,0,0.006666666666666667,3557.353846153846,Mid CLV,Low Risk,MONITOR: no action needed yet
17760,22,2,287.59,2010-12-01 15:08:00,25,United Kingdom,373,143.795,0,0,0.29,555.1335120643431,Low CLV,Low Risk,MONITOR: no action needed yet
17761,33,1,712.78,2011-11-07 10:23:00,19,United Kingdom,33,712.78,0,0,0.0,15551.563636363633,High CLV,,MONITOR: no action needed yet
17763,263,1,15.0,2011-03-21 14:25:00,1,United Kingdom,263,15.0,1,1,0.9866666666666667,20.80978316719761,Low CLV,High Risk,"DO NOT INVEST: low value, unlikely to be saved profitably"
17764,51,2,818.8199999999999,2011-05-12 16:11:00,71,United Kingdom,211,409.40999999999997,0,0,0.5033333333333333,2775.5738991243215,Mid CLV,Medium Risk,MONITOR: no action needed yet
17765,159,3,371.88,2011-03-28 11:58:00,51,United Kingdom,257,123.96,1,1,0.44666666666666666,1041.8428015564202,Low CLV,Medium Risk,MONITOR: no action needed yet
17767,15,1,271.2,2011-11-24 14:42:00,21,United Kingdom,15,271.2,0,0,0.006666666666666667,6508.799999999999,High CLV,Low Risk,REWARD: early access / loyalty perks (already staying)
17768,8,3,2273.1800000000003,2011-06-26 13:46:00,77,United Kingdom,166,757.7266666666668,0,0,0.11333333333333333,9859.57590361446,High CLV,Low Risk,REWARD: early access / loyalty perks (already staying)
17769,13,10,3997.98,2011-01-23 11:15:00,200,United Kingdom,321,399.798,0,0,0.006666666666666667,8967.431775700934,High CLV,Low Risk,REWARD: early access / loyalty perks (already staying)
17770,199,5,1143.27,2011-03-02 13:35:00,33,United Kingdom,282,228.654,1,1,0.6866666666666666,2125.476141293121,Mid CLV,High Risk,MONITOR: no action needed yet
17771,57,2,245.81,2011-01-20 14:13:00,51,United Kingdom,323,122.905,0,0,0.13666666666666666,547.9356037151703,Low CLV,Low Risk,MONITOR: no action needed yet
17772,11,2,182.77,2011-11-29 10:57:00,50,United Kingdom,11,91.385,0,0,0.006666666666666667,4386.4800000000005,Mid CLV,Low Risk,MONITOR: no action needed yet
17774,97,4,1225.41,2011-02-07 13:13:00,123,United Kingdom,305,306.3525,1,0,0.6333333333333333,2283.766695427092,Mid CLV,High Risk,MONITOR: no action needed yet
17775,255,1,56.4,2011-03-30 10:50:00,3,United Kingdom,255,56.4,1,1,1.0,79.62352941176471,Low CLV,High Risk,"DO NOT INVEST: low value, unlikely to be saved profitably"
17777,25,3,665.86,2011-08-31 14:35:00,141,United Kingdom,100,221.95333333333335,0,0,0.01,4794.191999999999,Mid CLV,Low Risk,MONITOR: no action needed yet
17779,21,3,658.57,2011-07-19 12:19:00,73,United Kingdom,144,219.52333333333334,0,0,0.02666666666666667,3292.8500000000004,Mid CLV,Low Risk,MONITOR: no action needed yet
17781,159,2,188.02,2011-03-31 19:54:00,12,United Kingdom,253,94.01,1,1,0.8033333333333333,333.0352779098946,Low CLV,High Risk,"DO NOT INVEST: low value, unlikely to be saved profitably"
17783,72,2,283.47,2011-04-06 10:07:00,67,United Kingdom,248,141.735,0,0,0.15666666666666668,822.9774193548387,Low CLV,Low Risk,MONITOR: no action needed yet
17785,53,1,131.94,2011-10-17 13:43:00,13,United Kingdom,53,131.94,0,0,0.0,1792.3924528301886,Mid CLV,,MONITOR: no action needed yet
17786,85,2,278.74,2011-01-26 14:35:00,57,United Kingdom,317,139.37,0,0,0.6266666666666667,505.13323041814886,Low CLV,High Risk,"DO NOT INVEST: low value, unlikely to be saved profitably"
17787,153,4,1865.19,2010-12-03 13:43:00,94,United Kingdom,371,466.2975,1,1,0.73,2479.298452904036,Mid CLV,High Risk,MONITOR: no action needed yet
17788,74,2,1117.9,2011-08-02 10:38:00,3,United Kingdom,130,558.95,0,0,0.25666666666666665,6191.446153846155,High CLV,Low Risk,REWARD: early access / loyalty perks (already staying)
17789,281,1,225.9,2011-03-03 13:14:00,14,United Kingdom,281,225.9,1,1,0.9966666666666667,290.3771765910092,Low CLV,High Risk,"DO NOT INVEST: low value, unlikely to be saved profitably"
17790,27,14,1965.55,2010-12-10 10:47:00,121,United Kingdom,365,140.39642857142857,0,0,0.04666666666666667,3877.249315068493,Mid CLV,Low Risk,MONITOR: no action needed yet
17791,30,1,106.1,2011-11-10 12:09:00,10,United Kingdom,30,106.1,0,0,0.006666666666666667,2546.3999999999996,Mid CLV,Low Risk,MONITOR: no action needed yet
17793,25,1,323.04,2011-11-14 14:24:00,49,United Kingdom,25,323.04,0,0,0.0033333333333333335,7752.960000000001,High CLV,Low Risk,REWARD: early access / loyalty perks (already staying)
17795,180,2,350.39,2011-03-20 12:02:00,43,United Kingdom,265,175.195,1,1,0.77,618.1837784856654,Low CLV,High Risk,"DO NOT INVEST: low value, unlikely to be saved profitably"
17796,40,4,697.9,2010-12-05 12:23:00,63,United Kingdom,370,174.475,0,0,0.16,1358.0756756756755,Low CLV,Low Risk,MONITOR: no action needed yet
17797,22,3,780.43,2011-06-10 11:29:00,102,United Kingdom,183,260.1433333333333,0,0,0.03,3070.544262295082,Mid CLV,Low Risk,MONITOR: no action needed yet
17799,22,10,3055.93,2010-12-13 13:10:00,280,United Kingdom,361,305.59299999999996,0,0,0.0033333333333333335,6094.929639889197,High CLV,Low Risk,REWARD: early access / loyalty perks (already staying)
17800,37,9,1199.01,2011-01-09 13:50:00,51,United Kingdom,334,133.22333333333333,0,0,0.03,2584.6922155688626,Mid CLV,Low Risk,MONITOR: no action needed yet
17802,82,3,1285.04,2010-12-02 13:44:00,102,United Kingdom,372,428.34666666666664,0,0,0.14333333333333334,2487.174193548387,Mid CLV,Low Risk,MONITOR: no action needed yet
17805,74,1,512.31,2011-09-27 11:49:00,10,United Kingdom,74,512.31,0,0,0.006666666666666667,4984.637837837838,High CLV,Low Risk,REWARD: early access / loyalty perks (already staying)
17806,11,1,546.04,2011-11-28 14:12:00,43,United Kingdom,11,546.04,0,0,0.0033333333333333335,13104.96,High CLV,Low Risk,REWARD: early access / loyalty perks (already staying)
17809,16,12,5411.91,2010-12-01 09:41:00,46,United Kingdom,374,450.9925,0,0,0.04,10418.650267379679,High CLV,Low Risk,REWARD: early access / loyalty perks (already staying)
17811,4,39,7837.7300000000005,2011-01-10 10:58:00,359,United Kingdom,334,200.9674358974359,0,3,0.006666666666666667,16895.70538922156,High CLV,Low Risk,REWARD: early access / loyalty perks (already staying)
17812,13,4,732.16,2010-12-06 15:27:00,113,United Kingdom,368,183.04,0,0,0.26666666666666666,1432.486956521739,Low CLV,Low Risk,MONITOR: no action needed yet
17813,14,5,1770.8799999999999,2011-09-29 15:57:00,297,United Kingdom,71,354.176,0,0,0.0,17958.219718309858,High CLV,,MONITOR: no action needed yet
17816,37,4,36.56,2010-12-09 14:10:00,16,United Kingdom,365,9.14,0,0,0.2,72.11835616438357,Low CLV,Low Risk,MONITOR: no action needed yet
17817,4,3,387.68,2011-03-07 17:30:00,32,United Kingdom,277,129.22666666666666,0,0,0.5733333333333334,878.7977499790111,Low CLV,Medium Risk,MONITOR: no action needed yet
17819,72,7,3704.87,2010-12-03 14:26:00,36,United Kingdom,371,529.2671428571429,0,0,0.06666666666666667,7190.0442048517525,High CLV,Low Risk,REWARD: early access / loyalty perks (already staying)
17824,51,1,298.4,2011-10-19 14:14:00,13,United Kingdom,51,298.4,0,0,0.0033333333333333335,4212.705882352941,Mid CLV,Low Risk,MONITOR: no action needed yet
17827,5,5,1995.46,2010-12-10 10:18:00,190,United Kingdom,365,399.092,0,0,0.05,3936.249863013699,Mid CLV,Low Risk,MONITOR: no action needed yet
17828,23,4,1820.09,2011-06-08 08:31:00,54,Other,185,455.0225,0,0,0.24666666666666667,7083.593513513513,High CLV,Low Risk,REWARD: early access / loyalty perks (already staying)
17829,299,1,889.24,2011-02-14 12:46:00,30,Other,299,889.24,1,1,0.9533333333333334,1123.0666323642913,Low CLV,High Risk,"DO NOT INVEST: low value, unlikely to be saved profitably"
17830,2,3,398.7,2011-02-24 10:15:00,18,United Kingdom,289,132.9,0,0,0.24,993.3010380622839,Low CLV,Low Risk,MONITOR: no action needed yet
17831,33,1,35.400000000000006,2011-11-06 15:09:00,2,United Kingdom,33,35.400000000000006,0,0,0.0,772.3636363636365,Low CLV,,MONITOR: no action needed yet
17832,50,1,155.37,2011-10-21 11:43:00,61,United Kingdom,50,155.37,0,0,0.006666666666666667,2237.328,Mid CLV,Low Risk,MONITOR: no action needed yet
17835,3,3,350.64,2011-11-16 16:30:00,45,United Kingdom,23,116.88,0,0,0.016666666666666666,8415.36,High CLV,Low Risk,REWARD: early access / loyalty perks (already staying)
17836,47,1,110.21000000000001,2011-10-23 16:13:00,23,United Kingdom,47,110.21000000000001,0,0,0.006666666666666667,1688.323404255319,Mid CLV,Low Risk,MONITOR: no action needed yet
17837,42,8,1593.38,2011-06-29 16:44:00,110,United Kingdom,163,199.1725,0,0,0.0033333333333333335,7038.2429447852755,High CLV,Low Risk,REWARD: early access / loyalty perks (already staying)
17838,27,5,2779.3,2010-12-02 15:55:00,96,United Kingdom,372,555.86,0,0,0.07,5379.290322580646,High CLV,Low Risk,REWARD: early access / loyalty perks (already staying)
17839,42,1,338.8,2011-10-28 17:27:00,50,United Kingdom,42,338.8,0,0,0.0,5808.000000000001,High CLV,,MONITOR: no action needed yet
17841,2,124,40991.57,2010-12-01 14:41:00,1323,United Kingdom,373,330.5771774193548,0,2,0.0033333333333333335,79125.81876675603,High CLV,Low Risk,REWARD: early access / loyalty perks (already staying)
17843,303,1,205.48,2011-02-09 15:33:00,36,United Kingdom,303,205.48,1,1,0.98,249.11699333198624,Low CLV,High Risk,"DO NOT INVEST: low value, unlikely to be saved profitably"
17844,107,1,51.559999999999995,2011-08-25 11:27:00,5,Other,107,51.559999999999995,1,0,0.98,177.01316040434864,Low CLV,High Risk,"DO NOT INVEST: low value, unlikely to be saved profitably"
17846,85,1,2033.1,2011-09-15 15:20:00,1,United Kingdom,85,2033.1,0,0,0.02,17221.55294117647,High CLV,Low Risk,REWARD: early access / loyalty perks (already staying)
17848,81,9,901.1999999999999,2010-12-16 18:38:00,41,United Kingdom,358,100.13333333333333,0,0,0.06666666666666667,1812.4692737430169,Mid CLV,Low Risk,MONITOR: no action needed yet
17849,218,4,605.8000000000001,2011-01-10 11:59:00,14,United Kingdom,334,151.45000000000002,1,1,0.8366666666666667,780.4279886442256,Low CLV,High Risk,"DO NOT INVEST: low value, unlikely to be saved profitably"
17850,372,34,5391.21,2010-12-01 08:26:00,21,United Kingdom,374,158.565,1,3,0.7166666666666667,7241.023255813952,High CLV,High Risk,PRIORITIZE: proactive retention offer
17852,12,2,114.34,2011-11-28 12:31:00,21,United Kingdom,12,57.17,0,0,0.04666666666666667,2744.16,Mid CLV,Low Risk,MONITOR: no action needed yet
17854,185,2,311.26,2011-04-26 16:53:00,15,United Kingdom,227,155.63,1,1,0.95,519.6086250869465,Low CLV,High Risk,"DO NOT INVEST: low value, unlikely to be saved profitably"
17855,373,1,208.97,2010-12-02 09:44:00,17,United Kingdom,373,208.97,1,1,0.99,203.72410431391665,Low CLV,High Risk,"DO NOT INVEST: low value, unlikely to be saved profitably"
17856,2,4,1418.03,2011-03-03 11:40:00,12,United Kingdom,282,354.5075,0,0,0.12666666666666668,3620.5021276595744,Mid CLV,Low Risk,MONITOR: no action needed yet
17857,4,23,26879.04,2010-12-09 11:35:00,19,United Kingdom,366,1168.6539130434783,0,3,0.02,52876.8,High CLV,Low Risk,REWARD: early access / loyalty perks (already staying)
17858,6,12,5155.66,2010-12-05 13:08:00,101,United Kingdom,369,429.6383333333333,0,0,0.0,10059.824390243903,High CLV,,MONITOR: no action needed yet
17859,305,1,148.21,2011-02-08 10:32:00,23,United Kingdom,305,148.21,1,1,0.9866666666666667,177.30039875941515,Low CLV,High Risk,"DO NOT INVEST: low value, unlikely to be saved profitably"
17860,369,1,252.8,2010-12-06 12:41:00,49,United Kingdom,369,252.8,1,1,0.9866666666666667,249.9670402109426,Low CLV,High Risk,"DO NOT INVEST: low value, unlikely to be saved profitably"
17861,3,8,2100.8,2011-01-24 11:34:00,172,United Kingdom,320,262.6,0,0,0.06333333333333334,4726.8,Mid CLV,Low Risk,MONITOR: no action needed yet
17862,324,1,330.9,2011-01-20 12:23:00,11,United Kingdom,324,330.9,1,1,1.0,367.66666666666663,Low CLV,High Risk,"DO NOT INVEST: low value, unlikely to be saved profitably"
17863,59,6,3160.0,2010-12-05 13:21:00,110,United Kingdom,369,526.6666666666666,0,0,0.17333333333333334,6165.853658536585,High CLV,Low Risk,REWARD: early access / loyalty perks (already staying)
17864,13,3,597.5,2011-03-09 11:44:00,70,United Kingdom,276,199.16666666666666,0,0,0.06666666666666667,1558.695652173913,Mid CLV,Low Risk,MONITOR: no action needed yet
17865,31,20,10526.32,2010-12-10 14:53:00,191,United Kingdom,364,526.316,0,3,0.0033333333333333335,20821.292307692307,High CLV,Low Risk,REWARD: early access / loyalty perks (already staying)
17866,143,1,329.65,2011-07-20 11:07:00,9,United Kingdom,143,329.65,1,1,0.9933333333333333,835.4578307598442,Low CLV,High Risk,"DO NOT INVEST: low value, unlikely to be saved profitably"
17867,30,6,1197.1000000000001,2011-02-24 12:25:00,62,United Kingdom,289,199.51666666666668,0,0,0.02,2982.3944636678207,Mid CLV,Low Risk,MONITOR: no action needed yet
17869,107,5,428.18,2010-12-06 17:16:00,37,United Kingdom,368,85.636,1,0,0.88,475.99061264822126,Low CLV,High Risk,"DO NOT INVEST: low value, unlikely to be saved profitably"
17870,2,12,1894.35,2010-12-08 08:12:00,214,United Kingdom,367,157.86249999999998,0,0,0.006666666666666667,3716.435967302453,Mid CLV,Low Risk,MONITOR: no action needed yet
17871,205,1,155.9,2011-05-19 11:32:00,10,United Kingdom,205,155.9,1,1,1.0,273.7756097560976,Low CLV,High Risk,"DO NOT INVEST: low value, unlikely to be saved profitably"
17873,80,5,1859.16,2010-12-01 14:54:00,24,United Kingdom,373,371.832,0,0,0.37666666666666665,3588.72707774799,Mid CLV,Medium Risk,MONITOR: no action needed yet
17874,185,6,683.46,2011-03-29 11:25:00,37,United Kingdom,256,113.91000000000001,1,1,0.7333333333333333,1310.612215909091,Low CLV,High Risk,"DO NOT INVEST: low value, unlikely to be saved profitably"
17877,170,1,237.61,2011-06-22 13:00:00,12,United Kingdom,170,237.61,1,1,0.9966666666666667,504.85697422781817,Low CLV,High Risk,"DO NOT INVEST: low value, unlikely to be saved profitably"
17878,44,1,379.45,2011-10-27 11:24:00,26,United Kingdom,44,379.45,0,0,0.006666666666666667,6209.181818181819,High CLV,Low Risk,REWARD: early access / loyalty perks (already staying)
17879,174,1,178.51999999999998,2011-06-19 12:36:00,6,United Kingdom,174,178.51999999999998,1,1,1.0,369.351724137931,Low CLV,High Risk,"DO NOT INVEST: low value, unlikely to be saved profitably"
17880,365,1,458.92,2010-12-10 10:21:00,26,United Kingdom,365,458.92,1,1,1.0,452.6334246575343,Low CLV,High Risk,"DO NOT INVEST: low value, unlikely to be saved profitably"
17881,304,1,133.35000000000002,2011-02-08 17:16:00,8,United Kingdom,304,133.35000000000002,1,1,1.0,157.91447368421058,Low CLV,High Risk,"DO NOT INVEST: low value, unlikely to be saved profitably"
17883,3,4,671.77,2011-04-07 19:16:00,133,United Kingdom,246,167.9425,0,0,0.023333333333333334,1966.1560975609755,Mid CLV,Low Risk,MONITOR: no action needed yet
17884,4,4,717.45,2010-12-03 12:11:00,107,United Kingdom,372,179.3625,0,0,0.46,1388.6129032258063,Low CLV,Medium Risk,MONITOR: no action needed yet
17885,12,1,190.19,2011-11-27 14:40:00,50,United Kingdom,12,190.19,0,0,0.0033333333333333335,4564.5599999999995,Mid CLV,Low Risk,MONITOR: no action needed yet
17886,32,3,899.61,2011-04-04 12:34:00,93,United Kingdom,250,299.87,0,0,0.06333333333333334,2590.8768,Mid CLV,Low Risk,MONITOR: no action needed yet
17887,129,1,111.35,2011-08-02 17:29:00,10,United Kingdom,129,111.35,1,0,0.9933333333333333,312.82971749648823,Low CLV,High Risk,"DO NOT INVEST: low value, unlikely to be saved profitably"
17888,21,8,726.05,2010-12-17 13:56:00,60,United Kingdom,357,90.75625,0,0,0.14,1464.3025210084033,Low CLV,Low Risk,MONITOR: no action needed yet
17889,212,2,203.87,2011-01-21 17:14:00,20,United Kingdom,322,101.935,1,1,0.4533333333333333,455.8583850931678,Low CLV,Medium Risk,MONITOR: no action needed yet
17890,323,2,602.09,2010-12-13 15:12:00,88,United Kingdom,361,301.045,1,1,0.8666666666666667,692.7948007670999,Low CLV,High Risk,"DO NOT INVEST: low value, unlikely to be saved profitably"
17891,162,1,203.85999999999999,2011-06-30 20:08:00,34,United Kingdom,162,203.85999999999999,1,1,0.9866666666666667,459.14414414414404,Low CLV,High Risk,"DO NOT INVEST: low value, unlikely to be saved profitably"
17892,56,3,244.1,2011-07-07 12:56:00,27,United Kingdom,155,81.36666666666666,0,0,0.12333333333333334,1133.8838709677418,Low CLV,Low Risk,MONITOR: no action needed yet
17893,225,1,112.25,2011-04-28 13:50:00,15,United Kingdom,225,112.25,1,1,0.9966666666666667,180.20066889632105,Low CLV,High Risk,"DO NOT INVEST: low value, unlikely to be saved profitably"
17894,72,8,1119.81,2010-12-08 14:50:00,127,United Kingdom,366,139.97625,0,0,0.02666666666666667,2202.904918032787,Mid CLV,Low Risk,MONITOR: no action needed yet
17895,44,1,98.0,2011-10-26 17:00:00,15,United Kingdom,44,98.0,0,0,0.0,1603.636363636364,Mid CLV,,MONITOR: no action needed yet
17896,23,1,256.32,2011-11-16 13:59:00,2,United Kingdom,23,256.32,0,0,0.0,6151.68,High CLV,,MONITOR: no action needed yet
17897,173,3,566.6,2010-12-01 12:31:00,100,United Kingdom,374,188.86666666666667,1,1,0.7133333333333334,764.565945324604,Low CLV,High Risk,"DO NOT INVEST: low value, unlikely to be saved profitably"
17898,85,2,152.06,2011-05-16 17:13:00,27,United Kingdom,207,76.03,0,0,0.32,528.9043478260869,Low CLV,Medium Risk,MONITOR: no action needed yet
17899,159,1,155.8,2011-07-03 14:58:00,29,United Kingdom,159,155.8,1,1,0.9833333333333333,358.7336104892869,Low CLV,High Risk,"DO NOT INVEST: low value, unlikely to be saved profitably"
17900,190,2,112.19999999999999,2011-06-02 14:28:00,4,United Kingdom,190,56.099999999999994,1,1,0.8133333333333334,261.3805004314064,Low CLV,High Risk,"DO NOT INVEST: low value, unlikely to be saved profitably"
17901,29,1,110.38,2011-11-10 17:29:00,19,United Kingdom,29,110.38,0,0,0.0033333333333333335,2649.12,Mid CLV,Low Risk,MONITOR: no action needed yet
17904,21,1,191.67,2011-11-18 12:57:00,33,United Kingdom,21,191.67,0,0,0.01,4600.08,Mid CLV,Low Risk,MONITOR: no action needed yet
17905,71,4,800.24,2010-12-01 13:21:00,33,United Kingdom,373,200.06,0,0,0.42,1544.699195710456,Mid CLV,Medium Risk,MONITOR: no action needed yet
17906,247,1,72.9,2011-04-06 17:25:00,12,United Kingdom,247,72.9,1,1,0.9766666666666667,108.78943223114233,Low CLV,High Risk,"DO NOT INVEST: low value, unlikely to be saved profitably"
17908,374,1,243.28,2010-12-01 11:45:00,51,United Kingdom,374,243.28,1,1,0.9866666666666667,237.3377655730597,Low CLV,High Risk,"DO NOT INVEST: low value, unlikely to be saved profitably"
17911,9,1,366.23,2011-11-30 14:52:00,39,United Kingdom,9,366.23,0,0,0.006666666666666667,8789.52,High CLV,Low Risk,REWARD: early access / loyalty perks (already staying)
17912,310,5,311.01,2010-12-10 11:11:00,35,United Kingdom,365,62.202,1,1,0.8533333333333334,359.47217465753425,Low CLV,High Risk,"DO NOT INVEST: low value, unlikely to be saved profitably"
17913,59,2,411.6,2010-12-19 11:35:00,55,United Kingdom,356,205.8,0,0,0.30333333333333334,832.4494382022473,Low CLV,Medium Risk,MONITOR: no action needed yet
17914,4,1,336.43,2011-12-06 11:58:00,72,United Kingdom,4,336.43,0,0,0.0033333333333333335,8074.32,High CLV,Low Risk,REWARD: early access / loyalty perks (already staying)
17917,45,3,341.28,2010-12-12 12:08:00,77,United Kingdom,363,113.75999999999999,0,0,0.17333333333333334,676.9190082644627,Low CLV,Low Risk,MONITOR: no action needed yet
17919,88,1,1304.04,2011-09-12 13:41:00,23,United Kingdom,88,1304.04,0,0,0.01,10669.418181818182,High CLV,Low Risk,REWARD: early access / loyalty perks (already staying)
17920,4,17,4204.1,2010-12-01 11:49:00,407,United Kingdom,374,247.3,0,3,0.013333333333333334,8093.454545454546,High CLV,Low Risk,REWARD: early access / loyalty perks (already staying)
17921,64,4,826.52,2011-03-18 13:19:00,114,United Kingdom,266,206.63,0,0,0.05,2237.196992481203,Mid CLV,Low Risk,MONITOR: no action needed yet
17923,282,1,207.50000000000003,2011-03-02 15:15:00,1,United Kingdom,282,207.50000000000003,1,1,1.0,264.8936170212766,Low CLV,High Risk,"DO NOT INVEST: low value, unlikely to be saved profitably"
17924,12,7,2962.5,2010-12-01 10:51:00,26,United Kingdom,374,423.2142857142857,0,0,0.19666666666666666,5703.208556149732,High CLV,Low Risk,REWARD: early access / loyalty perks (already staying)
17925,373,1,244.08,2010-12-02 10:10:00,1,United Kingdom,373,244.08,1,1,0.9966666666666667,236.36106055035998,Low CLV,High Risk,"DO NOT INVEST: low value, unlikely to be saved profitably"
17926,133,2,397.29,2011-05-20 09:24:00,17,United Kingdom,204,198.645,1,0,0.7666666666666667,914.4782608695652,Low CLV,High Risk,"DO NOT INVEST: low value, unlikely to be saved profitably"
17928,45,2,212.54,2011-04-07 18:03:00,23,United Kingdom,246,106.27,0,0,0.16666666666666666,622.0682926829269,Low CLV,Low Risk,MONITOR: no action needed yet
17929,11,4,843.0,2011-02-04 11:40:00,4,United Kingdom,309,210.75,0,0,0.53,1853.0866459058432,Mid CLV,Medium Risk,MONITOR: no action needed yet
17930,36,5,1740.48,2011-04-14 15:46:00,26,United Kingdom,239,348.096,0,0,0.21,5243.287029288703,High CLV,Low Risk,REWARD: early access / loyalty perks (already staying)
17931,134,2,408.36,2011-03-29 12:31:00,63,United Kingdom,256,204.18,1,0,0.71,808.8116197183099,Low CLV,High Risk,"DO NOT INVEST: low value, unlikely to be saved profitably"
17932,29,3,1331.57,2011-05-12 13:58:00,84,United Kingdom,211,443.8566666666666,0,0,0.06666666666666667,4543.745971563982,Mid CLV,Low Risk,MONITOR: no action needed yet
17934,52,2,704.25,2011-10-12 10:50:00,21,United Kingdom,59,352.125,0,0,0.0,8594.237288135595,High CLV,,MONITOR: no action needed yet
17935,138,2,145.79,2011-07-21 11:23:00,28,United Kingdom,142,72.895,1,0,0.82,450.7420130539333,Low CLV,High Risk,"DO NOT INVEST: low value, unlikely to be saved profitably"
17936,5,1,389.84,2011-12-04 13:32:00,68,United Kingdom,5,389.84,0,0,0.01,9356.16,High CLV,Low Risk,REWARD: early access / loyalty perks (already staying)
17937,9,7,4301.22,2010-12-12 14:43:00,19,United Kingdom,362,614.46,0,0,0.016666666666666666,8554.91270718232,High CLV,Low Risk,REWARD: early access / loyalty perks (already staying)
17939,160,1,99.14,2011-07-03 12:27:00,12,United Kingdom,160,99.14,1,1,0.9833333333333333,226.8457627118644,Low CLV,High Risk,"DO NOT INVEST: low value, unlikely to be saved profitably"
17940,49,10,4106.4400000000005,2011-02-10 09:29:00,6,United Kingdom,303,410.64400000000006,0,0,0.14,9757.877227722773,High CLV,Low Risk,REWARD: early access / loyalty perks (already staying)
17941,131,1,304.56,2011-08-01 08:30:00,2,United Kingdom,131,304.56,1,0,1.0,836.9587786259542,Low CLV,High Risk,"DO NOT INVEST: low value, unlikely to be saved profitably"
17942,8,1,77.50000000000001,2011-12-02 10:45:00,2,United Kingdom,8,77.50000000000001,0,0,0.006666666666666667,1860.0000000000005,Mid CLV,Low Risk,MONITOR: no action needed yet
17946,233,2,149.57999999999998,2011-03-25 14:34:00,18,United Kingdom,259,74.78999999999999,1,1,0.7633333333333333,272.371735428504,Low CLV,High Risk,"DO NOT INVEST: low value, unlikely to be saved profitably"
17947,37,1,176.68,2011-11-02 13:05:00,9,United Kingdom,37,176.68,0,0,0.0033333333333333335,3438.0972972972972,Mid CLV,Low Risk,MONITOR: no action needed yet
17948,147,1,358.56000000000006,2011-07-15 12:58:00,1,United Kingdom,147,358.56000000000006,1,1,0.99,886.9758812615955,Low CLV,High Risk,"DO NOT INVEST: low value, unlikely to be saved profitably"
17949,1,45,58510.48,2010-12-03 13:12:00,29,United Kingdom,371,1300.232888888889,0,3,0.013333333333333334,113551.3358490566,High CLV,Low Risk,REWARD: early access / loyalty perks (already staying)
17950,72,3,482.2,2010-12-09 15:16:00,63,United Kingdom,365,160.73333333333332,0,0,0.19,951.1890410958904,Low CLV,Low Risk,MONITOR: no action needed yet
17951,40,3,1008.5400000000001,2010-12-01 12:40:00,18,United Kingdom,374,336.18,0,0,0.15666666666666668,1941.5743315508023,Mid CLV,Low Risk,MONITOR: no action needed yet
17954,5,12,2332.72,2010-12-03 14:18:00,326,United Kingdom,371,194.39333333333332,0,0,0.03,4527.111590296496,Mid CLV,Low Risk,MONITOR: no action needed yet
17955,199,4,557.3,2011-05-04 12:29:00,14,United Kingdom,220,139.325,1,1,0.7433333333333333,1226.8324500611495,Low CLV,High Risk,"DO NOT INVEST: low value, unlikely to be saved profitably"
17956,249,1,12.75,2011-04-04 13:47:00,1,United Kingdom,249,12.75,1,1,0.98,18.809933611999014,Low CLV,High Risk,"DO NOT INVEST: low value, unlikely to be saved profitably"
17957,66,1,111.68,2011-10-04 14:58:00,31,United Kingdom,66,111.68,0,0,0.01,1218.3272727272729,Low CLV,Low Risk,MONITOR: no action needed yet
17958,117,1,508.4599999999999,2011-08-15 12:19:00,7,United Kingdom,117,508.4599999999999,1,0,0.9833333333333333,1591.0091264667533,Mid CLV,High Risk,MONITOR: no action needed yet
17960,171,1,73.78,2011-06-21 14:15:00,26,United Kingdom,171,73.78,1,1,0.9833333333333333,157.95896520963424,Low CLV,High Risk,"DO NOT INVEST: low value, unlikely to be saved profitably"
17961,21,39,1296.44,2010-12-02 19:18:00,211,United Kingdom,372,33.242051282051285,0,3,0.05333333333333334,2509.238709677419,Mid CLV,Low Risk,MONITOR: no action needed yet
17962,142,1,102.83,2011-07-20 14:16:00,33,United Kingdom,142,102.83,1,0,0.9433333333333334,276.35594485641764,Low CLV,High Risk,"DO NOT INVEST: low value, unlikely to be saved profitably"
17964,32,2,471.7,2010-12-02 13:32:00,84,United Kingdom,372,235.85,0,0,0.32,912.9677419354839,Low CLV,Medium Risk,MONITOR: no action needed yet
17965,38,14,2622.57,2010-12-05 15:54:00,274,United Kingdom,369,187.32642857142858,0,0,0.013333333333333334,5117.209756097561,High CLV,Low Risk,REWARD: early access / loyalty perks (already staying)
17966,38,5,1098.43,2011-03-23 17:25:00,53,United Kingdom,261,219.686,0,0,0.06,3030.1517241379315,Mid CLV,Low Risk,MONITOR: no action needed yet
17967,372,1,123.07,2010-12-03 11:19:00,41,United Kingdom,372,123.07,1,1,0.9666666666666667,123.20689655172413,Low CLV,High Risk,"DO NOT INVEST: low value, unlikely to be saved profitably"
17968,374,1,277.35,2010-12-01 12:23:00,74,United Kingdom,374,277.35,1,1,0.9866666666666667,270.57558895794193,Low CLV,High Risk,"DO NOT INVEST: low value, unlikely to be saved profitably"
17969,166,2,228.2,2010-12-13 15:34:00,14,United Kingdom,361,114.1,1,1,0.4633333333333333,455.13573407202216,Low CLV,Medium Risk,MONITOR: no action needed yet
17970,211,1,582.59,2011-05-12 20:03:00,27,United Kingdom,211,582.59,1,1,0.9933333333333333,1000.6635071090049,Low CLV,High Risk,"DO NOT INVEST: low value, unlikely to be saved profitably"
17972,242,1,136.04,2011-04-12 12:16:00,30,United Kingdom,242,136.04,1,1,0.97,208.63252960722502,Low CLV,High Risk,"DO NOT INVEST: low value, unlikely to be saved profitably"
17973,52,1,337.04,2011-10-19 10:34:00,15,United Kingdom,52,337.04,0,0,0.0033333333333333335,4666.707692307693,Mid CLV,Low Risk,MONITOR: no action needed yet
17974,25,3,740.79,2011-05-04 11:50:00,143,United Kingdom,220,246.92999999999998,0,0,0.04,2424.4036363636365,Mid CLV,Low Risk,MONITOR: no action needed yet
17975,15,13,4488.81,2010-12-08 11:38:00,189,United Kingdom,367,345.29307692307697,0,0,0.006666666666666667,8806.384741144415,High CLV,Low Risk,REWARD: early access / loyalty perks (already staying)
17976,372,1,353.19,2010-12-02 13:49:00,56,United Kingdom,372,353.19,1,1,0.9833333333333333,347.58993985784576,Low CLV,High Risk,"DO NOT INVEST: low value, unlikely to be saved profitably"
17977,29,1,288.14,2011-11-10 13:28:00,19,United Kingdom,29,288.14,0,0,0.0,6915.36,High CLV,,MONITOR: no action needed yet
17978,365,1,300.91999999999996,2010-12-09 14:05:00,12,United Kingdom,365,300.91999999999996,1,1,1.0,296.7978082191781,Low CLV,High Risk,"DO NOT INVEST: low value, unlikely to be saved profitably"
17979,36,4,757.71,2011-03-25 11:34:00,116,United Kingdom,260,189.4275,0,0,0.17,2098.2738461538465,Mid CLV,Low Risk,MONITOR: no action needed yet
17980,166,3,811.45,2010-12-15 15:50:00,23,United Kingdom,359,270.48333333333335,1,1,0.86,946.1747748914945,Low CLV,High Risk,"DO NOT INVEST: low value, unlikely to be saved profitably"
17984,145,1,152.68,2011-07-17 15:59:00,48,United Kingdom,145,152.68,1,1,0.9466666666666667,400.42350655658095,Low CLV,High Risk,"DO NOT INVEST: low value, unlikely to be saved profitably"
17985,22,1,634.95,2011-11-17 14:24:00,20,United Kingdom,22,634.95,0,0,0.0,15238.800000000001,High CLV,,MONITOR: no action needed yet
17986,56,1,20.8,2011-10-14 14:22:00,1,United Kingdom,56,20.8,0,0,0.013333333333333334,267.42857142857144,Low CLV,Low Risk,MONITOR: no action needed yet
17987,185,1,198.57,2011-06-07 14:22:00,13,United Kingdom,185,198.57,1,1,1.0,386.4064864864864,Low CLV,High Risk,"DO NOT INVEST: low value, unlikely to be saved profitably"
17988,12,7,201.12,2011-01-17 11:59:00,37,United Kingdom,327,28.731428571428573,0,0,0.18,442.8330275229358,Low CLV,Low Risk,MONITOR: no action needed yet
17990,237,3,630.84,2010-12-13 12:10:00,27,United Kingdom,362,210.28,1,1,0.7433333333333333,843.9749275326413,Low CLV,High Risk,"DO NOT INVEST: low value, unlikely to be saved profitably"
17991,225,2,93.35,2011-04-27 16:39:00,4,United Kingdom,226,46.675,1,1,0.6066666666666667,245.10843139161724,Low CLV,High Risk,"DO NOT INVEST: low value, unlikely to be saved profitably"
17994,122,4,678.49,2011-02-22 11:02:00,63,United Kingdom,291,169.6225,1,0,0.6633333333333333,1265.3805108014299,Low CLV,High Risk,"DO NOT INVEST: low value, unlikely to be saved profitably"
17995,282,1,76.1,2011-03-03 12:30:00,2,United Kingdom,282,76.1,1,1,1.0,97.14893617021275,Low CLV,High Risk,"DO NOT INVEST: low value, unlikely to be saved profitably"
17997,74,8,1970.6699999999998,2011-06-28 17:28:00,133,United Kingdom,164,246.33374999999998,0,0,0.03333333333333333,8651.721951219512,High CLV,Low Risk,REWARD: early access / loyalty perks (already staying)
17999,37,2,382.06,2010-12-08 15:17:00,87,United Kingdom,366,191.03,0,0,0.18333333333333332,751.5934426229509,Low CLV,Low Risk,MONITOR: no action needed yet
18001,12,2,417.23,2011-09-14 11:21:00,56,United Kingdom,87,208.615,0,0,0.0,3452.937931034483,Mid CLV,,MONITOR: no action needed yet
18004,362,1,169.47,2010-12-12 13:47:00,32,United Kingdom,362,169.47,1,1,0.9866666666666667,170.81118411228906,Low CLV,High Risk,"DO NOT INVEST: low value, unlikely to be saved profitably"
18005,4,2,249.72,2011-10-23 14:40:00,52,United Kingdom,47,124.86,0,0,0.0033333333333333335,3825.4978723404256,Mid CLV,Low Risk,MONITOR: no action needed yet
18006,23,1,444.68,2011-11-16 16:52:00,21,United Kingdom,23,444.68,0,0,0.0,10672.32,High CLV,,MONITOR: no action needed yet
18008,70,9,2116.19,2011-01-25 12:26:00,24,United Kingdom,319,235.13222222222223,0,0,0.016666666666666666,4776.3536050156745,Mid CLV,Low Risk,MONITOR: no action needed yet
18009,235,1,257.34,2011-04-18 13:36:00,31,United Kingdom,235,257.34,1,1,0.9933333333333333,396.86877052691705,Low CLV,High Risk,"DO NOT INVEST: low value, unlikely to be saved profitably"
18010,257,1,174.8,2011-03-28 12:27:00,14,United Kingdom,257,174.8,1,1,1.0,244.8560311284047,Low CLV,High Risk,"DO NOT INVEST: low value, unlikely to be saved profitably"
18011,373,1,102.78999999999999,2010-12-01 17:35:00,28,United Kingdom,373,102.78999999999999,1,1,0.9733333333333334,101.92552058467074,Low CLV,High Risk,"DO NOT INVEST: low value, unlikely to be saved profitably"
18013,155,2,187.29,2011-07-07 14:08:00,31,United Kingdom,155,93.645,1,1,0.7533333333333333,577.4284898658292,Low CLV,High Risk,"DO NOT INVEST: low value, unlikely to be saved profitably"
18014,28,1,166.42,2011-11-11 15:28:00,29,United Kingdom,28,166.42,0,0,0.0033333333333333335,3994.08,Mid CLV,Low Risk,MONITOR: no action needed yet
18015,4,1,120.03,2011-12-05 14:49:00,46,United Kingdom,4,120.03,0,0,0.006666666666666667,2880.7200000000003,Mid CLV,Low Risk,MONITOR: no action needed yet
18016,32,5,1483.56,2010-12-10 17:14:00,90,United Kingdom,364,296.712,0,0,0.16666666666666666,2934.5142857142855,Mid CLV,Low Risk,MONITOR: no action needed yet
18017,81,3,523.0,2011-02-02 13:57:00,1,United Kingdom,310,174.33333333333334,0,0,0.22333333333333333,1214.7096774193546,Low CLV,Low Risk,MONITOR: no action needed yet
18018,108,2,122.14,2011-05-24 13:22:00,29,United Kingdom,199,61.07,1,0,0.55,401.7396071265418,Low CLV,Medium Risk,MONITOR: no action needed yet
18019,52,1,38.45,2011-10-19 12:10:00,5,United Kingdom,52,38.45,0,0,0.02666666666666667,532.3846153846155,Low CLV,Low Risk,MONITOR: no action needed yet
18022,36,1,668.11,2011-11-04 12:45:00,141,United Kingdom,36,668.11,0,0,0.006666666666666667,13362.2,High CLV,Low Risk,REWARD: early access / loyalty perks (already staying)
18024,153,2,389.78,2011-07-10 12:28:00,21,United Kingdom,153,194.89,1,1,0.6833333333333333,1342.1406025824965,Low CLV,High Risk,"DO NOT INVEST: low value, unlikely to be saved profitably"
18027,99,1,115.31,2011-09-02 10:38:00,21,United Kingdom,99,115.31,1,0,0.9733333333333334,430.7970112079701,Low CLV,High Risk,"DO NOT INVEST: low value, unlikely to be saved profitably"
18030,4,2,230.64999999999998,2011-10-28 13:55:00,8,United Kingdom,42,115.32499999999999,0,0,0.006666666666666667,3954.0,Mid CLV,Low Risk,MONITOR: no action needed yet
18032,334,1,73.5,2011-01-09 15:32:00,5,United Kingdom,334,73.5,1,1,1.0,79.22155688622755,Low CLV,High Risk,"DO NOT INVEST: low value, unlikely to be saved profitably"
18033,65,1,97.97,2011-10-05 17:28:00,32,United Kingdom,65,97.97,0,0,0.0033333333333333335,1085.206153846154,Low CLV,Low Risk,MONITOR: no action needed yet
18034,22,2,422.88,2011-11-18 12:08:00,99,United Kingdom,22,211.44,0,0,0.02666666666666667,10149.119999999999,High CLV,Low Risk,REWARD: early access / loyalty perks (already staying)
18035,36,3,730.4,2011-10-27 17:48:00,44,United Kingdom,43,243.46666666666667,0,0,0.01,12229.953488372092,High CLV,Low Risk,REWARD: early access / loyalty perks (already staying)
18036,32,3,405.62,2011-04-08 11:26:00,77,United Kingdom,246,135.20666666666668,0,0,0.28,1187.180487804878,Low CLV,Low Risk,MONITOR: no action needed yet
18037,154,6,70.02,2010-12-12 16:20:00,19,United Kingdom,362,11.67,1,1,0.21333333333333335,139.26629834254143,Low CLV,Low Risk,MONITOR: no action needed yet
18040,19,2,357.20000000000005,2011-04-08 08:27:00,18,United Kingdom,246,178.60000000000002,0,0,0.2866666666666667,1045.4634146341466,Low CLV,Low Risk,MONITOR: no action needed yet
18041,12,21,4183.39,2010-12-02 11:21:00,285,United Kingdom,373,199.20904761904762,0,3,0.013333333333333334,8075.176407506702,High CLV,Low Risk,REWARD: early access / loyalty perks (already staying)
18042,54,1,165.04999999999998,2011-10-17 11:49:00,7,United Kingdom,54,165.04999999999998,0,0,0.0,2200.666666666666,Mid CLV,,MONITOR: no action needed yet
18043,25,3,559.51,2010-12-08 12:35:00,106,United Kingdom,367,186.50333333333333,0,0,0.13,1097.6762942779292,Low CLV,Low Risk,MONITOR: no action needed yet
18044,4,10,2088.6,2010-12-14 12:25:00,88,United Kingdom,361,208.85999999999999,0,0,0.0033333333333333335,4165.628808864266,Mid CLV,Low Risk,MONITOR: no action needed yet
18045,45,1,189.4,2011-10-25 13:07:00,43,United Kingdom,45,189.4,0,0,0.013333333333333334,3030.4,Mid CLV,Low Risk,MONITOR: no action needed yet
18048,203,2,172.29000000000002,2011-05-20 14:54:00,6,United Kingdom,203,86.14500000000001,1,1,0.4533333333333333,611.0778325123154,Low CLV,Medium Risk,MONITOR: no action needed yet
18050,359,1,74.4,2010-12-15 14:25:00,5,United Kingdom,359,74.4,1,1,1.0,74.60724233983288,Low CLV,High Risk,"DO NOT INVEST: low value, unlikely to be saved profitably"
18053,71,1,300.02,2011-09-30 09:05:00,20,United Kingdom,71,300.02,0,0,0.0,3042.456338028169,Mid CLV,,MONITOR: no action needed yet
18055,7,10,6784.1900000000005,2010-12-05 10:52:00,223,United Kingdom,370,678.4190000000001,0,0,0.0,13201.667027027028,High CLV,,MONITOR: no action needed yet
18056,288,1,363.65,2011-02-24 14:27:00,19,United Kingdom,288,363.65,1,1,0.9933333333333333,457.6132550335571,Low CLV,High Risk,"DO NOT INVEST: low value, unlikely to be saved profitably"
18058,10,1,170.16,2011-11-30 08:38:00,3,United Kingdom,10,170.16,0,0,0.006666666666666667,4083.84,Mid CLV,Low Risk,MONITOR: no action needed yet
18059,23,3,306.46,2011-10-03 09:30:00,17,United Kingdom,68,102.15333333333332,0,0,0.0,3244.870588235294,Mid CLV,,MONITOR: no action needed yet
18061,22,10,2119.41,2010-12-08 13:03:00,18,United Kingdom,366,211.94099999999997,0,0,0.03333333333333333,4169.331147540984,Mid CLV,Low Risk,MONITOR: no action needed yet
18062,173,3,720.52,2011-01-06 10:03:00,23,United Kingdom,338,240.17333333333332,1,1,0.7166666666666667,1070.8154671804043,Low CLV,High Risk,"DO NOT INVEST: low value, unlikely to be saved profitably"
18064,133,2,814.0,2011-04-18 15:08:00,7,United Kingdom,235,407.0,1,0,0.8833333333333333,1411.6740264953833,Low CLV,High Risk,"DO NOT INVEST: low value, unlikely to be saved profitably"
18065,6,14,2392.83,2010-12-10 12:44:00,110,United Kingdom,365,170.91642857142855,0,0,0.05,4720.10301369863,Mid CLV,Low Risk,MONITOR: no action needed yet
18066,75,1,318.0,2011-09-25 15:30:00,10,United Kingdom,75,318.0,0,0,0.0,3052.8,Mid CLV,,MONITOR: no action needed yet
18067,40,1,396.33,2011-10-30 15:58:00,36,United Kingdom,40,396.33,0,0,0.006666666666666667,7133.9400000000005,High CLV,Low Risk,REWARD: early access / loyalty perks (already staying)
18068,289,1,101.69999999999999,2011-02-23 14:50:00,1,United Kingdom,289,101.69999999999999,1,1,0.9933333333333333,127.53535681939573,Low CLV,High Risk,"DO NOT INVEST: low value, unlikely to be saved profitably"
18069,26,5,2036.67,2011-01-16 15:50:00,334,United Kingdom,327,407.334,0,0,0.05333333333333334,4484.411009174311,Mid CLV,Low Risk,MONITOR: no action needed yet
18071,258,2,453.0,2010-12-09 10:33:00,23,United Kingdom,366,226.5,1,1,0.7966666666666666,559.2976198641884,Low CLV,High Risk,"DO NOT INVEST: low value, unlikely to be saved profitably"
18072,186,1,247.44,2011-06-07 10:44:00,18,United Kingdom,186,247.44,1,1,0.99,483.7536656891495,Low CLV,High Risk,"DO NOT INVEST: low value, unlikely to be saved profitably"
18073,114,12,3877.5200000000004,2011-05-26 19:38:00,23,United Kingdom,197,323.1266666666667,1,0,0.69,10269.30920326639,High CLV,High Risk,PRIORITIZE: proactive retention offer
18074,374,1,489.6,2010-12-01 09:53:00,13,United Kingdom,374,489.6,1,1,0.97,485.8481724461106,Low CLV,High Risk,"DO NOT INVEST: low value, unlikely to be saved profitably"
18075,23,10,2611.75,2010-12-14 10:48:00,97,United Kingdom,361,261.175,0,0,0.01,5209.030470914127,High CLV,Low Risk,REWARD: early access / loyalty perks (already staying)
18077,8,11,2633.0099999999998,2010-12-08 10:21:00,101,United Kingdom,367,239.36454545454544,0,0,0.03666666666666667,5165.578201634877,High CLV,Low Risk,REWARD: early access / loyalty perks (already staying)
18078,217,2,336.13,2011-03-25 15:08:00,27,United Kingdom,259,168.065,1,1,0.8266666666666667,565.170631460954,Low CLV,High Risk,"DO NOT INVEST: low value, unlikely to be saved profitably"
18079,45,4,3651.97,2011-04-15 12:14:00,99,United Kingdom,239,912.9925,0,0,0.02666666666666667,11001.750627615063,High CLV,Low Risk,REWARD: early access / loyalty perks (already staying)
18080,19,2,1231.5,2011-04-11 10:10:00,2,United Kingdom,243,615.75,0,0,0.8066666666666666,2261.7079889807164,Mid CLV,High Risk,MONITOR: no action needed yet
18081,36,3,343.45,2011-07-29 11:56:00,14,United Kingdom,134,114.48333333333333,0,0,0.043333333333333335,1845.4029850746267,Mid CLV,Low Risk,MONITOR: no action needed yet
18082,26,1,703.37,2011-11-14 12:45:00,62,United Kingdom,26,703.37,0,0,0.0033333333333333335,16880.88,High CLV,Low Risk,REWARD: early access / loyalty perks (already staying)
18084,16,1,90.47999999999999,2011-11-23 13:57:00,1,United Kingdom,16,90.47999999999999,0,0,0.03333333333333333,2171.5199999999995,Mid CLV,Low Risk,MONITOR: no action needed yet
18085,330,2,689.95,2010-12-01 12:08:00,25,United Kingdom,374,344.975,1,1,0.5233333333333333,1269.0248305459997,Low CLV,Medium Risk,MONITOR: no action needed yet
18086,274,1,101.34,2011-03-10 13:34:00,7,United Kingdom,274,101.34,1,1,1.0,133.14744525547445,Low CLV,High Risk,"DO NOT INVEST: low value, unlikely to be saved profitably"
18087,98,2,4055.7199999999993,2011-02-22 10:43:00,2,United Kingdom,291,2027.8599999999997,1,0,0.8233333333333334,6093.990567218999,High CLV,High Risk,PRIORITIZE: proactive retention offer
18088,61,1,167.67000000000002,2011-10-09 13:41:00,35,United Kingdom,61,167.67000000000002,0,0,0.0033333333333333335,1979.055737704918,Mid CLV,Low Risk,MONITOR: no action needed yet
18092,2,11,9068.26,2010-12-09 10:00:00,28,United Kingdom,366,824.3872727272727,0,0,0.006666666666666667,17839.2,High CLV,Low Risk,REWARD: early access / loyalty perks (already staying)
18093,93,4,2106.52,2011-02-10 12:15:00,31,United Kingdom,303,526.63,1,0,0.10333333333333333,5005.592079207921,High CLV,Low Risk,REWARD: early access / loyalty perks (already staying)
18094,82,7,3017.3,2011-02-21 08:50:00,39,United Kingdom,292,431.04285714285714,0,0,0.02,7439.917808219179,High CLV,Low Risk,REWARD: early access / loyalty perks (already staying)
18095,313,2,580.0500000000001,2011-01-11 12:37:00,20,United Kingdom,333,290.02500000000003,1,1,0.14666666666666667,1254.1621621621623,Low CLV,Low Risk,MONITOR: no action needed yet
18096,12,3,911.15,2011-10-07 11:55:00,157,United Kingdom,64,303.71666666666664,0,0,0.0,10250.4375,High CLV,,MONITOR: no action needed yet
18097,8,6,2697.8,2010-12-20 14:49:00,65,United Kingdom,354,449.6333333333334,0,0,0.016666666666666666,5487.050847457627,High CLV,Low Risk,REWARD: early access / loyalty perks (already staying)
18099,127,1,168.31,2011-08-04 15:52:00,19,United Kingdom,127,168.31,1,0,0.9966666666666667,478.69486213888814,Low CLV,High Risk,"DO NOT INVEST: low value, unlikely to be saved profitably"
18101,11,2,223.65,2011-07-19 13:05:00,37,United Kingdom,143,111.825,0,0,0.14,1126.06993006993,Low CLV,Low Risk,MONITOR: no action needed yet
18102,1,60,259657.3,2010-12-07 16:42:00,150,United Kingdom,367,4327.621666666667,0,2,0.0033333333333333335,509409.41689373297,High CLV,Low Risk,REWARD: early access / loyalty perks (already staying)
18104,37,1,754.64,2011-11-02 14:07:00,38,United Kingdom,37,754.64,0,0,0.0,14684.886486486485,High CLV,,MONITOR: no action needed yet
18105,38,1,113.48000000000002,2011-11-02 12:04:00,18,United Kingdom,38,113.48000000000002,0,0,0.0033333333333333335,2150.147368421053,Mid CLV,Low Risk,MONITOR: no action needed yet
18106,330,1,430.7,2011-01-14 12:23:00,33,United Kingdom,330,430.7,1,1,0.9566666666666667,491.13715552739944,Low CLV,High Risk,"DO NOT INVEST: low value, unlikely to be saved profitably"
18108,254,1,271.0,2011-03-30 13:56:00,17,United Kingdom,254,271.0,1,1,1.0,384.09448818897636,Low CLV,High Risk,"DO NOT INVEST: low value, unlikely to be saved profitably"
18109,2,26,8052.97,2010-12-05 10:58:00,119,United Kingdom,370,309.7296153846154,0,3,0.0,15670.644324324323,High CLV,,MONITOR: no action needed yet
18110,20,1,236.3,2011-11-20 12:34:00,33,United Kingdom,20,236.3,0,0,0.0,5671.200000000001,High CLV,,MONITOR: no action needed yet
18112,12,2,352.69,2011-06-26 13:56:00,26,United Kingdom,166,176.345,0,0,0.2866666666666667,1529.7397590361445,Mid CLV,Low Risk,MONITOR: no action needed yet
18113,369,1,76.32000000000001,2010-12-06 12:31:00,1,United Kingdom,369,76.32000000000001,1,1,1.0,74.45853658536586,Low CLV,High Risk,"DO NOT INVEST: low value, unlikely to be saved profitably"
18114,290,1,220.1,2011-02-22 13:20:00,28,United Kingdom,290,220.1,1,1,0.9933333333333333,275.0613283962046,Low CLV,High Risk,"DO NOT INVEST: low value, unlikely to be saved profitably"
18116,68,8,1418.03,2010-12-10 12:14:00,230,United Kingdom,365,177.25375,0,0,0.0,2797.209863013699,Mid CLV,,MONITOR: no action needed yet
18117,26,1,320.72,2011-11-14 12:47:00,68,United Kingdom,26,320.72,0,0,0.0033333333333333335,7697.280000000001,High CLV,Low Risk,REWARD: early access / loyalty perks (already staying)
18118,11,26,5653.82,2010-12-05 12:13:00,424,United Kingdom,370,217.45461538461538,0,3,0.0,11002.028108108107,High CLV,,MONITOR: no action needed yet
18119,368,1,181.12,2010-12-07 11:59:00,29,United Kingdom,368,181.12,1,1,0.99,178.97233201581025,Low CLV,High Risk,"DO NOT INVEST: low value, unlikely to be saved profitably"
18120,214,1,111.15,2011-05-09 13:45:00,17,United Kingdom,214,111.15,1,1,1.0,186.98130841121497,Low CLV,High Risk,"DO NOT INVEST: low value, unlikely to be saved profitably"
18121,149,2,673.1,2011-07-08 12:14:00,28,United Kingdom,155,336.55,1,1,0.81,1930.0358422939066,Mid CLV,High Risk,MONITOR: no action needed yet
18122,8,6,1826.21,2011-07-12 11:37:00,239,United Kingdom,151,304.36833333333334,0,0,0.0,8707.75629139073,High CLV,,MONITOR: no action needed yet
18123,24,2,589.4399999999999,2011-11-08 13:31:00,31,United Kingdom,31,294.71999999999997,0,0,0.03,13690.219354838706,High CLV,Low Risk,REWARD: early access / loyalty perks (already staying)
18125,30,4,1142.99,2011-01-27 15:02:00,164,United Kingdom,316,285.7475,0,0,0.15333333333333332,2604.281012658228,Mid CLV,Low Risk,MONITOR: no action needed yet
18126,61,1,206.82999999999998,2011-10-10 12:19:00,52,United Kingdom,61,206.82999999999998,0,0,0.0033333333333333335,2441.2721311475407,Mid CLV,Low Risk,MONITOR: no action needed yet
18127,19,3,348.73,2011-07-29 10:06:00,41,United Kingdom,134,116.24333333333334,0,0,0.16333333333333333,1873.7731343283585,Mid CLV,Low Risk,MONITOR: no action needed yet
18129,243,1,112.55000000000001,2011-04-10 14:16:00,13,United Kingdom,243,112.55000000000001,1,1,1.0,166.74074074074076,Low CLV,High Risk,"DO NOT INVEST: low value, unlikely to be saved profitably"
18130,15,3,1059.39,2011-10-13 15:58:00,58,United Kingdom,57,353.13000000000005,0,0,0.0,13381.768421052633,High CLV,,MONITOR: no action needed yet
18133,212,1,931.4999999999999,2011-05-11 14:14:00,1,United Kingdom,212,931.4999999999999,1,1,0.9966666666666667,1587.0827285921623,Mid CLV,High Risk,MONITOR: no action needed yet
18135,29,5,681.9100000000001,2011-06-02 14:04:00,11,United Kingdom,190,136.382,0,0,0.24666666666666667,2584.0800000000004,Mid CLV,Low Risk,MONITOR: no action needed yet
18136,63,3,784.33,2011-01-24 12:08:00,34,United Kingdom,320,261.4433333333333,0,0,0.5766666666666667,1530.123554913295,Mid CLV,Medium Risk,MONITOR: no action needed yet
18138,295,1,152.65,2011-02-17 14:51:00,8,United Kingdom,295,152.65,1,1,0.9966666666666667,186.90777166827274,Low CLV,High Risk,"DO NOT INVEST: low value, unlikely to be saved profitably"
18139,18,6,8438.34,2011-11-21 14:06:00,35,United Kingdom,18,1406.39,0,0,0.016666666666666666,202520.16,High CLV,Low Risk,REWARD: early access / loyalty perks (already staying)
18142,157,2,1019.52,2011-05-08 12:31:00,9,United Kingdom,216,509.76,1,1,0.85,1999.0588235294117,Mid CLV,High Risk,MONITOR: no action needed yet
18143,117,2,1000.16,2011-07-21 10:44:00,59,United Kingdom,142,500.08,1,0,0.7,3622.30985915493,Mid CLV,High Risk,MONITOR: no action needed yet
18144,8,12,2888.75,2010-12-01 13:45:00,27,United Kingdom,373,240.72916666666666,0,0,0.07,5576.139410187668,High CLV,Low Risk,REWARD: early access / loyalty perks (already staying)
18145,13,4,2861.55,2011-01-31 12:10:00,174,United Kingdom,313,715.3875,0,0,0.1,6582.479233226837,High CLV,Low Risk,REWARD: early access / loyalty perks (already staying)
18146,141,2,160.35000000000002,2011-05-03 16:35:00,10,United Kingdom,220,80.17500000000001,1,0,0.7433333333333333,352.992254382389,Low CLV,High Risk,"DO NOT INVEST: low value, unlikely to be saved profitably"
18147,46,2,179.33999999999997,2011-08-23 12:22:00,7,United Kingdom,109,89.66999999999999,0,0,0.15,1184.6311926605504,Low CLV,Low Risk,MONITOR: no action needed yet
18149,51,3,612.0799999999999,2011-03-11 12:44:00,11,United Kingdom,274,204.02666666666664,0,0,0.1,1608.385401459854,Mid CLV,Low Risk,MONITOR: no action needed yet
18150,32,3,566.58,2011-05-22 10:47:00,29,United Kingdom,202,188.86,0,0,0.056666666666666664,2019.493069306931,Mid CLV,Low Risk,MONITOR: no action needed yet
18151,135,2,653.35,2011-02-23 08:29:00,38,United Kingdom,290,326.675,1,0,0.72,1126.4655172413795,Low CLV,High Risk,"DO NOT INVEST: low value, unlikely to be saved profitably"
18154,3,2,399.19,2011-10-27 10:40:00,15,United Kingdom,44,199.595,0,0,0.006666666666666667,6532.200000000001,High CLV,Low Risk,REWARD: early access / loyalty perks (already staying)
18155,75,3,371.62,2011-02-21 10:36:00,19,United Kingdom,292,123.87333333333333,0,0,0.17333333333333334,916.323287671233,Low CLV,Low Risk,MONITOR: no action needed yet
18156,13,2,734.94,2010-12-05 12:29:00,100,United Kingdom,370,367.47,0,0,0.17666666666666667,1430.1535135135136,Low CLV,Low Risk,MONITOR: no action needed yet
18158,9,2,453.4,2011-09-12 09:03:00,24,United Kingdom,89,226.7,0,0,0.01,3667.955056179775,Mid CLV,Low Risk,MONITOR: no action needed yet
18159,301,1,530.15,2011-02-11 14:26:00,23,United Kingdom,301,530.15,1,1,1.0,634.0664451827242,Low CLV,High Risk,"DO NOT INVEST: low value, unlikely to be saved profitably"
18160,57,2,638.0600000000001,2011-05-23 13:41:00,37,United Kingdom,200,319.03000000000003,0,0,0.55,2088.1963636363635,Mid CLV,Medium Risk,MONITOR: no action needed yet
18161,15,5,1618.69,2011-01-24 11:56:00,49,United Kingdom,320,323.738,0,0,0.03,3642.0525000000007,Mid CLV,Low Risk,MONITOR: no action needed yet
18164,37,1,399.65000000000003,2011-11-02 12:56:00,24,United Kingdom,37,399.65000000000003,0,0,0.0,7776.972972972973,High CLV,,MONITOR: no action needed yet
18165,177,1,302.46000000000004,2011-06-15 13:23:00,10,United Kingdom,177,302.46000000000004,1,1,1.0,615.1728813559323,Low CLV,High Risk,"DO NOT INVEST: low value, unlikely to be saved profitably"
18167,23,3,1384.8600000000001,2011-08-26 11:40:00,24,United Kingdom,106,461.62000000000006,0,0,0.08,9406.596226415095,High CLV,Low Risk,REWARD: early access / loyalty perks (already staying)
18168,176,6,1169.94,2010-12-02 18:08:00,97,United Kingdom,372,194.99,1,1,0.6633333333333333,1706.8341708542714,Mid CLV,High Risk,MONITOR: no action needed yet
18169,61,1,202.65,2011-10-10 12:18:00,9,United Kingdom,61,202.65,0,0,0.01,2391.9344262295085,Mid CLV,Low Risk,MONITOR: no action needed yet
18170,33,3,980.31,2011-05-06 15:13:00,29,United Kingdom,217,326.77,0,0,0.07,3252.641474654378,Mid CLV,Low Risk,MONITOR: no action needed yet
18171,59,5,1231.31,2011-01-10 09:55:00,43,United Kingdom,334,246.262,0,0,0.02,2654.320958083832,Mid CLV,Low Risk,MONITOR: no action needed yet
18172,15,20,7561.68,2011-02-23 10:44:00,100,United Kingdom,290,378.084,0,3,0.006666666666666667,18773.826206896556,High CLV,Low Risk,REWARD: early access / loyalty perks (already staying)
18173,87,4,2106.84,2011-03-10 11:56:00,23,United Kingdom,275,526.71,0,0,0.06,5516.090181818183,High CLV,Low Risk,REWARD: early access / loyalty perks (already staying)
18174,7,1,104.0,2011-12-02 16:56:00,1,United Kingdom,7,104.0,0,0,0.023333333333333334,2496.0,Mid CLV,Low Risk,MONITOR: no action needed yet
18176,358,1,476.35,2010-12-16 15:45:00,30,United Kingdom,358,476.35,1,1,0.9933333333333333,482.2260132728432,Low CLV,High Risk,"DO NOT INVEST: low value, unlikely to be saved profitably"
18177,31,6,1341.42,2011-03-29 08:46:00,53,United Kingdom,256,223.57000000000002,0,0,0.10333333333333333,3772.7437500000005,Mid CLV,Low Risk,MONITOR: no action needed yet
18178,129,4,1590.81,2010-12-10 12:42:00,80,United Kingdom,365,397.7025,1,0,0.6633333333333333,2365.3538927514282,Mid CLV,High Risk,MONITOR: no action needed yet
18179,9,6,1793.17,2011-01-07 14:22:00,86,United Kingdom,336,298.8616666666667,0,0,0.013333333333333334,3842.507142857143,Mid CLV,Low Risk,MONITOR: no action needed yet
18180,5,6,1843.75,2011-07-20 08:59:00,108,United Kingdom,143,307.2916666666667,0,0,0.016666666666666666,9283.216783216783,High CLV,Low Risk,REWARD: early access / loyalty perks (already staying)
18181,24,1,382.8,2011-11-15 15:08:00,40,United Kingdom,24,382.8,0,0,0.006666666666666667,9187.2,High CLV,Low Risk,REWARD: early access / loyalty perks (already staying)
18183,227,2,632.07,2011-03-10 10:08:00,36,United Kingdom,275,316.035,1,1,0.8266666666666667,1000.9319648093842,Low CLV,High Risk,"DO NOT INVEST: low value, unlikely to be saved profitably"
18184,15,1,49.8,2011-11-24 15:28:00,1,United Kingdom,15,49.8,0,0,0.03,1195.1999999999998,Low CLV,Low Risk,MONITOR: no action needed yet
18185,249,1,304.25,2011-04-04 13:42:00,17,United Kingdom,249,304.25,1,1,1.0,439.87951807228916,Low CLV,High Risk,"DO NOT INVEST: low value, unlikely to be saved profitably"
18188,15,3,2001.04,2011-02-22 14:43:00,63,United Kingdom,290,667.0133333333333,0,0,0.22,4968.099310344827,High CLV,Low Risk,REWARD: early access / loyalty perks (already staying)
18189,78,2,1090.24,2011-03-17 09:49:00,65,United Kingdom,268,545.12,0,0,0.2966666666666667,2929.002985074627,Mid CLV,Low Risk,MONITOR: no action needed yet
18190,192,2,284.46000000000004,2011-01-13 10:35:00,14,United Kingdom,331,142.23000000000002,1,1,0.8666666666666667,356.9797815477574,Low CLV,High Risk,"DO NOT INVEST: low value, unlikely to be saved profitably"
18191,262,1,207.79999999999998,2011-03-23 12:08:00,7,United Kingdom,262,207.79999999999998,1,1,1.0,285.5267175572519,Low CLV,High Risk,"DO NOT INVEST: low value, unlikely to be saved profitably"
18192,72,1,957.97,2011-09-29 09:53:00,45,United Kingdom,72,957.97,0,0,0.0,9579.7,High CLV,,MONITOR: no action needed yet
18193,165,1,243.76,2011-06-27 13:58:00,16,United Kingdom,165,243.76,1,1,0.99,537.2121212121212,Low CLV,High Risk,"DO NOT INVEST: low value, unlikely to be saved profitably"
18194,82,1,973.8399999999999,2011-09-18 13:29:00,7,United Kingdom,82,973.8399999999999,0,0,0.006666666666666667,8550.790243902438,High CLV,Low Risk,REWARD: early access / loyalty perks (already staying)
18196,95,2,689.13,2011-02-22 16:13:00,131,United Kingdom,290,344.565,1,0,0.82,1043.2582001682085,Low CLV,High Risk,"DO NOT INVEST: low value, unlikely to be saved profitably"
18198,4,17,5425.56,2011-01-07 13:39:00,81,United Kingdom,336,319.15058823529415,0,3,0.0,11626.2,High CLV,,MONITOR: no action needed yet
18200,106,1,163.8,2011-08-25 18:45:00,29,United Kingdom,106,163.8,1,0,0.97,573.5070997860339,Low CLV,High Risk,"DO NOT INVEST: low value, unlikely to be saved profitably"
18202,200,3,1396.99,2011-02-01 13:36:00,55,United Kingdom,311,465.66333333333336,1,1,0.7933333333333333,2038.3544543219218,Mid CLV,High Risk,MONITOR: no action needed yet
18203,157,1,160.42000000000002,2011-07-05 13:07:00,19,United Kingdom,157,160.42000000000002,1,1,0.9933333333333333,370.3107767280811,Low CLV,High Risk,"DO NOT INVEST: low value, unlikely to be saved profitably"
18204,71,3,1993.7,2011-05-31 15:26:00,159,United Kingdom,192,664.5666666666667,0,0,0.10333333333333333,7476.375,High CLV,Low Risk,REWARD: early access / loyalty perks (already staying)
18205,36,2,517.36,2011-09-26 12:02:00,30,United Kingdom,75,258.68,0,0,0.0033333333333333335,4966.656000000001,High CLV,Low Risk,REWARD: early access / loyalty perks (already staying)
18209,29,1,139.10000000000002,2011-11-11 12:07:00,8,United Kingdom,29,139.10000000000002,0,0,0.006666666666666667,3338.4000000000005,Mid CLV,Low Risk,MONITOR: no action needed yet
18210,2,6,2621.38,2011-03-17 16:58:00,109,United Kingdom,267,436.8966666666667,0,0,0.023333333333333334,7068.88988764045,High CLV,Low Risk,REWARD: early access / loyalty perks (already staying)
18211,26,5,600.07,2011-03-06 12:09:00,37,United Kingdom,279,120.01400000000001,0,0,0.13,1548.567741935484,Mid CLV,Low Risk,MONITOR: no action needed yet
18212,326,1,248.42,2011-01-17 16:14:00,30,United Kingdom,326,248.42,1,1,0.9966666666666667,275.2463220961487,Low CLV,High Risk,"DO NOT INVEST: low value, unlikely to be saved profitably"
18213,237,1,232.48000000000002,2011-04-17 10:21:00,15,United Kingdom,237,232.48000000000002,1,1,1.0,353.1341772151899,Low CLV,High Risk,"DO NOT INVEST: low value, unlikely to be saved profitably"
18215,89,1,299.34000000000003,2011-09-11 16:05:00,13,United Kingdom,89,299.34000000000003,0,0,0.0033333333333333335,2421.626966292135,Mid CLV,Low Risk,MONITOR: no action needed yet
18216,31,1,481.75,2011-11-08 16:55:00,26,United Kingdom,31,481.75,0,0,0.0,11189.032258064515,High CLV,,MONITOR: no action needed yet
18217,29,2,621.75,2011-09-30 10:44:00,27,United Kingdom,71,310.875,0,0,0.01,6305.070422535211,High CLV,Low Risk,REWARD: early access / loyalty perks (already staying)
18218,211,2,662.08,2011-03-03 12:24:00,17,United Kingdom,282,331.04,1,1,0.7866666666666666,1074.4175982690228,Low CLV,High Risk,"DO NOT INVEST: low value, unlikely to be saved profitably"
18219,3,10,2069.77,2010-12-06 10:05:00,58,United Kingdom,369,206.977,0,0,0.016666666666666666,4038.575609756097,Mid CLV,Low Risk,MONITOR: no action needed yet
18220,227,1,305.28000000000003,2011-04-27 09:03:00,2,United Kingdom,227,305.28000000000003,1,1,0.9966666666666667,485.76370574455234,Low CLV,High Risk,"DO NOT INVEST: low value, unlikely to be saved profitably"
18221,22,5,1041.61,2011-05-12 14:13:00,59,United Kingdom,211,208.32199999999997,0,0,0.023333333333333334,3554.309004739336,Mid CLV,Low Risk,MONITOR: no action needed yet
18222,93,1,443.0,2011-09-08 10:45:00,19,United Kingdom,93,443.0,1,0,0.85,2017.4573055028463,Mid CLV,High Risk,MONITOR: no action needed yet
18223,5,14,6484.54,2010-12-16 16:42:00,116,United Kingdom,358,463.18142857142857,0,3,0.0,13041.532960893854,High CLV,,MONITOR: no action needed yet
18224,264,1,158.95000000000002,2011-03-21 10:30:00,10,United Kingdom,264,158.95000000000002,1,1,0.9966666666666667,217.47491638795984,Low CLV,High Risk,"DO NOT INVEST: low value, unlikely to be saved profitably"
18225,3,12,5509.12,2010-12-09 15:46:00,150,United Kingdom,365,459.0933333333333,0,0,0.01,10867.305205479453,High CLV,Low Risk,REWARD: early access / loyalty perks (already staying)
18226,44,11,5228.05,2011-01-06 09:00:00,141,United Kingdom,338,475.27727272727276,0,0,0.01,11136.674556213018,High CLV,Low Risk,REWARD: early access / loyalty perks (already staying)
18227,218,1,93.75,2011-05-06 12:23:00,5,United Kingdom,218,93.75,1,1,0.99,156.38031693077565,Low CLV,High Risk,"DO NOT INVEST: low value, unlikely to be saved profitably"
18228,57,2,779.9,2011-09-21 10:48:00,23,United Kingdom,80,389.95,0,0,0.0,7019.1,High CLV,,MONITOR: no action needed yet
18229,12,20,7276.900000000001,2010-12-01 16:25:00,66,United Kingdom,373,363.845,0,3,0.01,14046.563002680965,High CLV,Low Risk,REWARD: early access / loyalty perks (already staying)
18230,9,7,2810.2000000000003,2011-02-10 13:06:00,32,United Kingdom,302,401.4571428571429,0,0,0.013333333333333334,6699.814569536426,High CLV,Low Risk,REWARD: early access / loyalty perks (already staying)
18231,192,5,2083.27,2011-02-24 09:08:00,106,United Kingdom,289,416.654,1,1,0.5966666666666667,4349.290754093291,Mid CLV,Medium Risk,MONITOR: no action needed yet
18232,82,4,592.97,2011-05-26 16:30:00,31,United Kingdom,197,148.2425,0,0,0.11666666666666667,2167.2000000000003,Mid CLV,Low Risk,MONITOR: no action needed yet
18233,326,1,440.0,2011-01-18 08:44:00,1,United Kingdom,326,440.0,1,1,0.9766666666666667,497.4978538076592,Low CLV,High Risk,"DO NOT INVEST: low value, unlikely to be saved profitably"
18235,72,3,1796.48,2011-05-06 13:35:00,100,United Kingdom,217,598.8266666666667,0,0,0.02666666666666667,5960.670967741936,High CLV,Low Risk,REWARD: early access / loyalty perks (already staying)
18236,30,6,882.24,2011-04-13 09:52:00,42,United Kingdom,241,147.04,0,0,0.06333333333333334,2635.7377593360998,Mid CLV,Low Risk,MONITOR: no action needed yet
18237,3,5,987.1,2011-07-28 13:05:00,40,United Kingdom,134,197.42000000000002,0,0,0.02,5303.820895522388,High CLV,Low Risk,REWARD: early access / loyalty perks (already staying)
18239,219,5,1561.6100000000001,2010-12-02 17:48:00,80,United Kingdom,372,312.322,1,1,0.79,1912.9563086974272,Mid CLV,High Risk,MONITOR: no action needed yet
18240,46,1,422.58,2011-10-24 13:06:00,6,United Kingdom,46,422.58,0,0,0.006666666666666667,6614.2956521739125,High CLV,Low Risk,REWARD: early access / loyalty perks (already staying)
18241,10,17,2073.09,2011-05-06 09:22:00,60,United Kingdom,218,121.9464705882353,0,3,0.05333333333333334,6846.9027522935785,High CLV,Low Risk,REWARD: early access / loyalty perks (already staying)
18242,72,4,2232.4900000000002,2011-05-10 11:20:00,72,United Kingdom,214,558.1225000000001,0,0,0.2866666666666667,7511.1813084112155,High CLV,Low Risk,REWARD: early access / loyalty perks (already staying)
18245,7,7,2567.06,2010-12-19 14:58:00,153,United Kingdom,355,366.72285714285715,0,0,0.056666666666666664,5206.431549295774,High CLV,Low Risk,REWARD: early access / loyalty perks (already staying)
18246,24,2,596.1,2011-04-20 13:55:00,3,United Kingdom,233,298.05,0,0,0.24666666666666667,1842.0257510729616,Mid CLV,Low Risk,MONITOR: no action needed yet
18248,123,2,804.02,2011-06-06 13:18:00,39,United Kingdom,186,402.01,1,0,0.32666666666666666,3112.335483870968,Mid CLV,Medium Risk,MONITOR: no action needed yet
18249,17,1,95.34,2011-11-22 15:07:00,8,United Kingdom,17,95.34,0,0,0.006666666666666667,2288.16,Mid CLV,Low Risk,MONITOR: no action needed yet
18250,310,1,349.27,2011-02-02 13:16:00,21,United Kingdom,310,349.27,1,1,0.9966666666666667,406.96040565325274,Low CLV,High Risk,"DO NOT INVEST: low value, unlikely to be saved profitably"
18251,87,1,4314.72,2011-09-13 15:03:00,16,United Kingdom,87,4314.72,0,0,0.0033333333333333335,35708.0275862069,High CLV,Low Risk,REWARD: early access / loyalty perks (already staying)
18252,51,2,526.67,2011-06-21 11:47:00,90,United Kingdom,172,263.335,0,0,0.45,2204.6651162790695,Mid CLV,Medium Risk,MONITOR: no action needed yet
18255,89,1,103.3,2011-09-11 13:16:00,6,United Kingdom,89,103.3,0,0,0.02666666666666667,835.6853932584269,Low CLV,Low Risk,MONITOR: no action needed yet
18257,39,8,2337.63,2011-02-16 15:13:00,97,United Kingdom,296,292.20375,0,0,0.0,5686.127027027027,High CLV,,MONITOR: no action needed yet
18259,25,3,2338.6000000000004,2010-12-08 13:38:00,27,United Kingdom,366,779.5333333333334,0,0,0.10666666666666667,4600.5245901639355,Mid CLV,Low Risk,MONITOR: no action needed yet
18260,173,6,2643.2000000000003,2010-12-16 18:23:00,86,United Kingdom,358,440.53333333333336,1,1,0.01,5315.932960893855,High CLV,Low Risk,REWARD: early access / loyalty perks (already staying)
18261,43,2,324.24,2011-09-05 09:34:00,19,United Kingdom,96,162.12,0,0,0.08333333333333333,2431.8,Mid CLV,Low Risk,MONITOR: no action needed yet
18262,140,1,149.48,2011-07-22 16:04:00,13,United Kingdom,140,149.48,1,0,0.9766666666666667,393.5602145294978,Low CLV,High Risk,"DO NOT INVEST: low value, unlikely to be saved profitably"
18263,26,3,1213.1599999999999,2011-04-01 11:48:00,59,United Kingdom,253,404.3866666666666,0,0,0.1,3452.471146245059,Mid CLV,Low Risk,MONITOR: no action needed yet
18265,72,2,801.51,2011-07-04 15:26:00,44,United Kingdom,158,400.755,0,0,0.11666666666666667,3652.450632911393,Mid CLV,Low Risk,MONITOR: no action needed yet
18268,134,1,25.5,2011-07-28 19:13:00,1,United Kingdom,134,25.5,1,0,0.9866666666666667,69.4332392093586,Low CLV,High Risk,"DO NOT INVEST: low value, unlikely to be saved profitably"
18269,366,1,168.6,2010-12-08 13:53:00,7,United Kingdom,366,168.6,1,1,1.0,165.8360655737705,Low CLV,High Risk,"DO NOT INVEST: low value, unlikely to be saved profitably"
18270,38,2,283.15,2011-03-18 12:41:00,11,United Kingdom,267,141.575,0,0,0.26666666666666666,763.5505617977527,Low CLV,Low Risk,MONITOR: no action needed yet
18272,3,6,3078.58,2011-04-07 09:35:00,99,United Kingdom,247,513.0966666666667,0,0,0.06666666666666667,8973.998380566802,High CLV,Low Risk,REWARD: early access / loyalty perks (already staying)
18273,2,3,204.0,2011-03-27 11:22:00,1,United Kingdom,258,68.0,0,0,0.61,466.6412504765536,Low CLV,High Risk,"DO NOT INVEST: low value, unlikely to be saved profitably"
18274,30,1,175.92,2011-11-09 17:03:00,11,United Kingdom,30,175.92,0,0,0.0033333333333333335,4222.08,Mid CLV,Low Risk,MONITOR: no action needed yet
18276,44,1,335.86,2011-10-27 10:54:00,14,United Kingdom,44,335.86,0,0,0.0033333333333333335,5495.89090909091,High CLV,Low Risk,REWARD: early access / loyalty perks (already staying)
18277,58,1,110.38,2011-10-12 15:22:00,8,United Kingdom,58,110.38,0,0,0.0033333333333333335,1370.2344827586207,Low CLV,Low Risk,MONITOR: no action needed yet
18278,74,1,173.9,2011-09-27 11:58:00,9,United Kingdom,74,173.9,0,0,0.0,1692.0,Mid CLV,,MONITOR: no action needed yet
18280,278,1,180.60000000000002,2011-03-07 09:52:00,10,United Kingdom,278,180.60000000000002,1,1,0.9966666666666667,234.65267919443707,Low CLV,High Risk,"DO NOT INVEST: low value, unlikely to be saved profitably"
18281,181,1,80.82,2011-06-12 10:53:00,7,United Kingdom,181,80.82,1,1,0.99,162.3706680060271,Low CLV,High Risk,"DO NOT INVEST: low value, unlikely to be saved profitably"
18282,8,2,178.05,2011-08-05 13:35:00,12,United Kingdom,126,89.025,0,0,0.12333333333333334,1017.4285714285716,Low CLV,Low Risk,MONITOR: no action needed yet
18283,4,16,2094.88,2011-01-06 14:14:00,263,United Kingdom,337,130.93,0,3,0.006666666666666667,4475.7080118694375,Mid CLV,Low Risk,MONITOR: no action needed yet
18287,43,3,1837.28,2011-05-22 10:39:00,59,United Kingdom,202,612.4266666666666,0,0,0.016666666666666666,6548.720792079208,High CLV,Low Risk,REWARD: early access / loyalty perks (already staying)
